product_id,srp,promo_price,currency,promo_start_at,promo_end_at,is_current,updated_at
10000,35110,26335,PHP,,,true,2026-07-14T06:10:45
10001,19320,14490,PHP,,,true,2026-07-14T06:10:45
10002,22350,16765,PHP,,,true,2026-07-14T06:10:45
10003,43950,32965,PHP,,,true,2026-07-14T06:10:45
10004,7330,5500,PHP,,,true,2026-07-14T06:10:45
10006,10290,8340,PHP,,,true,2026-07-14T06:10:45
10007,10615,8605,PHP,,,true,2026-07-14T06:10:45
10008,13650,11065,PHP,,,true,2026-07-14T06:10:45
10009,13865,11240,PHP,,,true,2026-07-14T06:10:45
10010,13975,11330,PHP,,,true,2026-07-14T06:10:45
10011,14950,12120,PHP,,,true,2026-07-14T06:10:45
10012,14950,12120,PHP,,,true,2026-07-14T06:10:45
10013,18125,14695,PHP,,,true,2026-07-14T06:10:45
10014,23875,19355,PHP,,,true,2026-07-14T06:10:45
10015,28625,23205,PHP,,,true,2026-07-14T06:10:45
10016,28875,23410,PHP,,,true,2026-07-14T06:10:45
10017,22375,18140,PHP,,,true,2026-07-14T06:10:45
10018,29750,24120,PHP,,,true,2026-07-14T06:10:45
10019,15625,12665,PHP,,,true,2026-07-14T06:10:45
10020,36000,29185,PHP,,,true,2026-07-14T06:10:45
10021,31125,25235,PHP,,,true,2026-07-14T06:10:45
10022,32375,26250,PHP,,,true,2026-07-14T06:10:45
10023,34875,28275,PHP,,,true,2026-07-14T06:10:45
10024,23000,17250,PHP,,,true,2026-07-14T06:10:45
10027,9785,7340,PHP,,,true,2026-07-14T06:10:45
10029,4350,3265,PHP,,,true,2026-07-14T06:10:45
10031,29720,28720,PHP,,,true,2026-07-14T06:10:45
10032,15160,14160,PHP,,,true,2026-07-14T06:10:45
10039,4405,3305,PHP,,,true,2026-07-14T06:10:45
10040,19285,14465,PHP,,,true,2026-07-14T06:10:45
10041,9420,7065,PHP,,,true,2026-07-14T06:10:45
1011,15950,14950,PHP,,,true,2026-07-14T06:10:45
1014,10315,9315,PHP,,,true,2026-07-14T06:10:45
10221,9725,7295,PHP,,,true,2026-07-14T06:10:45
10222,4665,3500,PHP,,,true,2026-07-14T06:10:45
10223,4705,3530,PHP,,,true,2026-07-14T06:10:45
10234,9630,7225,PHP,,,true,2026-07-14T06:10:45
10239,8145,6110,PHP,,,true,2026-07-14T06:10:45
10241,5200,3900,PHP,,,true,2026-07-14T06:10:45
10242,6085,4565,PHP,,,true,2026-07-14T06:10:45
10243,6550,4915,PHP,,,true,2026-07-14T06:10:45
10244,8260,6195,PHP,,,true,2026-07-14T06:10:45
10271,3305,2480,PHP,,,true,2026-07-14T06:10:45
10272,3660,2745,PHP,,,true,2026-07-14T06:10:45
10273,3805,2855,PHP,,,true,2026-07-14T06:10:45
10274,4310,3235,PHP,,,true,2026-07-14T06:10:45
10275,3740,2805,PHP,,,true,2026-07-14T06:10:45
10276,4310,3235,PHP,,,true,2026-07-14T06:10:45
10278,4050,3040,PHP,,,true,2026-07-14T06:10:45
10279,4410,3310,PHP,,,true,2026-07-14T06:10:45
10281,4925,3695,PHP,,,true,2026-07-14T06:10:45
10285,4985,3740,PHP,,,true,2026-07-14T06:10:45
10290,3410,2560,PHP,,,true,2026-07-14T06:10:45
10291,5200,3900,PHP,,,true,2026-07-14T06:10:45
10293,5305,3980,PHP,,,true,2026-07-14T06:10:45
10301,6685,5015,PHP,,,true,2026-07-14T06:10:45
10302,8200,6150,PHP,,,true,2026-07-14T06:10:45
10304,8105,6080,PHP,,,true,2026-07-14T06:10:45
10305,9185,6890,PHP,,,true,2026-07-14T06:10:45
10318,10985,8240,PHP,,,true,2026-07-14T06:10:45
10340,10490,7870,PHP,,,true,2026-07-14T06:10:45
10347,13330,10000,PHP,,,true,2026-07-14T06:10:45
10349,8900,6675,PHP,,,true,2026-07-14T06:10:45
10351,4350,3265,PHP,,,true,2026-07-14T06:10:45
10361,9405,7055,PHP,,,true,2026-07-14T06:10:45
10363,6660,4995,PHP,,,true,2026-07-14T06:10:45
10364,7065,5300,PHP,,,true,2026-07-14T06:10:45
10365,7805,5855,PHP,,,true,2026-07-14T06:10:45
10366,3945,2960,PHP,,,true,2026-07-14T06:10:45
10367,4650,3490,PHP,,,true,2026-07-14T06:10:45
10368,4600,3450,PHP,,,true,2026-07-14T06:10:45
1038,15950,14950,PHP,,,true,2026-07-14T06:10:45
10382,3330,2500,PHP,,,true,2026-07-14T06:10:45
10383,3190,2395,PHP,,,true,2026-07-14T06:10:45
10384,3680,2760,PHP,,,true,2026-07-14T06:10:45
10385,3680,2760,PHP,,,true,2026-07-14T06:10:45
10386,4090,3070,PHP,,,true,2026-07-14T06:10:45
10387,3810,2860,PHP,,,true,2026-07-14T06:10:45
10388,3810,2860,PHP,,,true,2026-07-14T06:10:45
10389,3680,2760,PHP,,,true,2026-07-14T06:10:45
10390,4090,3070,PHP,,,true,2026-07-14T06:10:45
10392,3885,2915,PHP,,,true,2026-07-14T06:10:45
10393,4300,3225,PHP,,,true,2026-07-14T06:10:45
10394,4785,3590,PHP,,,true,2026-07-14T06:10:45
10395,4440,3330,PHP,,,true,2026-07-14T06:10:45
10396,4580,3435,PHP,,,true,2026-07-14T06:10:45
10397,4370,3280,PHP,,,true,2026-07-14T06:10:45
10398,4580,3435,PHP,,,true,2026-07-14T06:10:45
10399,4440,3330,PHP,,,true,2026-07-14T06:10:45
10400,4580,3435,PHP,,,true,2026-07-14T06:10:45
10401,4785,3590,PHP,,,true,2026-07-14T06:10:45
10402,5000,3750,PHP,,,true,2026-07-14T06:10:45
10403,5000,3750,PHP,,,true,2026-07-14T06:10:45
10404,5270,3955,PHP,,,true,2026-07-14T06:10:45
10405,4720,3540,PHP,,,true,2026-07-14T06:10:45
10406,5000,3750,PHP,,,true,2026-07-14T06:10:45
10407,5205,3905,PHP,,,true,2026-07-14T06:10:45
10408,5205,3905,PHP,,,true,2026-07-14T06:10:45
10409,5550,4165,PHP,,,true,2026-07-14T06:10:45
10410,5480,4110,PHP,,,true,2026-07-14T06:10:45
10411,5760,4320,PHP,,,true,2026-07-14T06:10:45
10412,6040,4530,PHP,,,true,2026-07-14T06:10:45
10413,6665,5000,PHP,,,true,2026-07-14T06:10:45
10414,6105,4580,PHP,,,true,2026-07-14T06:10:45
10415,6665,5000,PHP,,,true,2026-07-14T06:10:45
10416,7770,5830,PHP,,,true,2026-07-14T06:10:45
10417,7920,5940,PHP,,,true,2026-07-14T06:10:45
10418,7080,5310,PHP,,,true,2026-07-14T06:10:45
10419,5410,4060,PHP,,,true,2026-07-14T06:10:45
10420,5965,4475,PHP,,,true,2026-07-14T06:10:45
10421,6940,5205,PHP,,,true,2026-07-14T06:10:45
10422,7220,5415,PHP,,,true,2026-07-14T06:10:45
10423,7145,5360,PHP,,,true,2026-07-14T06:10:45
10424,8665,6500,PHP,,,true,2026-07-14T06:10:45
10425,8810,6610,PHP,,,true,2026-07-14T06:10:45
10427,9470,7105,PHP,,,true,2026-07-14T06:10:45
10428,6800,5100,PHP,,,true,2026-07-14T06:10:45
10429,7360,5520,PHP,,,true,2026-07-14T06:10:45
10430,7565,5675,PHP,,,true,2026-07-14T06:10:45
10431,7705,5780,PHP,,,true,2026-07-14T06:10:45
10432,7910,5935,PHP,,,true,2026-07-14T06:10:45
10433,11225,8420,PHP,,,true,2026-07-14T06:10:45
10434,9470,7105,PHP,,,true,2026-07-14T06:10:45
10435,11310,8485,PHP,,,true,2026-07-14T06:10:45
10436,13470,10105,PHP,,,true,2026-07-14T06:10:45
10437,8840,6630,PHP,,,true,2026-07-14T06:10:45
10438,8330,6250,PHP,,,true,2026-07-14T06:10:45
10439,8605,6455,PHP,,,true,2026-07-14T06:10:45
10441,9540,7155,PHP,,,true,2026-07-14T06:10:45
10442,9665,7250,PHP,,,true,2026-07-14T06:10:45
10443,11785,8840,PHP,,,true,2026-07-14T06:10:45
10444,10260,7695,PHP,,,true,2026-07-14T06:10:45
10445,11645,8735,PHP,,,true,2026-07-14T06:10:45
10446,12205,9155,PHP,,,true,2026-07-14T06:10:45
10447,12765,9575,PHP,,,true,2026-07-14T06:10:45
10448,12765,9575,PHP,,,true,2026-07-14T06:10:45
10449,13540,10155,PHP,,,true,2026-07-14T06:10:45
1045,25640,24640,PHP,,,true,2026-07-14T06:10:45
10450,14170,10630,PHP,,,true,2026-07-14T06:10:45
10452,14310,10735,PHP,,,true,2026-07-14T06:10:45
10453,14310,10735,PHP,,,true,2026-07-14T06:10:45
10454,12625,9470,PHP,,,true,2026-07-14T06:10:45
10455,12625,9470,PHP,,,true,2026-07-14T06:10:45
10456,13185,9890,PHP,,,true,2026-07-14T06:10:45
10457,9405,7055,PHP,,,true,2026-07-14T06:10:45
10458,13750,10315,PHP,,,true,2026-07-14T06:10:45
10459,14170,10630,PHP,,,true,2026-07-14T06:10:45
10460,15430,11575,PHP,,,true,2026-07-14T06:10:45
10461,14730,11050,PHP,,,true,2026-07-14T06:10:45
10462,9090,6820,PHP,,,true,2026-07-14T06:10:45
10465,8880,6660,PHP,,,true,2026-07-14T06:10:45
10467,9930,7450,PHP,,,true,2026-07-14T06:10:45
10468,11365,8525,PHP,,,true,2026-07-14T06:10:45
10469,10000,7500,PHP,,,true,2026-07-14T06:10:45
10470,10785,8090,PHP,,,true,2026-07-14T06:10:45
10471,12500,9375,PHP,,,true,2026-07-14T06:10:45
10472,10260,7695,PHP,,,true,2026-07-14T06:10:45
10473,11045,8285,PHP,,,true,2026-07-14T06:10:45
10474,11445,8585,PHP,,,true,2026-07-14T06:10:45
10475,5130,3850,PHP,,,true,2026-07-14T06:10:45
10476,5760,4320,PHP,,,true,2026-07-14T06:10:45
10477,6310,4735,PHP,,,true,2026-07-14T06:10:45
10478,6525,4895,PHP,,,true,2026-07-14T06:10:45
10479,6525,4895,PHP,,,true,2026-07-14T06:10:45
10480,6940,5205,PHP,,,true,2026-07-14T06:10:45
10481,7770,5830,PHP,,,true,2026-07-14T06:10:45
10482,7080,5310,PHP,,,true,2026-07-14T06:10:45
10484,7425,5570,PHP,,,true,2026-07-14T06:10:45
10485,10390,7795,PHP,,,true,2026-07-14T06:10:45
10486,9025,6770,PHP,,,true,2026-07-14T06:10:45
1049,20545,19545,PHP,,,true,2026-07-14T06:10:45
1054,22970,21970,PHP,,,true,2026-07-14T06:10:45
10571,23100,17325,PHP,,,true,2026-07-14T06:10:45
10572,23810,17860,PHP,,,true,2026-07-14T06:10:45
10574,21990,16495,PHP,,,true,2026-07-14T06:10:45
10577,22750,17065,PHP,,,true,2026-07-14T06:10:45
10578,23560,17670,PHP,,,true,2026-07-14T06:10:45
10582,27805,20855,PHP,,,true,2026-07-14T06:10:45
10583,21105,15830,PHP,,,true,2026-07-14T06:10:45
10585,22120,16590,PHP,,,true,2026-07-14T06:10:45
10586,29540,22155,PHP,,,true,2026-07-14T06:10:45
10588,27470,20605,PHP,,,true,2026-07-14T06:10:45
10590,27100,20325,PHP,,,true,2026-07-14T06:10:45
10592,23020,17265,PHP,,,true,2026-07-14T06:10:45
10593,25485,19115,PHP,,,true,2026-07-14T06:10:45
10597,27880,20910,PHP,,,true,2026-07-14T06:10:45
10598,28190,21145,PHP,,,true,2026-07-14T06:10:45
10600,31265,23450,PHP,,,true,2026-07-14T06:10:45
10601,33360,25020,PHP,,,true,2026-07-14T06:10:45
10602,35120,26340,PHP,,,true,2026-07-14T06:10:45
10603,10315,9315,PHP,,,true,2026-07-14T06:10:45
10605,19595,18595,PHP,,,true,2026-07-14T06:10:45
10606,8525,7525,PHP,,,true,2026-07-14T06:10:45
10607,13860,12860,PHP,,,true,2026-07-14T06:10:45
10608,11450,10450,PHP,,,true,2026-07-14T06:10:45
10610,10225,9225,PHP,,,true,2026-07-14T06:10:45
10613,18790,17790,PHP,,,true,2026-07-14T06:10:45
10614,6470,5470,PHP,,,true,2026-07-14T06:10:45
10618,36565,35565,PHP,,,true,2026-07-14T06:10:45
10628,3205,2405,PHP,,,true,2026-07-14T06:10:45
10629,4740,3555,PHP,,,true,2026-07-14T06:10:45
1063,15960,11970,PHP,,,true,2026-07-14T06:10:45
10632,21450,20450,PHP,,,true,2026-07-14T06:10:45
10634,45540,44540,PHP,,,true,2026-07-14T06:10:45
10635,36565,35565,PHP,,,true,2026-07-14T06:10:45
10636,42660,41660,PHP,,,true,2026-07-14T06:10:45
10660,12705,11705,PHP,,,true,2026-07-14T06:10:45
10661,14140,13140,PHP,,,true,2026-07-14T06:10:45
10671,21000,20000,PHP,,,true,2026-07-14T06:10:45
1068,19595,18595,PHP,,,true,2026-07-14T06:10:45
10687,44210,43210,PHP,,,true,2026-07-14T06:10:45
10688,30680,29680,PHP,,,true,2026-07-14T06:10:45
10690,24130,23130,PHP,,,true,2026-07-14T06:10:45
10709,15430,11575,PHP,,,true,2026-07-14T06:10:45
10710,15900,11925,PHP,,,true,2026-07-14T06:10:45
10712,17465,13100,PHP,,,true,2026-07-14T06:10:45
10714,20520,15390,PHP,,,true,2026-07-14T06:10:45
10723,25270,18955,PHP,,,true,2026-07-14T06:10:45
10724,4280,3210,PHP,,,true,2026-07-14T06:10:45
10728,8410,6310,PHP,,,true,2026-07-14T06:10:45
10729,8880,6660,PHP,,,true,2026-07-14T06:10:45
10734,7350,5515,PHP,,,true,2026-07-14T06:10:45
10735,7565,5675,PHP,,,true,2026-07-14T06:10:45
10737,7950,5965,PHP,,,true,2026-07-14T06:10:45
10738,8525,6395,PHP,,,true,2026-07-14T06:10:45
10741,9020,6765,PHP,,,true,2026-07-14T06:10:45
10743,8640,6480,PHP,,,true,2026-07-14T06:10:45
10754,9345,7010,PHP,,,true,2026-07-14T06:10:45
10756,23160,17370,PHP,,,true,2026-07-14T06:10:45
10759,26405,19805,PHP,,,true,2026-07-14T06:10:45
10760,31045,23285,PHP,,,true,2026-07-14T06:10:45
10763,26360,19770,PHP,,,true,2026-07-14T06:10:45
10767,25000,18750,PHP,,,true,2026-07-14T06:10:45
10768,13780,12780,PHP,,,true,2026-07-14T06:10:45
10771,9170,6880,PHP,,,true,2026-07-14T06:10:45
10772,11225,8420,PHP,,,true,2026-07-14T06:10:45
10773,9420,7065,PHP,,,true,2026-07-14T06:10:45
10774,9300,6975,PHP,,,true,2026-07-14T06:10:45
10775,8110,,PHP,,,true,2026-07-14T06:10:45
10794,10405,7805,PHP,,,true,2026-07-14T06:10:45
10795,13610,10210,PHP,,,true,2026-07-14T06:10:45
10796,15840,11880,PHP,,,true,2026-07-14T06:10:45
10797,15970,11980,PHP,,,true,2026-07-14T06:10:45
10799,20325,15245,PHP,,,true,2026-07-14T06:10:45
10800,19725,14795,PHP,,,true,2026-07-14T06:10:45
10801,16845,12635,PHP,,,true,2026-07-14T06:10:45
10802,21850,16390,PHP,,,true,2026-07-14T06:10:45
10803,18050,13540,PHP,,,true,2026-07-14T06:10:45
10804,25245,18935,PHP,,,true,2026-07-14T06:10:45
10805,14090,10570,PHP,,,true,2026-07-14T06:10:45
10806,18420,13815,PHP,,,true,2026-07-14T06:10:45
10807,11940,8955,PHP,,,true,2026-07-14T06:10:45
10808,11205,8405,PHP,,,true,2026-07-14T06:10:45
10809,9065,6800,PHP,,,true,2026-07-14T06:10:45
10810,17705,13280,PHP,,,true,2026-07-14T06:10:45
10811,19550,14665,PHP,,,true,2026-07-14T06:10:45
10812,13610,10210,PHP,,,true,2026-07-14T06:10:45
10814,16785,12590,PHP,,,true,2026-07-14T06:10:45
10815,22580,16935,PHP,,,true,2026-07-14T06:10:45
10816,18630,13975,PHP,,,true,2026-07-14T06:10:45
10817,25100,18825,PHP,,,true,2026-07-14T06:10:45
10818,32030,24025,PHP,,,true,2026-07-14T06:10:45
10819,33140,24855,PHP,,,true,2026-07-14T06:10:45
10820,29060,21795,PHP,,,true,2026-07-14T06:10:45
10821,27805,20855,PHP,,,true,2026-07-14T06:10:45
10822,32030,24025,PHP,,,true,2026-07-14T06:10:45
10824,36005,27005,PHP,,,true,2026-07-14T06:10:45
10825,38440,28830,PHP,,,true,2026-07-14T06:10:45
10826,30985,23240,PHP,,,true,2026-07-14T06:10:45
10827,38440,28830,PHP,,,true,2026-07-14T06:10:45
10828,9900,7425,PHP,,,true,2026-07-14T06:10:45
10829,7680,5760,PHP,,,true,2026-07-14T06:10:45
1083,23695,22695,PHP,,,true,2026-07-14T06:10:45
10830,11645,8735,PHP,,,true,2026-07-14T06:10:45
10831,4225,3170,PHP,,,true,2026-07-14T06:10:45
10834,16010,12010,PHP,,,true,2026-07-14T06:10:45
10836,15650,11740,PHP,,,true,2026-07-14T06:10:45
10838,5820,4365,PHP,,,true,2026-07-14T06:10:45
10839,6850,5140,PHP,,,true,2026-07-14T06:10:45
10840,7910,5935,PHP,,,true,2026-07-14T06:10:45
10841,8280,6210,PHP,,,true,2026-07-14T06:10:45
10843,7480,5610,PHP,,,true,2026-07-14T06:10:45
10844,8030,6025,PHP,,,true,2026-07-14T06:10:45
10845,8830,6625,PHP,,,true,2026-07-14T06:10:45
10846,13830,10375,PHP,,,true,2026-07-14T06:10:45
10847,13100,9825,PHP,,,true,2026-07-14T06:10:45
10848,16740,12555,PHP,,,true,2026-07-14T06:10:45
10849,5190,3895,PHP,,,true,2026-07-14T06:10:45
10851,11205,8405,PHP,,,true,2026-07-14T06:10:45
10852,9900,7425,PHP,,,true,2026-07-14T06:10:45
10853,12005,9005,PHP,,,true,2026-07-14T06:10:45
10854,13100,9825,PHP,,,true,2026-07-14T06:10:45
10855,12370,9280,PHP,,,true,2026-07-14T06:10:45
10856,21140,15855,PHP,,,true,2026-07-14T06:10:45
10860,14730,11050,PHP,,,true,2026-07-14T06:10:45
10861,12005,9005,PHP,,,true,2026-07-14T06:10:45
10862,15940,11955,PHP,,,true,2026-07-14T06:10:45
10865,26740,20055,PHP,,,true,2026-07-14T06:10:45
10867,11040,8280,PHP,,,true,2026-07-14T06:10:45
10868,9190,6895,PHP,,,true,2026-07-14T06:10:45
10869,15845,11885,PHP,,,true,2026-07-14T06:10:45
1087,16490,15490,PHP,,,true,2026-07-14T06:10:45
10872,18240,13680,PHP,,,true,2026-07-14T06:10:45
10888,14290,10720,PHP,,,true,2026-07-14T06:10:45
1089,22970,21970,PHP,,,true,2026-07-14T06:10:45
10897,27425,20570,PHP,,,true,2026-07-14T06:10:45
10903,11380,8535,PHP,,,true,2026-07-14T06:10:45
10937,39690,29770,PHP,,,true,2026-07-14T06:10:45
10943,61800,46350,PHP,,,true,2026-07-14T06:10:45
10944,4485,3365,PHP,,,true,2026-07-14T06:10:45
10948,13720,12720,PHP,,,true,2026-07-14T06:10:45
1095,23175,22175,PHP,,,true,2026-07-14T06:10:45
10951,4640,3480,PHP,,,true,2026-07-14T06:10:45
10952,4510,3385,PHP,,,true,2026-07-14T06:10:45
10953,4710,3535,PHP,,,true,2026-07-14T06:10:45
10955,5780,4335,PHP,,,true,2026-07-14T06:10:45
10956,4810,3610,PHP,,,true,2026-07-14T06:10:45
10957,4710,3535,PHP,,,true,2026-07-14T06:10:45
10960,7080,5310,PHP,,,true,2026-07-14T06:10:45
10966,5045,3785,PHP,,,true,2026-07-14T06:10:45
10968,9745,7310,PHP,,,true,2026-07-14T06:10:45
10969,12280,9210,PHP,,,true,2026-07-14T06:10:45
10970,5500,4125,PHP,,,true,2026-07-14T06:10:45
10971,7805,5855,PHP,,,true,2026-07-14T06:10:45
11017,10185,7640,PHP,,,true,2026-07-14T06:10:45
11026,7190,5395,PHP,,,true,2026-07-14T06:10:45
11039,22940,17205,PHP,,,true,2026-07-14T06:10:45
11047,37520,28140,PHP,,,true,2026-07-14T06:10:45
11052,2510,1885,PHP,,,true,2026-07-14T06:10:45
11054,2825,2120,PHP,,,true,2026-07-14T06:10:45
11057,3090,2320,PHP,,,true,2026-07-14T06:10:45
11059,4550,3415,PHP,,,true,2026-07-14T06:10:45
11060,3060,2295,PHP,,,true,2026-07-14T06:10:45
11062,3705,2780,PHP,,,true,2026-07-14T06:10:45
11064,4725,3545,PHP,,,true,2026-07-14T06:10:45
11066,3530,2650,PHP,,,true,2026-07-14T06:10:45
11067,7505,5630,PHP,,,true,2026-07-14T06:10:45
11070,4390,3295,PHP,,,true,2026-07-14T06:10:45
11071,7825,5870,PHP,,,true,2026-07-14T06:10:45
11072,4970,3730,PHP,,,true,2026-07-14T06:10:45
11073,4970,3730,PHP,,,true,2026-07-14T06:10:45
11074,5045,3785,PHP,,,true,2026-07-14T06:10:45
11075,5045,3785,PHP,,,true,2026-07-14T06:10:45
11076,5360,4020,PHP,,,true,2026-07-14T06:10:45
11080,10240,7680,PHP,,,true,2026-07-14T06:10:45
11081,9665,7250,PHP,,,true,2026-07-14T06:10:45
11082,11365,8525,PHP,,,true,2026-07-14T06:10:45
11083,9610,7210,PHP,,,true,2026-07-14T06:10:45
11084,10240,7680,PHP,,,true,2026-07-14T06:10:45
11085,10310,7735,PHP,,,true,2026-07-14T06:10:45
11086,10805,8105,PHP,,,true,2026-07-14T06:10:45
11087,11365,8525,PHP,,,true,2026-07-14T06:10:45
11088,11785,8840,PHP,,,true,2026-07-14T06:10:45
11089,11785,8840,PHP,,,true,2026-07-14T06:10:45
11090,12065,9050,PHP,,,true,2026-07-14T06:10:45
11091,12420,9315,PHP,,,true,2026-07-14T06:10:45
11092,12905,9680,PHP,,,true,2026-07-14T06:10:45
11093,13120,9840,PHP,,,true,2026-07-14T06:10:45
11094,13260,9945,PHP,,,true,2026-07-14T06:10:45
11095,13540,10155,PHP,,,true,2026-07-14T06:10:45
11096,13680,10260,PHP,,,true,2026-07-14T06:10:45
11097,13960,10470,PHP,,,true,2026-07-14T06:10:45
11098,15570,11680,PHP,,,true,2026-07-14T06:10:45
11099,16420,12315,PHP,,,true,2026-07-14T06:10:45
11100,10945,8210,PHP,,,true,2026-07-14T06:10:45
11101,11505,8630,PHP,,,true,2026-07-14T06:10:45
11102,13680,10260,PHP,,,true,2026-07-14T06:10:45
11103,3810,2860,PHP,,,true,2026-07-14T06:10:45
11104,4025,3020,PHP,,,true,2026-07-14T06:10:45
11105,4145,3110,PHP,,,true,2026-07-14T06:10:45
11106,4345,3260,PHP,,,true,2026-07-14T06:10:45
11107,4500,3375,PHP,,,true,2026-07-14T06:10:45
11108,4590,3445,PHP,,,true,2026-07-14T06:10:45
11109,4890,3670,PHP,,,true,2026-07-14T06:10:45
11110,4980,3735,PHP,,,true,2026-07-14T06:10:45
11111,5070,3805,PHP,,,true,2026-07-14T06:10:45
11112,5240,3930,PHP,,,true,2026-07-14T06:10:45
11113,6590,4945,PHP,,,true,2026-07-14T06:10:45
11114,6750,5065,PHP,,,true,2026-07-14T06:10:45
11115,6585,4940,PHP,,,true,2026-07-14T06:10:45
11116,6310,4735,PHP,,,true,2026-07-14T06:10:45
11117,6150,4615,PHP,,,true,2026-07-14T06:10:45
11118,6885,5165,PHP,,,true,2026-07-14T06:10:45
11119,5265,3950,PHP,,,true,2026-07-14T06:10:45
1112,18925,17925,PHP,,,true,2026-07-14T06:10:45
11120,6320,4740,PHP,,,true,2026-07-14T06:10:45
11123,6790,5095,PHP,,,true,2026-07-14T06:10:45
11124,6765,5075,PHP,,,true,2026-07-14T06:10:45
11125,6585,4940,PHP,,,true,2026-07-14T06:10:45
11126,8480,6360,PHP,,,true,2026-07-14T06:10:45
11127,8480,6360,PHP,,,true,2026-07-14T06:10:45
11128,5725,4295,PHP,,,true,2026-07-14T06:10:45
11129,8310,6235,PHP,,,true,2026-07-14T06:10:45
11130,13945,10460,PHP,,,true,2026-07-14T06:10:45
11131,8910,6685,PHP,,,true,2026-07-14T06:10:45
11132,8305,6230,PHP,,,true,2026-07-14T06:10:45
11133,9085,6815,PHP,,,true,2026-07-14T06:10:45
11134,8230,6175,PHP,,,true,2026-07-14T06:10:45
11135,9705,7280,PHP,,,true,2026-07-14T06:10:45
11136,10400,7800,PHP,,,true,2026-07-14T06:10:45
11137,9205,6905,PHP,,,true,2026-07-14T06:10:45
11138,8885,6665,PHP,,,true,2026-07-14T06:10:45
11139,15260,11445,PHP,,,true,2026-07-14T06:10:45
11140,18530,13900,PHP,,,true,2026-07-14T06:10:45
11141,16665,12500,PHP,,,true,2026-07-14T06:10:45
11142,17540,13155,PHP,,,true,2026-07-14T06:10:45
11143,15890,11920,PHP,,,true,2026-07-14T06:10:45
11144,23680,17760,PHP,,,true,2026-07-14T06:10:45
11145,25645,19235,PHP,,,true,2026-07-14T06:10:45
11146,22200,16650,PHP,,,true,2026-07-14T06:10:45
11147,23480,18680,PHP,,,true,2026-07-14T06:10:45
11151,15365,14365,PHP,,,true,2026-07-14T06:10:45
11152,40350,30265,PHP,,,true,2026-07-14T06:10:45
11153,62765,47075,PHP,,,true,2026-07-14T06:10:45
11154,31810,23860,PHP,,,true,2026-07-14T06:10:45
11155,45665,34250,PHP,,,true,2026-07-14T06:10:45
11156,39445,29585,PHP,,,true,2026-07-14T06:10:45
11157,28690,21520,PHP,,,true,2026-07-14T06:10:45
11158,32225,24170,PHP,,,true,2026-07-14T06:10:45
11160,31985,23990,PHP,,,true,2026-07-14T06:10:45
11161,30260,22695,PHP,,,true,2026-07-14T06:10:45
11162,21485,16115,PHP,,,true,2026-07-14T06:10:45
11163,17240,12930,PHP,,,true,2026-07-14T06:10:45
11164,11400,8550,PHP,,,true,2026-07-14T06:10:45
11165,12260,9195,PHP,,,true,2026-07-14T06:10:45
11166,16300,12225,PHP,,,true,2026-07-14T06:10:45
11167,14200,10650,PHP,,,true,2026-07-14T06:10:45
11168,16460,12345,PHP,,,true,2026-07-14T06:10:45
11169,14745,11060,PHP,,,true,2026-07-14T06:10:45
11170,17970,13480,PHP,,,true,2026-07-14T06:10:45
11171,16005,12005,PHP,,,true,2026-07-14T06:10:45
11172,16325,12245,PHP,,,true,2026-07-14T06:10:45
11173,15585,11690,PHP,,,true,2026-07-14T06:10:45
11174,18140,13605,PHP,,,true,2026-07-14T06:10:45
11175,17625,13220,PHP,,,true,2026-07-14T06:10:45
11176,20580,15435,PHP,,,true,2026-07-14T06:10:45
11177,28860,21645,PHP,,,true,2026-07-14T06:10:45
11178,18565,13925,PHP,,,true,2026-07-14T06:10:45
11179,19190,14395,PHP,,,true,2026-07-14T06:10:45
11180,21670,16255,PHP,,,true,2026-07-14T06:10:45
11181,25580,19185,PHP,,,true,2026-07-14T06:10:45
11182,17350,13015,PHP,,,true,2026-07-14T06:10:45
11183,19390,14545,PHP,,,true,2026-07-14T06:10:45
11184,20020,15015,PHP,,,true,2026-07-14T06:10:45
11185,32245,24185,PHP,,,true,2026-07-14T06:10:45
11186,18930,14200,PHP,,,true,2026-07-14T06:10:45
11187,20580,15435,PHP,,,true,2026-07-14T06:10:45
11188,20380,15285,PHP,,,true,2026-07-14T06:10:45
11189,24185,18140,PHP,,,true,2026-07-14T06:10:45
11190,26425,19820,PHP,,,true,2026-07-14T06:10:45
11191,28750,21565,PHP,,,true,2026-07-14T06:10:45
11192,28545,21410,PHP,,,true,2026-07-14T06:10:45
11193,26220,19665,PHP,,,true,2026-07-14T06:10:45
11194,21040,15780,PHP,,,true,2026-07-14T06:10:45
11195,24145,18110,PHP,,,true,2026-07-14T06:10:45
11196,30880,23160,PHP,,,true,2026-07-14T06:10:45
11197,32470,24355,PHP,,,true,2026-07-14T06:10:45
11198,30050,22540,PHP,,,true,2026-07-14T06:10:45
11201,8365,7365,PHP,,,true,2026-07-14T06:10:45
11203,11380,10380,PHP,,,true,2026-07-14T06:10:45
11204,11465,10465,PHP,,,true,2026-07-14T06:10:45
11206,11465,10465,PHP,,,true,2026-07-14T06:10:45
11207,12580,11580,PHP,,,true,2026-07-14T06:10:45
11208,10090,9090,PHP,,,true,2026-07-14T06:10:45
11209,10680,9680,PHP,,,true,2026-07-14T06:10:45
11210,11930,10930,PHP,,,true,2026-07-14T06:10:45
11212,13155,12155,PHP,,,true,2026-07-14T06:10:45
11213,13405,12405,PHP,,,true,2026-07-14T06:10:45
11214,14235,13235,PHP,,,true,2026-07-14T06:10:45
11215,10695,9695,PHP,,,true,2026-07-14T06:10:45
11216,12290,11290,PHP,,,true,2026-07-14T06:10:45
11217,16050,15050,PHP,,,true,2026-07-14T06:10:45
11218,14175,13175,PHP,,,true,2026-07-14T06:10:45
11219,16885,15885,PHP,,,true,2026-07-14T06:10:45
11220,16355,15355,PHP,,,true,2026-07-14T06:10:45
11221,16355,15355,PHP,,,true,2026-07-14T06:10:45
11222,16775,15775,PHP,,,true,2026-07-14T06:10:45
11223,18260,17260,PHP,,,true,2026-07-14T06:10:45
11224,18410,17410,PHP,,,true,2026-07-14T06:10:45
11225,19470,18470,PHP,,,true,2026-07-14T06:10:45
11226,18410,17410,PHP,,,true,2026-07-14T06:10:45
11227,20065,19065,PHP,,,true,2026-07-14T06:10:45
11228,22625,21625,PHP,,,true,2026-07-14T06:10:45
11229,20065,19065,PHP,,,true,2026-07-14T06:10:45
11230,19950,18950,PHP,,,true,2026-07-14T06:10:45
11231,20895,19895,PHP,,,true,2026-07-14T06:10:45
11232,28805,27805,PHP,,,true,2026-07-14T06:10:45
11233,26485,25485,PHP,,,true,2026-07-14T06:10:45
11234,14605,13605,PHP,,,true,2026-07-14T06:10:45
11235,21145,15860,PHP,,,true,2026-07-14T06:10:45
11237,20285,15215,PHP,,,true,2026-07-14T06:10:45
11238,23100,17325,PHP,,,true,2026-07-14T06:10:45
11239,23350,17515,PHP,,,true,2026-07-14T06:10:45
11240,24320,18240,PHP,,,true,2026-07-14T06:10:45
11241,27750,20815,PHP,,,true,2026-07-14T06:10:45
11242,27445,20585,PHP,,,true,2026-07-14T06:10:45
11245,20205,15155,PHP,,,true,2026-07-14T06:10:45
11246,15000,14000,PHP,,,true,2026-07-14T06:10:45
11249,8965,6725,PHP,,,true,2026-07-14T06:10:45
11250,8785,6590,PHP,,,true,2026-07-14T06:10:45
11251,9665,7250,PHP,,,true,2026-07-14T06:10:45
11252,12025,9020,PHP,,,true,2026-07-14T06:10:45
11253,9285,6965,PHP,,,true,2026-07-14T06:10:45
11254,16800,12600,PHP,,,true,2026-07-14T06:10:45
11255,14905,11180,PHP,,,true,2026-07-14T06:10:45
11256,13610,10210,PHP,,,true,2026-07-14T06:10:45
11257,14560,10920,PHP,,,true,2026-07-14T06:10:45
11258,25480,19110,PHP,,,true,2026-07-14T06:10:45
11259,20325,15245,PHP,,,true,2026-07-14T06:10:45
1126,17970,16970,PHP,,,true,2026-07-14T06:10:45
11260,10305,7730,PHP,,,true,2026-07-14T06:10:45
11261,12005,9005,PHP,,,true,2026-07-14T06:10:45
11262,17585,13190,PHP,,,true,2026-07-14T06:10:45
11263,18900,14175,PHP,,,true,2026-07-14T06:10:45
11264,12490,9370,PHP,,,true,2026-07-14T06:10:45
11265,15690,11770,PHP,,,true,2026-07-14T06:10:45
11266,13070,9805,PHP,,,true,2026-07-14T06:10:45
11267,11805,8855,PHP,,,true,2026-07-14T06:10:45
11268,11205,8405,PHP,,,true,2026-07-14T06:10:45
11269,5145,3860,PHP,,,true,2026-07-14T06:10:45
11270,9170,6880,PHP,,,true,2026-07-14T06:10:45
11271,7985,5990,PHP,,,true,2026-07-14T06:10:45
11272,6605,4955,PHP,,,true,2026-07-14T06:10:45
11273,9420,7065,PHP,,,true,2026-07-14T06:10:45
11274,8560,6420,PHP,,,true,2026-07-14T06:10:45
11275,11290,8470,PHP,,,true,2026-07-14T06:10:45
11276,13450,10090,PHP,,,true,2026-07-14T06:10:45
11277,12950,9715,PHP,,,true,2026-07-14T06:10:45
11278,11350,8515,PHP,,,true,2026-07-14T06:10:45
11279,11645,8735,PHP,,,true,2026-07-14T06:10:45
11280,10845,8135,PHP,,,true,2026-07-14T06:10:45
11281,18200,13650,PHP,,,true,2026-07-14T06:10:45
11283,18940,14205,PHP,,,true,2026-07-14T06:10:45
11284,18040,13530,PHP,,,true,2026-07-14T06:10:45
11285,13770,10330,PHP,,,true,2026-07-14T06:10:45
11286,12005,9005,PHP,,,true,2026-07-14T06:10:45
11287,13450,10090,PHP,,,true,2026-07-14T06:10:45
11288,7065,5300,PHP,,,true,2026-07-14T06:10:45
11289,6085,4565,PHP,,,true,2026-07-14T06:10:45
11290,9125,6845,PHP,,,true,2026-07-14T06:10:45
11291,5990,4495,PHP,,,true,2026-07-14T06:10:45
11292,5990,4495,PHP,,,true,2026-07-14T06:10:45
11293,12210,9160,PHP,,,true,2026-07-14T06:10:45
11294,12005,9005,PHP,,,true,2026-07-14T06:10:45
11295,11525,8645,PHP,,,true,2026-07-14T06:10:45
11296,9925,7445,PHP,,,true,2026-07-14T06:10:45
11297,10885,8165,PHP,,,true,2026-07-14T06:10:45
11298,8650,6490,PHP,,,true,2026-07-14T06:10:45
11299,8450,6340,PHP,,,true,2026-07-14T06:10:45
113,8765,6575,PHP,,,true,2026-07-14T06:10:45
11300,16305,12230,PHP,,,true,2026-07-14T06:10:45
11301,16010,12010,PHP,,,true,2026-07-14T06:10:45
11302,13970,10480,PHP,,,true,2026-07-14T06:10:45
11303,13600,10200,PHP,,,true,2026-07-14T06:10:45
11306,17470,13105,PHP,,,true,2026-07-14T06:10:45
11307,14410,10810,PHP,,,true,2026-07-14T06:10:45
11308,15720,11790,PHP,,,true,2026-07-14T06:10:45
11310,8785,6590,PHP,,,true,2026-07-14T06:10:45
11311,9025,6770,PHP,,,true,2026-07-14T06:10:45
11312,10170,7630,PHP,,,true,2026-07-14T06:10:45
11313,9025,6770,PHP,,,true,2026-07-14T06:10:45
11314,9750,7315,PHP,,,true,2026-07-14T06:10:45
11315,11350,8515,PHP,,,true,2026-07-14T06:10:45
11316,14090,10570,PHP,,,true,2026-07-14T06:10:45
11317,17290,12970,PHP,,,true,2026-07-14T06:10:45
11318,16010,12010,PHP,,,true,2026-07-14T06:10:45
11319,14410,10810,PHP,,,true,2026-07-14T06:10:45
11320,16330,12250,PHP,,,true,2026-07-14T06:10:45
11321,17180,12885,PHP,,,true,2026-07-14T06:10:45
11322,16010,12010,PHP,,,true,2026-07-14T06:10:45
11323,4730,3550,PHP,,,true,2026-07-14T06:10:45
11324,4605,3455,PHP,,,true,2026-07-14T06:10:45
11326,6005,4505,PHP,,,true,2026-07-14T06:10:45
11327,8760,6570,PHP,,,true,2026-07-14T06:10:45
11328,20820,15615,PHP,,,true,2026-07-14T06:10:45
11329,16740,12555,PHP,,,true,2026-07-14T06:10:45
11330,19770,14830,PHP,,,true,2026-07-14T06:10:45
11331,10330,7750,PHP,,,true,2026-07-14T06:10:45
11332,12260,9195,PHP,,,true,2026-07-14T06:10:45
11333,12545,9410,PHP,,,true,2026-07-14T06:10:45
11334,12370,9280,PHP,,,true,2026-07-14T06:10:45
11335,14340,10755,PHP,,,true,2026-07-14T06:10:45
11336,17560,13170,PHP,,,true,2026-07-14T06:10:45
11337,18630,13975,PHP,,,true,2026-07-14T06:10:45
11338,18630,13975,PHP,,,true,2026-07-14T06:10:45
11339,12100,9075,PHP,,,true,2026-07-14T06:10:45
11340,12810,9610,PHP,,,true,2026-07-14T06:10:45
11341,12490,9370,PHP,,,true,2026-07-14T06:10:45
11342,4605,3455,PHP,,,true,2026-07-14T06:10:45
11343,12665,11665,PHP,,,true,2026-07-14T06:10:45
11345,8065,6050,PHP,,,true,2026-07-14T06:10:45
11346,21290,15970,PHP,,,true,2026-07-14T06:10:45
11347,26450,19840,PHP,,,true,2026-07-14T06:10:45
11356,15840,11880,PHP,,,true,2026-07-14T06:10:45
11359,11310,8485,PHP,,,true,2026-07-14T06:10:45
11364,12065,9050,PHP,,,true,2026-07-14T06:10:45
11369,10560,7920,PHP,,,true,2026-07-14T06:10:45
11371,11010,8260,PHP,,,true,2026-07-14T06:10:45
11389,23600,17700,PHP,,,true,2026-07-14T06:10:45
11390,48235,36175,PHP,,,true,2026-07-14T06:10:45
11391,44625,33470,PHP,,,true,2026-07-14T06:10:45
11392,19465,14600,PHP,,,true,2026-07-14T06:10:45
11393,16810,12610,PHP,,,true,2026-07-14T06:10:45
11394,46000,34500,PHP,,,true,2026-07-14T06:10:45
11395,33400,25050,PHP,,,true,2026-07-14T06:10:45
11396,25390,19045,PHP,,,true,2026-07-14T06:10:45
11397,24910,18685,PHP,,,true,2026-07-14T06:10:45
11398,23950,17965,PHP,,,true,2026-07-14T06:10:45
1140,30230,29230,PHP,,,true,2026-07-14T06:10:45
11400,44450,33340,PHP,,,true,2026-07-14T06:10:45
11401,28020,21015,PHP,,,true,2026-07-14T06:10:45
11402,14430,10825,PHP,,,true,2026-07-14T06:10:45
11404,12805,11805,PHP,,,true,2026-07-14T06:10:45
11405,13390,12390,PHP,,,true,2026-07-14T06:10:45
11406,11540,8655,PHP,,,true,2026-07-14T06:10:45
11408,19040,14280,PHP,,,true,2026-07-14T06:10:45
11411,14310,13310,PHP,,,true,2026-07-14T06:10:45
11412,15085,14085,PHP,,,true,2026-07-14T06:10:45
11413,35385,26540,PHP,,,true,2026-07-14T06:10:45
11419,40225,39225,PHP,,,true,2026-07-14T06:10:45
11421,40785,39785,PHP,,,true,2026-07-14T06:10:45
11423,30125,29125,PHP,,,true,2026-07-14T06:10:45
11424,27425,26425,PHP,,,true,2026-07-14T06:10:45
11430,11990,10990,PHP,,,true,2026-07-14T06:10:45
11431,29720,28720,PHP,,,true,2026-07-14T06:10:45
11434,27365,26365,PHP,,,true,2026-07-14T06:10:45
11437,41245,40245,PHP,,,true,2026-07-14T06:10:45
11441,34970,33970,PHP,,,true,2026-07-14T06:10:45
11442,14640,13640,PHP,,,true,2026-07-14T06:10:45
11444,10280,9280,PHP,,,true,2026-07-14T06:10:45
11446,11505,8630,PHP,,,true,2026-07-14T06:10:45
1145,29980,28980,PHP,,,true,2026-07-14T06:10:45
11450,11950,8965,PHP,,,true,2026-07-14T06:10:45
11451,17440,16440,PHP,,,true,2026-07-14T06:10:45
11456,40260,39260,PHP,,,true,2026-07-14T06:10:45
11460,31860,30860,PHP,,,true,2026-07-14T06:10:45
11466,30145,29145,PHP,,,true,2026-07-14T06:10:45
11467,43070,42070,PHP,,,true,2026-07-14T06:10:45
11468,25500,24500,PHP,,,true,2026-07-14T06:10:45
11471,14625,13625,PHP,,,true,2026-07-14T06:10:45
11472,12070,11070,PHP,,,true,2026-07-14T06:10:45
11473,32405,31405,PHP,,,true,2026-07-14T06:10:45
11481,12665,11665,PHP,,,true,2026-07-14T06:10:45
11483,36630,35630,PHP,,,true,2026-07-14T06:10:45
11487,5680,,PHP,,,true,2026-07-14T06:10:45
1149,18730,17730,PHP,,,true,2026-07-14T06:10:45
11492,14310,13310,PHP,,,true,2026-07-14T06:10:45
11499,42560,41560,PHP,,,true,2026-07-14T06:10:45
115,7390,5545,PHP,,,true,2026-07-14T06:10:45
11500,16240,15240,PHP,,,true,2026-07-14T06:10:45
11501,19185,14390,PHP,,,true,2026-07-14T06:10:45
11502,21930,20930,PHP,,,true,2026-07-14T06:10:45
11504,21760,16320,PHP,,,true,2026-07-14T06:10:45
11505,22870,21870,PHP,,,true,2026-07-14T06:10:45
11507,65250,64250,PHP,,,true,2026-07-14T06:10:45
11508,37090,36090,PHP,,,true,2026-07-14T06:10:45
11510,30345,29345,PHP,,,true,2026-07-14T06:10:45
11511,42160,41160,PHP,,,true,2026-07-14T06:10:45
11512,44250,43250,PHP,,,true,2026-07-14T06:10:45
11514,36630,35630,PHP,,,true,2026-07-14T06:10:45
11516,18470,17470,PHP,,,true,2026-07-14T06:10:45
11520,45020,44020,PHP,,,true,2026-07-14T06:10:45
11525,41400,31050,PHP,,,true,2026-07-14T06:10:45
11527,42560,41560,PHP,,,true,2026-07-14T06:10:45
11529,21280,20280,PHP,,,true,2026-07-14T06:10:45
11530,42890,41890,PHP,,,true,2026-07-14T06:10:45
11532,34685,26015,PHP,,,true,2026-07-14T06:10:45
11533,40010,39010,PHP,,,true,2026-07-14T06:10:45
11534,44705,43705,PHP,,,true,2026-07-14T06:10:45
11536,34945,33945,PHP,,,true,2026-07-14T06:10:45
11537,28805,27805,PHP,,,true,2026-07-14T06:10:45
11539,27650,26650,PHP,,,true,2026-07-14T06:10:45
11541,12105,11105,PHP,,,true,2026-07-14T06:10:45
11542,21210,20210,PHP,,,true,2026-07-14T06:10:45
11544,51750,50750,PHP,,,true,2026-07-14T06:10:45
11545,36630,35630,PHP,,,true,2026-07-14T06:10:45
11549,12705,11705,PHP,,,true,2026-07-14T06:10:45
11550,34970,33970,PHP,,,true,2026-07-14T06:10:45
11552,53200,52200,PHP,,,true,2026-07-14T06:10:45
11555,38925,37925,PHP,,,true,2026-07-14T06:10:45
11557,19705,18705,PHP,,,true,2026-07-14T06:10:45
11559,43770,42770,PHP,,,true,2026-07-14T06:10:45
11571,31865,30865,PHP,,,true,2026-07-14T06:10:45
11572,10800,9800,PHP,,,true,2026-07-14T06:10:45
11574,11650,10650,PHP,,,true,2026-07-14T06:10:45
11579,19425,18425,PHP,,,true,2026-07-14T06:10:45
1158,20530,19530,PHP,,,true,2026-07-14T06:10:45
11580,33485,32485,PHP,,,true,2026-07-14T06:10:45
11586,40500,39500,PHP,,,true,2026-07-14T06:10:45
11588,45000,44000,PHP,,,true,2026-07-14T06:10:45
11591,21985,16490,PHP,,,true,2026-07-14T06:10:45
11592,4510,,PHP,,,true,2026-07-14T06:10:45
11597,30420,29420,PHP,,,true,2026-07-14T06:10:45
11602,41625,40625,PHP,,,true,2026-07-14T06:10:45
11603,35165,34165,PHP,,,true,2026-07-14T06:10:45
11606,45225,44225,PHP,,,true,2026-07-14T06:10:45
11613,45570,44570,PHP,,,true,2026-07-14T06:10:45
11614,34845,33845,PHP,,,true,2026-07-14T06:10:45
11615,13485,10115,PHP,,,true,2026-07-14T06:10:45
11618,39665,38665,PHP,,,true,2026-07-14T06:10:45
11620,44500,43500,PHP,,,true,2026-07-14T06:10:45
11621,22185,21185,PHP,,,true,2026-07-14T06:10:45
11623,18470,17470,PHP,,,true,2026-07-14T06:10:45
11624,45420,44420,PHP,,,true,2026-07-14T06:10:45
11628,34905,33905,PHP,,,true,2026-07-14T06:10:45
11633,6010,,PHP,,,true,2026-07-14T06:10:45
11635,43450,42450,PHP,,,true,2026-07-14T06:10:45
11636,43180,42180,PHP,,,true,2026-07-14T06:10:45
11637,27425,26425,PHP,,,true,2026-07-14T06:10:45
11645,45800,44800,PHP,,,true,2026-07-14T06:10:45
11650,30420,29420,PHP,,,true,2026-07-14T06:10:45
11651,52585,51585,PHP,,,true,2026-07-14T06:10:45
11659,33680,32680,PHP,,,true,2026-07-14T06:10:45
11661,11165,10165,PHP,,,true,2026-07-14T06:10:45
11664,32405,31405,PHP,,,true,2026-07-14T06:10:45
11665,41500,40500,PHP,,,true,2026-07-14T06:10:45
11668,17725,16725,PHP,,,true,2026-07-14T06:10:45
11669,34970,33970,PHP,,,true,2026-07-14T06:10:45
1167,40050,39050,PHP,,,true,2026-07-14T06:10:45
11670,36990,35990,PHP,,,true,2026-07-14T06:10:45
11673,18470,17470,PHP,,,true,2026-07-14T06:10:45
11674,47920,46920,PHP,,,true,2026-07-14T06:10:45
11679,51160,50160,PHP,,,true,2026-07-14T06:10:45
11680,28860,27860,PHP,,,true,2026-07-14T06:10:45
11682,13650,10240,PHP,,,true,2026-07-14T06:10:45
11684,14000,13000,PHP,,,true,2026-07-14T06:10:45
11685,38390,37390,PHP,,,true,2026-07-14T06:10:45
11686,13805,10355,PHP,,,true,2026-07-14T06:10:45
11687,12940,11940,PHP,,,true,2026-07-14T06:10:45
11688,39320,29490,PHP,,,true,2026-07-14T06:10:45
11689,21450,20450,PHP,,,true,2026-07-14T06:10:45
1169,37880,36880,PHP,,,true,2026-07-14T06:10:45
11691,33385,25040,PHP,,,true,2026-07-14T06:10:45
11695,36620,35620,PHP,,,true,2026-07-14T06:10:45
11696,50150,49150,PHP,,,true,2026-07-14T06:10:45
11699,21070,15805,PHP,,,true,2026-07-14T06:10:45
11700,25500,24500,PHP,,,true,2026-07-14T06:10:45
11704,30125,29125,PHP,,,true,2026-07-14T06:10:45
11706,24480,23480,PHP,,,true,2026-07-14T06:10:45
11711,21225,20225,PHP,,,true,2026-07-14T06:10:45
11713,40545,39545,PHP,,,true,2026-07-14T06:10:45
11716,41490,31120,PHP,,,true,2026-07-14T06:10:45
11718,14365,13365,PHP,,,true,2026-07-14T06:10:45
11719,59080,58080,PHP,,,true,2026-07-14T06:10:45
11723,17550,16550,PHP,,,true,2026-07-14T06:10:45
11728,40290,30220,PHP,,,true,2026-07-14T06:10:45
11734,36780,27585,PHP,,,true,2026-07-14T06:10:45
11735,38205,37205,PHP,,,true,2026-07-14T06:10:45
11737,35045,34045,PHP,,,true,2026-07-14T06:10:45
11738,25720,24720,PHP,,,true,2026-07-14T06:10:45
11741,31760,30760,PHP,,,true,2026-07-14T06:10:45
11742,32830,24625,PHP,,,true,2026-07-14T06:10:45
11746,25225,24225,PHP,,,true,2026-07-14T06:10:45
11756,23750,22750,PHP,,,true,2026-07-14T06:10:45
11766,27500,26500,PHP,,,true,2026-07-14T06:10:45
11768,43770,42770,PHP,,,true,2026-07-14T06:10:45
11772,57185,56185,PHP,,,true,2026-07-14T06:10:45
11781,56510,55510,PHP,,,true,2026-07-14T06:10:45
11785,41625,40625,PHP,,,true,2026-07-14T06:10:45
11787,28050,21040,PHP,,,true,2026-07-14T06:10:45
11790,26600,19950,PHP,,,true,2026-07-14T06:10:45
11791,43070,42070,PHP,,,true,2026-07-14T06:10:45
11798,27990,20995,PHP,,,true,2026-07-14T06:10:45
11801,20405,19405,PHP,,,true,2026-07-14T06:10:45
11803,25780,24780,PHP,,,true,2026-07-14T06:10:45
11804,36630,35630,PHP,,,true,2026-07-14T06:10:45
11807,45390,44390,PHP,,,true,2026-07-14T06:10:45
11811,32010,24010,PHP,,,true,2026-07-14T06:10:45
11815,33310,32310,PHP,,,true,2026-07-14T06:10:45
11818,47645,46645,PHP,,,true,2026-07-14T06:10:45
11819,24870,23870,PHP,,,true,2026-07-14T06:10:45
11821,58280,57280,PHP,,,true,2026-07-14T06:10:45
11825,41460,40460,PHP,,,true,2026-07-14T06:10:45
11827,51085,50085,PHP,,,true,2026-07-14T06:10:45
11828,26485,25485,PHP,,,true,2026-07-14T06:10:45
11830,57550,56550,PHP,,,true,2026-07-14T06:10:45
11833,42160,41160,PHP,,,true,2026-07-14T06:10:45
11836,25585,19190,PHP,,,true,2026-07-14T06:10:45
11838,60590,59590,PHP,,,true,2026-07-14T06:10:45
11845,41180,30885,PHP,,,true,2026-07-14T06:10:45
11847,27500,26500,PHP,,,true,2026-07-14T06:10:45
11854,14420,10815,PHP,,,true,2026-07-14T06:10:45
11856,41310,40310,PHP,,,true,2026-07-14T06:10:45
11857,14570,10930,PHP,,,true,2026-07-14T06:10:45
11859,15945,14945,PHP,,,true,2026-07-14T06:10:45
11860,59650,58650,PHP,,,true,2026-07-14T06:10:45
11861,6665,,PHP,,,true,2026-07-14T06:10:45
11865,41245,40245,PHP,,,true,2026-07-14T06:10:45
11867,39070,29305,PHP,,,true,2026-07-14T06:10:45
11868,44045,33035,PHP,,,true,2026-07-14T06:10:45
11873,40705,39705,PHP,,,true,2026-07-14T06:10:45
11876,14840,11130,PHP,,,true,2026-07-14T06:10:45
11888,34750,26065,PHP,,,true,2026-07-14T06:10:45
11892,33680,32680,PHP,,,true,2026-07-14T06:10:45
11895,30420,29420,PHP,,,true,2026-07-14T06:10:45
11899,42985,41985,PHP,,,true,2026-07-14T06:10:45
119,4310,3235,PHP,,,true,2026-07-14T06:10:45
11901,45070,44070,PHP,,,true,2026-07-14T06:10:45
11902,37060,36060,PHP,,,true,2026-07-14T06:10:45
11904,15020,11265,PHP,,,true,2026-07-14T06:10:45
11905,62345,61345,PHP,,,true,2026-07-14T06:10:45
11908,20260,19260,PHP,,,true,2026-07-14T06:10:45
11909,40225,39225,PHP,,,true,2026-07-14T06:10:45
11918,70620,69620,PHP,,,true,2026-07-14T06:10:45
11922,39865,38865,PHP,,,true,2026-07-14T06:10:45
11925,38205,37205,PHP,,,true,2026-07-14T06:10:45
11929,38245,37245,PHP,,,true,2026-07-14T06:10:45
11931,19985,18985,PHP,,,true,2026-07-14T06:10:45
11934,38245,37245,PHP,,,true,2026-07-14T06:10:45
11937,20105,19105,PHP,,,true,2026-07-14T06:10:45
11940,5555,,PHP,,,true,2026-07-14T06:10:45
11945,40510,30385,PHP,,,true,2026-07-14T06:10:45
11949,31865,30865,PHP,,,true,2026-07-14T06:10:45
11960,33245,24935,PHP,,,true,2026-07-14T06:10:45
11961,54210,53210,PHP,,,true,2026-07-14T06:10:45
11965,35020,34020,PHP,,,true,2026-07-14T06:10:45
11966,46945,45945,PHP,,,true,2026-07-14T06:10:45
11967,16120,12090,PHP,,,true,2026-07-14T06:10:45
11970,13560,10170,PHP,,,true,2026-07-14T06:10:45
11971,13970,10480,PHP,,,true,2026-07-14T06:10:45
11972,13800,10350,PHP,,,true,2026-07-14T06:10:45
11973,14425,10820,PHP,,,true,2026-07-14T06:10:45
11975,12690,9520,PHP,,,true,2026-07-14T06:10:45
11976,13860,10395,PHP,,,true,2026-07-14T06:10:45
11977,14160,10620,PHP,,,true,2026-07-14T06:10:45
11978,15025,11270,PHP,,,true,2026-07-14T06:10:45
11979,15405,11555,PHP,,,true,2026-07-14T06:10:45
11980,15170,11380,PHP,,,true,2026-07-14T06:10:45
11982,18150,13615,PHP,,,true,2026-07-14T06:10:45
11983,18150,13615,PHP,,,true,2026-07-14T06:10:45
11985,7600,5700,PHP,,,true,2026-07-14T06:10:45
11987,8530,6400,PHP,,,true,2026-07-14T06:10:45
11988,7645,5735,PHP,,,true,2026-07-14T06:10:45
11989,8180,6135,PHP,,,true,2026-07-14T06:10:45
11992,9060,6795,PHP,,,true,2026-07-14T06:10:45
11993,9245,6935,PHP,,,true,2026-07-14T06:10:45
11994,8820,6615,PHP,,,true,2026-07-14T06:10:45
11995,9785,7340,PHP,,,true,2026-07-14T06:10:45
11996,9265,6950,PHP,,,true,2026-07-14T06:10:45
11997,9865,7400,PHP,,,true,2026-07-14T06:10:45
11998,10320,7740,PHP,,,true,2026-07-14T06:10:45
11999,9360,7020,PHP,,,true,2026-07-14T06:10:45
12000,9645,7235,PHP,,,true,2026-07-14T06:10:45
12001,10720,8040,PHP,,,true,2026-07-14T06:10:45
12002,10050,7540,PHP,,,true,2026-07-14T06:10:45
12003,11820,8865,PHP,,,true,2026-07-14T06:10:45
12004,11980,8985,PHP,,,true,2026-07-14T06:10:45
12005,14065,10550,PHP,,,true,2026-07-14T06:10:45
12006,12645,9485,PHP,,,true,2026-07-14T06:10:45
12007,13430,10075,PHP,,,true,2026-07-14T06:10:45
12008,10420,7815,PHP,,,true,2026-07-14T06:10:45
12009,14550,10915,PHP,,,true,2026-07-14T06:10:45
12010,10120,7590,PHP,,,true,2026-07-14T06:10:45
12012,12440,9330,PHP,,,true,2026-07-14T06:10:45
12013,12785,9590,PHP,,,true,2026-07-14T06:10:45
12014,15580,11685,PHP,,,true,2026-07-14T06:10:45
12015,15740,11805,PHP,,,true,2026-07-14T06:10:45
12016,15000,11250,PHP,,,true,2026-07-14T06:10:45
12017,14300,10725,PHP,,,true,2026-07-14T06:10:45
12018,17965,13475,PHP,,,true,2026-07-14T06:10:45
12019,13920,10440,PHP,,,true,2026-07-14T06:10:45
12020,19685,14765,PHP,,,true,2026-07-14T06:10:45
12021,18565,13925,PHP,,,true,2026-07-14T06:10:45
12022,16305,12230,PHP,,,true,2026-07-14T06:10:45
12023,22845,17135,PHP,,,true,2026-07-14T06:10:45
12024,24010,18010,PHP,,,true,2026-07-14T06:10:45
12025,21645,16235,PHP,,,true,2026-07-14T06:10:45
12026,21820,16365,PHP,,,true,2026-07-14T06:10:45
12028,22305,16730,PHP,,,true,2026-07-14T06:10:45
12029,23125,17345,PHP,,,true,2026-07-14T06:10:45
12030,23820,17865,PHP,,,true,2026-07-14T06:10:45
12031,23365,17525,PHP,,,true,2026-07-14T06:10:45
12032,23300,17475,PHP,,,true,2026-07-14T06:10:45
12033,27010,20260,PHP,,,true,2026-07-14T06:10:45
12035,9420,7065,PHP,,,true,2026-07-14T06:10:45
12036,10210,7660,PHP,,,true,2026-07-14T06:10:45
12037,12045,9035,PHP,,,true,2026-07-14T06:10:45
12038,15120,11340,PHP,,,true,2026-07-14T06:10:45
12039,16700,12525,PHP,,,true,2026-07-14T06:10:45
1204,29125,21845,PHP,,,true,2026-07-14T06:10:45
12041,16245,12185,PHP,,,true,2026-07-14T06:10:45
12042,18660,13995,PHP,,,true,2026-07-14T06:10:45
12043,24565,18425,PHP,,,true,2026-07-14T06:10:45
12044,29965,22475,PHP,,,true,2026-07-14T06:10:45
12045,33925,25445,PHP,,,true,2026-07-14T06:10:45
12046,12390,9295,PHP,,,true,2026-07-14T06:10:45
12047,12600,9450,PHP,,,true,2026-07-14T06:10:45
12048,14285,10715,PHP,,,true,2026-07-14T06:10:45
12049,14000,10500,PHP,,,true,2026-07-14T06:10:45
12050,14600,10950,PHP,,,true,2026-07-14T06:10:45
12051,16845,12635,PHP,,,true,2026-07-14T06:10:45
12052,17020,12765,PHP,,,true,2026-07-14T06:10:45
12053,18345,13760,PHP,,,true,2026-07-14T06:10:45
12054,20725,15545,PHP,,,true,2026-07-14T06:10:45
12055,18945,14210,PHP,,,true,2026-07-14T06:10:45
12056,19260,14445,PHP,,,true,2026-07-14T06:10:45
12057,20365,15275,PHP,,,true,2026-07-14T06:10:45
12058,21140,15855,PHP,,,true,2026-07-14T06:10:45
12059,25245,18935,PHP,,,true,2026-07-14T06:10:45
12060,23680,17760,PHP,,,true,2026-07-14T06:10:45
12061,24470,18355,PHP,,,true,2026-07-14T06:10:45
12062,18485,13865,PHP,,,true,2026-07-14T06:10:45
12063,17980,13485,PHP,,,true,2026-07-14T06:10:45
12064,18740,14055,PHP,,,true,2026-07-14T06:10:45
1207,24250,23250,PHP,,,true,2026-07-14T06:10:45
12071,13200,9900,PHP,,,true,2026-07-14T06:10:45
12072,14745,11060,PHP,,,true,2026-07-14T06:10:45
12074,15170,11380,PHP,,,true,2026-07-14T06:10:45
12077,16290,12220,PHP,,,true,2026-07-14T06:10:45
12078,15990,11995,PHP,,,true,2026-07-14T06:10:45
12080,20065,15050,PHP,,,true,2026-07-14T06:10:45
12084,27530,20650,PHP,,,true,2026-07-14T06:10:45
12086,27910,20935,PHP,,,true,2026-07-14T06:10:45
12087,30750,23065,PHP,,,true,2026-07-14T06:10:45
12088,23805,17855,PHP,,,true,2026-07-14T06:10:45
12090,28420,21315,PHP,,,true,2026-07-14T06:10:45
12095,13780,10335,PHP,,,true,2026-07-14T06:10:45
12096,15565,11675,PHP,,,true,2026-07-14T06:10:45
12097,17520,13140,PHP,,,true,2026-07-14T06:10:45
12099,15450,11590,PHP,,,true,2026-07-14T06:10:45
12100,19670,14755,PHP,,,true,2026-07-14T06:10:45
12101,20805,15605,PHP,,,true,2026-07-14T06:10:45
12102,23125,17345,PHP,,,true,2026-07-14T06:10:45
12103,20540,15405,PHP,,,true,2026-07-14T06:10:45
12105,24820,18615,PHP,,,true,2026-07-14T06:10:45
12107,8465,6350,PHP,,,true,2026-07-14T06:10:45
12108,28420,21315,PHP,,,true,2026-07-14T06:10:45
12109,30440,22830,PHP,,,true,2026-07-14T06:10:45
12110,30820,23115,PHP,,,true,2026-07-14T06:10:45
12111,32540,24405,PHP,,,true,2026-07-14T06:10:45
12112,35400,26550,PHP,,,true,2026-07-14T06:10:45
12113,36265,27200,PHP,,,true,2026-07-14T06:10:45
12114,35870,26905,PHP,,,true,2026-07-14T06:10:45
12115,37605,28205,PHP,,,true,2026-07-14T06:10:45
12116,37605,28205,PHP,,,true,2026-07-14T06:10:45
12117,24245,18185,PHP,,,true,2026-07-14T06:10:45
12118,23550,17665,PHP,,,true,2026-07-14T06:10:45
12119,29505,22130,PHP,,,true,2026-07-14T06:10:45
12120,38205,28655,PHP,,,true,2026-07-14T06:10:45
12121,16150,15150,PHP,,,true,2026-07-14T06:10:45
12122,8205,6155,PHP,,,true,2026-07-14T06:10:45
12123,4290,3220,PHP,,,true,2026-07-14T06:10:45
12125,5065,3800,PHP,,,true,2026-07-14T06:10:45
12126,6245,4685,PHP,,,true,2026-07-14T06:10:45
12127,7940,5955,PHP,,,true,2026-07-14T06:10:45
12128,8085,6065,PHP,,,true,2026-07-14T06:10:45
12129,6070,4555,PHP,,,true,2026-07-14T06:10:45
12131,13380,10035,PHP,,,true,2026-07-14T06:10:45
12134,4180,3135,PHP,,,true,2026-07-14T06:10:45
12135,6150,4615,PHP,,,true,2026-07-14T06:10:45
12140,10170,7630,PHP,,,true,2026-07-14T06:10:45
12141,14325,10745,PHP,,,true,2026-07-14T06:10:45
12142,11580,8685,PHP,,,true,2026-07-14T06:10:45
12145,7650,5740,PHP,,,true,2026-07-14T06:10:45
12148,9770,8770,PHP,,,true,2026-07-14T06:10:45
12149,12105,11105,PHP,,,true,2026-07-14T06:10:45
12150,13405,12405,PHP,,,true,2026-07-14T06:10:45
12151,12410,11410,PHP,,,true,2026-07-14T06:10:45
12152,14005,13005,PHP,,,true,2026-07-14T06:10:45
12153,18790,17790,PHP,,,true,2026-07-14T06:10:45
12156,9700,8700,PHP,,,true,2026-07-14T06:10:45
12157,10040,9040,PHP,,,true,2026-07-14T06:10:45
12160,25140,24140,PHP,,,true,2026-07-14T06:10:45
12161,12925,11925,PHP,,,true,2026-07-14T06:10:45
12162,14825,13825,PHP,,,true,2026-07-14T06:10:45
12163,31310,30310,PHP,,,true,2026-07-14T06:10:45
12165,5135,,PHP,,,true,2026-07-14T06:10:45
12166,9140,,PHP,,,true,2026-07-14T06:10:45
12189,32775,24580,PHP,,,true,2026-07-14T06:10:45
1220,28725,27725,PHP,,,true,2026-07-14T06:10:45
12208,21760,16320,PHP,,,true,2026-07-14T06:10:45
12209,22120,16590,PHP,,,true,2026-07-14T06:10:45
12225,35845,26885,PHP,,,true,2026-07-14T06:10:45
12228,23330,17500,PHP,,,true,2026-07-14T06:10:45
12229,28400,21300,PHP,,,true,2026-07-14T06:10:45
12230,29490,22120,PHP,,,true,2026-07-14T06:10:45
12234,31740,23805,PHP,,,true,2026-07-14T06:10:45
12237,34650,25990,PHP,,,true,2026-07-14T06:10:45
12238,35365,26525,PHP,,,true,2026-07-14T06:10:45
12239,40800,30600,PHP,,,true,2026-07-14T06:10:45
12240,38140,28605,PHP,,,true,2026-07-14T06:10:45
12242,34905,26180,PHP,,,true,2026-07-14T06:10:45
12243,38530,28900,PHP,,,true,2026-07-14T06:10:45
12246,41085,30815,PHP,,,true,2026-07-14T06:10:45
12247,41905,31430,PHP,,,true,2026-07-14T06:10:45
12248,44680,33510,PHP,,,true,2026-07-14T06:10:45
12251,43045,32285,PHP,,,true,2026-07-14T06:10:45
12266,20920,19920,PHP,,,true,2026-07-14T06:10:45
12270,28280,27280,PHP,,,true,2026-07-14T06:10:45
12271,25720,24720,PHP,,,true,2026-07-14T06:10:45
12272,24480,23480,PHP,,,true,2026-07-14T06:10:45
12273,37090,36090,PHP,,,true,2026-07-14T06:10:45
12274,40140,39140,PHP,,,true,2026-07-14T06:10:45
12296,17550,16550,PHP,,,true,2026-07-14T06:10:45
12297,19465,18465,PHP,,,true,2026-07-14T06:10:45
12298,11225,10225,PHP,,,true,2026-07-14T06:10:45
12299,9360,8360,PHP,,,true,2026-07-14T06:10:45
12301,12645,11645,PHP,,,true,2026-07-14T06:10:45
12302,13590,12590,PHP,,,true,2026-07-14T06:10:45
12306,18445,17445,PHP,,,true,2026-07-14T06:10:45
12314,15050,14050,PHP,,,true,2026-07-14T06:10:45
12315,16420,15420,PHP,,,true,2026-07-14T06:10:45
12317,16770,15770,PHP,,,true,2026-07-14T06:10:45
12325,16650,15650,PHP,,,true,2026-07-14T06:10:45
12331,14870,13870,PHP,,,true,2026-07-14T06:10:45
12332,8890,7890,PHP,,,true,2026-07-14T06:10:45
12333,11270,8455,PHP,,,true,2026-07-14T06:10:45
12334,8165,6125,PHP,,,true,2026-07-14T06:10:45
12337,19465,17640,PHP,,,true,2026-07-14T06:10:45
12341,29040,28040,PHP,,,true,2026-07-14T06:10:45
12343,51050,50050,PHP,,,true,2026-07-14T06:10:45
12344,25720,24720,PHP,,,true,2026-07-14T06:10:45
12345,22450,21450,PHP,,,true,2026-07-14T06:10:45
12347,32000,31000,PHP,,,true,2026-07-14T06:10:45
12348,33425,32425,PHP,,,true,2026-07-14T06:10:45
12349,45000,44000,PHP,,,true,2026-07-14T06:10:45
12350,18130,17130,PHP,,,true,2026-07-14T06:10:45
12351,21225,20225,PHP,,,true,2026-07-14T06:10:45
12353,17260,16260,PHP,,,true,2026-07-14T06:10:45
12355,15665,14665,PHP,,,true,2026-07-14T06:10:45
12356,23300,22300,PHP,,,true,2026-07-14T06:10:45
12357,20425,19425,PHP,,,true,2026-07-14T06:10:45
12360,15365,14365,PHP,,,true,2026-07-14T06:10:45
12361,12040,11040,PHP,,,true,2026-07-14T06:10:45
12368,6730,5050,PHP,,,true,2026-07-14T06:10:45
12370,9260,6945,PHP,,,true,2026-07-14T06:10:45
12371,15140,11355,PHP,,,true,2026-07-14T06:10:45
12372,17840,13380,PHP,,,true,2026-07-14T06:10:45
12373,18685,14015,PHP,,,true,2026-07-14T06:10:45
12374,14710,11035,PHP,,,true,2026-07-14T06:10:45
12375,19770,14830,PHP,,,true,2026-07-14T06:10:45
12376,23370,17530,PHP,,,true,2026-07-14T06:10:45
12377,19460,14595,PHP,,,true,2026-07-14T06:10:45
12378,22985,17240,PHP,,,true,2026-07-14T06:10:45
12379,27090,20320,PHP,,,true,2026-07-14T06:10:45
12380,26700,20025,PHP,,,true,2026-07-14T06:10:45
12381,28745,21560,PHP,,,true,2026-07-14T06:10:45
12382,16760,12570,PHP,,,true,2026-07-14T06:10:45
12383,19900,14925,PHP,,,true,2026-07-14T06:10:45
12384,17305,12980,PHP,,,true,2026-07-14T06:10:45
12385,23185,17390,PHP,,,true,2026-07-14T06:10:45
12386,18190,13645,PHP,,,true,2026-07-14T06:10:45
12387,18465,13850,PHP,,,true,2026-07-14T06:10:45
12388,18020,13515,PHP,,,true,2026-07-14T06:10:45
12389,20365,15275,PHP,,,true,2026-07-14T06:10:45
1239,14370,13370,PHP,,,true,2026-07-14T06:10:45
12390,20770,15580,PHP,,,true,2026-07-14T06:10:45
12391,29950,22465,PHP,,,true,2026-07-14T06:10:45
12392,23220,17415,PHP,,,true,2026-07-14T06:10:45
12393,21890,16420,PHP,,,true,2026-07-14T06:10:45
12394,23560,17670,PHP,,,true,2026-07-14T06:10:45
12395,19285,14465,PHP,,,true,2026-07-14T06:10:45
12396,14970,11230,PHP,,,true,2026-07-14T06:10:45
12397,19285,14465,PHP,,,true,2026-07-14T06:10:45
12398,14970,11230,PHP,,,true,2026-07-14T06:10:45
12399,19225,14420,PHP,,,true,2026-07-14T06:10:45
12400,18300,13725,PHP,,,true,2026-07-14T06:10:45
12401,31550,23665,PHP,,,true,2026-07-14T06:10:45
12402,31480,23610,PHP,,,true,2026-07-14T06:10:45
12403,32465,24350,PHP,,,true,2026-07-14T06:10:45
12404,35605,26705,PHP,,,true,2026-07-14T06:10:45
12405,24400,18300,PHP,,,true,2026-07-14T06:10:45
12406,36750,27565,PHP,,,true,2026-07-14T06:10:45
12407,39210,29410,PHP,,,true,2026-07-14T06:10:45
12408,30940,23205,PHP,,,true,2026-07-14T06:10:45
12409,32050,24040,PHP,,,true,2026-07-14T06:10:45
12410,20160,15120,PHP,,,true,2026-07-14T06:10:45
12411,20160,15120,PHP,,,true,2026-07-14T06:10:45
12412,20370,15280,PHP,,,true,2026-07-14T06:10:45
12413,24130,18100,PHP,,,true,2026-07-14T06:10:45
12414,24500,18375,PHP,,,true,2026-07-14T06:10:45
12415,25430,19075,PHP,,,true,2026-07-14T06:10:45
12416,26700,20025,PHP,,,true,2026-07-14T06:10:45
12417,6510,4885,PHP,,,true,2026-07-14T06:10:45
12418,10205,7655,PHP,,,true,2026-07-14T06:10:45
12419,21145,15860,PHP,,,true,2026-07-14T06:10:45
12420,23140,17355,PHP,,,true,2026-07-14T06:10:45
12421,22170,16630,PHP,,,true,2026-07-14T06:10:45
12422,30685,23015,PHP,,,true,2026-07-14T06:10:45
12423,24790,18595,PHP,,,true,2026-07-14T06:10:45
12424,27390,20545,PHP,,,true,2026-07-14T06:10:45
12425,26560,19920,PHP,,,true,2026-07-14T06:10:45
12426,29650,22240,PHP,,,true,2026-07-14T06:10:45
12427,28365,21275,PHP,,,true,2026-07-14T06:10:45
12428,33520,25140,PHP,,,true,2026-07-14T06:10:45
12429,26045,19535,PHP,,,true,2026-07-14T06:10:45
12430,17125,12845,PHP,,,true,2026-07-14T06:10:45
12431,18070,13555,PHP,,,true,2026-07-14T06:10:45
12432,13150,9865,PHP,,,true,2026-07-14T06:10:45
12433,4205,3155,PHP,,,true,2026-07-14T06:10:45
12434,3240,2430,PHP,,,true,2026-07-14T06:10:45
12440,11290,8470,PHP,,,true,2026-07-14T06:10:45
12441,12765,9575,PHP,,,true,2026-07-14T06:10:45
12442,5700,4275,PHP,,,true,2026-07-14T06:10:45
12443,5180,3885,PHP,,,true,2026-07-14T06:10:45
12444,5830,4375,PHP,,,true,2026-07-14T06:10:45
12445,6480,4860,PHP,,,true,2026-07-14T06:10:45
12448,7125,5345,PHP,,,true,2026-07-14T06:10:45
12449,8165,6125,PHP,,,true,2026-07-14T06:10:45
12450,8030,6025,PHP,,,true,2026-07-14T06:10:45
12451,7190,5395,PHP,,,true,2026-07-14T06:10:45
12452,7745,5810,PHP,,,true,2026-07-14T06:10:45
12453,8165,6125,PHP,,,true,2026-07-14T06:10:45
12454,11785,8840,PHP,,,true,2026-07-14T06:10:45
12455,13070,9805,PHP,,,true,2026-07-14T06:10:45
12456,13750,10315,PHP,,,true,2026-07-14T06:10:45
12458,14670,11005,PHP,,,true,2026-07-14T06:10:45
12459,14120,10590,PHP,,,true,2026-07-14T06:10:45
12460,14730,11050,PHP,,,true,2026-07-14T06:10:45
12461,14610,10960,PHP,,,true,2026-07-14T06:10:45
12462,15345,11510,PHP,,,true,2026-07-14T06:10:45
12463,4920,3690,PHP,,,true,2026-07-14T06:10:45
12464,5630,4225,PHP,,,true,2026-07-14T06:10:45
12465,5165,3875,PHP,,,true,2026-07-14T06:10:45
12466,5570,4180,PHP,,,true,2026-07-14T06:10:45
12467,5310,3985,PHP,,,true,2026-07-14T06:10:45
12468,5890,4420,PHP,,,true,2026-07-14T06:10:45
12469,6205,4655,PHP,,,true,2026-07-14T06:10:45
12470,7510,5635,PHP,,,true,2026-07-14T06:10:45
12471,7745,5810,PHP,,,true,2026-07-14T06:10:45
12472,8290,6220,PHP,,,true,2026-07-14T06:10:45
12473,8840,6630,PHP,,,true,2026-07-14T06:10:45
12475,4985,3740,PHP,,,true,2026-07-14T06:10:45
12476,5830,4375,PHP,,,true,2026-07-14T06:10:45
12477,6450,4840,PHP,,,true,2026-07-14T06:10:45
12478,6410,4810,PHP,,,true,2026-07-14T06:10:45
12479,6320,4740,PHP,,,true,2026-07-14T06:10:45
12480,5570,4180,PHP,,,true,2026-07-14T06:10:45
12481,6480,4860,PHP,,,true,2026-07-14T06:10:45
12482,6450,4840,PHP,,,true,2026-07-14T06:10:45
12483,6740,5055,PHP,,,true,2026-07-14T06:10:45
12484,7250,5440,PHP,,,true,2026-07-14T06:10:45
12485,6220,4665,PHP,,,true,2026-07-14T06:10:45
12486,7250,5440,PHP,,,true,2026-07-14T06:10:45
12487,6865,5150,PHP,,,true,2026-07-14T06:10:45
12488,7580,5685,PHP,,,true,2026-07-14T06:10:45
12489,7645,5735,PHP,,,true,2026-07-14T06:10:45
12490,6605,4955,PHP,,,true,2026-07-14T06:10:45
12491,7000,5250,PHP,,,true,2026-07-14T06:10:45
12493,10560,7920,PHP,,,true,2026-07-14T06:10:45
12494,9450,7090,PHP,,,true,2026-07-14T06:10:45
12495,10985,8240,PHP,,,true,2026-07-14T06:10:45
12496,3560,2670,PHP,,,true,2026-07-14T06:10:45
12497,3860,2895,PHP,,,true,2026-07-14T06:10:45
12498,3705,2780,PHP,,,true,2026-07-14T06:10:45
12499,3730,2800,PHP,,,true,2026-07-14T06:10:45
12500,4080,3060,PHP,,,true,2026-07-14T06:10:45
12501,4665,3500,PHP,,,true,2026-07-14T06:10:45
12503,4530,3400,PHP,,,true,2026-07-14T06:10:45
12504,5150,3865,PHP,,,true,2026-07-14T06:10:45
12505,4790,3595,PHP,,,true,2026-07-14T06:10:45
12506,4790,3595,PHP,,,true,2026-07-14T06:10:45
12507,5050,3790,PHP,,,true,2026-07-14T06:10:45
12508,4600,3450,PHP,,,true,2026-07-14T06:10:45
12509,4985,3740,PHP,,,true,2026-07-14T06:10:45
12510,5370,4030,PHP,,,true,2026-07-14T06:10:45
12511,5960,4470,PHP,,,true,2026-07-14T06:10:45
12512,5180,3885,PHP,,,true,2026-07-14T06:10:45
12513,4790,3595,PHP,,,true,2026-07-14T06:10:45
12514,6740,5055,PHP,,,true,2026-07-14T06:10:45
12515,7190,5395,PHP,,,true,2026-07-14T06:10:45
12516,7000,5250,PHP,,,true,2026-07-14T06:10:45
12517,7745,5810,PHP,,,true,2026-07-14T06:10:45
12518,7760,5820,PHP,,,true,2026-07-14T06:10:45
12519,8420,6315,PHP,,,true,2026-07-14T06:10:45
12520,8840,6630,PHP,,,true,2026-07-14T06:10:45
12521,10185,7640,PHP,,,true,2026-07-14T06:10:45
12522,8030,6025,PHP,,,true,2026-07-14T06:10:45
12524,9085,6815,PHP,,,true,2026-07-14T06:10:45
12525,9070,6805,PHP,,,true,2026-07-14T06:10:45
12526,10805,8105,PHP,,,true,2026-07-14T06:10:45
12527,5700,4275,PHP,,,true,2026-07-14T06:10:45
12528,6865,5150,PHP,,,true,2026-07-14T06:10:45
12529,5830,4375,PHP,,,true,2026-07-14T06:10:45
12530,9570,7180,PHP,,,true,2026-07-14T06:10:45
12531,8810,6610,PHP,,,true,2026-07-14T06:10:45
12532,9085,6815,PHP,,,true,2026-07-14T06:10:45
12533,11290,8470,PHP,,,true,2026-07-14T06:10:45
12534,10805,8105,PHP,,,true,2026-07-14T06:10:45
12535,11170,8380,PHP,,,true,2026-07-14T06:10:45
12536,10430,7825,PHP,,,true,2026-07-14T06:10:45
12537,9070,6805,PHP,,,true,2026-07-14T06:10:45
12538,10065,7550,PHP,,,true,2026-07-14T06:10:45
12539,4685,3515,PHP,,,true,2026-07-14T06:10:45
1254,15300,14300,PHP,,,true,2026-07-14T06:10:45
12540,5630,4225,PHP,,,true,2026-07-14T06:10:45
12541,5670,4255,PHP,,,true,2026-07-14T06:10:45
12542,6150,4615,PHP,,,true,2026-07-14T06:10:45
12543,6345,4760,PHP,,,true,2026-07-14T06:10:45
12544,6480,4860,PHP,,,true,2026-07-14T06:10:45
12545,6865,5150,PHP,,,true,2026-07-14T06:10:45
12546,4790,3595,PHP,,,true,2026-07-14T06:10:45
12547,2720,2040,PHP,,,true,2026-07-14T06:10:45
12553,3300,2475,PHP,,,true,2026-07-14T06:10:45
12554,3285,2465,PHP,,,true,2026-07-14T06:10:45
12555,3600,2700,PHP,,,true,2026-07-14T06:10:45
12557,3560,2670,PHP,,,true,2026-07-14T06:10:45
12558,3690,2770,PHP,,,true,2026-07-14T06:10:45
12560,3750,2815,PHP,,,true,2026-07-14T06:10:45
12561,3750,2815,PHP,,,true,2026-07-14T06:10:45
12562,3560,2670,PHP,,,true,2026-07-14T06:10:45
12563,3885,2915,PHP,,,true,2026-07-14T06:10:45
12564,4245,3185,PHP,,,true,2026-07-14T06:10:45
12565,3705,2780,PHP,,,true,2026-07-14T06:10:45
12566,3780,2835,PHP,,,true,2026-07-14T06:10:45
12567,4010,3010,PHP,,,true,2026-07-14T06:10:45
12568,4665,3500,PHP,,,true,2026-07-14T06:10:45
12569,4145,3110,PHP,,,true,2026-07-14T06:10:45
12570,4665,3500,PHP,,,true,2026-07-14T06:10:45
12572,4340,3255,PHP,,,true,2026-07-14T06:10:45
12574,4665,3500,PHP,,,true,2026-07-14T06:10:45
12575,5050,3790,PHP,,,true,2026-07-14T06:10:45
12576,5370,4030,PHP,,,true,2026-07-14T06:10:45
12577,5700,4275,PHP,,,true,2026-07-14T06:10:45
12578,4270,3205,PHP,,,true,2026-07-14T06:10:45
12579,5700,4275,PHP,,,true,2026-07-14T06:10:45
12580,5830,4375,PHP,,,true,2026-07-14T06:10:45
12582,4920,3690,PHP,,,true,2026-07-14T06:10:45
12584,5830,4375,PHP,,,true,2026-07-14T06:10:45
12585,6800,5100,PHP,,,true,2026-07-14T06:10:45
12589,6085,4565,PHP,,,true,2026-07-14T06:10:45
1259,22580,21580,PHP,,,true,2026-07-14T06:10:45
12590,6605,4955,PHP,,,true,2026-07-14T06:10:45
12592,5440,4080,PHP,,,true,2026-07-14T06:10:45
12593,5630,4225,PHP,,,true,2026-07-14T06:10:45
12594,6085,4565,PHP,,,true,2026-07-14T06:10:45
12595,7125,5345,PHP,,,true,2026-07-14T06:10:45
12596,7580,5685,PHP,,,true,2026-07-14T06:10:45
12597,7250,5440,PHP,,,true,2026-07-14T06:10:45
12598,7510,5635,PHP,,,true,2026-07-14T06:10:45
12599,7705,5780,PHP,,,true,2026-07-14T06:10:45
1260,29775,28775,PHP,,,true,2026-07-14T06:10:45
12600,8680,6510,PHP,,,true,2026-07-14T06:10:45
12606,6605,4955,PHP,,,true,2026-07-14T06:10:45
12607,6085,4565,PHP,,,true,2026-07-14T06:10:45
12608,7180,5385,PHP,,,true,2026-07-14T06:10:45
12609,7645,5735,PHP,,,true,2026-07-14T06:10:45
12610,7250,5440,PHP,,,true,2026-07-14T06:10:45
12611,7385,5540,PHP,,,true,2026-07-14T06:10:45
12612,7905,5930,PHP,,,true,2026-07-14T06:10:45
12614,8100,6075,PHP,,,true,2026-07-14T06:10:45
12615,6220,4665,PHP,,,true,2026-07-14T06:10:45
12617,7645,5735,PHP,,,true,2026-07-14T06:10:45
12618,8165,6125,PHP,,,true,2026-07-14T06:10:45
12619,7770,5830,PHP,,,true,2026-07-14T06:10:45
12621,7905,5930,PHP,,,true,2026-07-14T06:10:45
12623,8360,6270,PHP,,,true,2026-07-14T06:10:45
12624,9005,6755,PHP,,,true,2026-07-14T06:10:45
12625,8420,6315,PHP,,,true,2026-07-14T06:10:45
12626,8550,6415,PHP,,,true,2026-07-14T06:10:45
12627,8680,6510,PHP,,,true,2026-07-14T06:10:45
12628,8810,6610,PHP,,,true,2026-07-14T06:10:45
12629,6450,4840,PHP,,,true,2026-07-14T06:10:45
12630,6670,5005,PHP,,,true,2026-07-14T06:10:45
12631,8030,6025,PHP,,,true,2026-07-14T06:10:45
12632,9200,6900,PHP,,,true,2026-07-14T06:10:45
12633,8840,6630,PHP,,,true,2026-07-14T06:10:45
12634,8810,6610,PHP,,,true,2026-07-14T06:10:45
12635,9510,7135,PHP,,,true,2026-07-14T06:10:45
12642,10430,7825,PHP,,,true,2026-07-14T06:10:45
12649,3240,2430,PHP,,,true,2026-07-14T06:10:45
12650,3170,2380,PHP,,,true,2026-07-14T06:10:45
12651,4145,3110,PHP,,,true,2026-07-14T06:10:45
12652,5350,4015,PHP,,,true,2026-07-14T06:10:45
12653,5890,4420,PHP,,,true,2026-07-14T06:10:45
12655,7125,5345,PHP,,,true,2026-07-14T06:10:45
12657,6480,4860,PHP,,,true,2026-07-14T06:10:45
12658,7510,5635,PHP,,,true,2026-07-14T06:10:45
12659,8680,6510,PHP,,,true,2026-07-14T06:10:45
12660,8810,6610,PHP,,,true,2026-07-14T06:10:45
12661,9070,6805,PHP,,,true,2026-07-14T06:10:45
12662,5700,4275,PHP,,,true,2026-07-14T06:10:45
12663,6085,4565,PHP,,,true,2026-07-14T06:10:45
12664,6765,5075,PHP,,,true,2026-07-14T06:10:45
12665,7705,5780,PHP,,,true,2026-07-14T06:10:45
12667,7250,5440,PHP,,,true,2026-07-14T06:10:45
12668,7745,5810,PHP,,,true,2026-07-14T06:10:45
12669,8100,6075,PHP,,,true,2026-07-14T06:10:45
1267,37965,36965,PHP,,,true,2026-07-14T06:10:45
12670,9070,6805,PHP,,,true,2026-07-14T06:10:45
12671,8900,6675,PHP,,,true,2026-07-14T06:10:45
12672,10185,7640,PHP,,,true,2026-07-14T06:10:45
12673,9265,6950,PHP,,,true,2026-07-14T06:10:45
12674,12520,9390,PHP,,,true,2026-07-14T06:10:45
12675,7905,5930,PHP,,,true,2026-07-14T06:10:45
12676,8290,6220,PHP,,,true,2026-07-14T06:10:45
12677,9130,6850,PHP,,,true,2026-07-14T06:10:45
12678,9330,7000,PHP,,,true,2026-07-14T06:10:45
12679,12645,9485,PHP,,,true,2026-07-14T06:10:45
12680,9205,6905,PHP,,,true,2026-07-14T06:10:45
12681,8960,6720,PHP,,,true,2026-07-14T06:10:45
12682,7250,5440,PHP,,,true,2026-07-14T06:10:45
12685,6865,5150,PHP,,,true,2026-07-14T06:10:45
12686,7510,5635,PHP,,,true,2026-07-14T06:10:45
12687,7705,5780,PHP,,,true,2026-07-14T06:10:45
12688,7905,5930,PHP,,,true,2026-07-14T06:10:45
12689,8810,6610,PHP,,,true,2026-07-14T06:10:45
12690,7645,5735,PHP,,,true,2026-07-14T06:10:45
12691,8030,6025,PHP,,,true,2026-07-14T06:10:45
12692,8870,6655,PHP,,,true,2026-07-14T06:10:45
12693,8960,6720,PHP,,,true,2026-07-14T06:10:45
12694,6245,4685,PHP,,,true,2026-07-14T06:10:45
12695,7905,5930,PHP,,,true,2026-07-14T06:10:45
12696,8290,6220,PHP,,,true,2026-07-14T06:10:45
12697,10805,8105,PHP,,,true,2026-07-14T06:10:45
12698,11665,8750,PHP,,,true,2026-07-14T06:10:45
12699,13260,9945,PHP,,,true,2026-07-14T06:10:45
12700,12150,9115,PHP,,,true,2026-07-14T06:10:45
12701,13750,10315,PHP,,,true,2026-07-14T06:10:45
12704,4270,3205,PHP,,,true,2026-07-14T06:10:45
12705,5505,4130,PHP,,,true,2026-07-14T06:10:45
12706,5765,4325,PHP,,,true,2026-07-14T06:10:45
12707,5985,4490,PHP,,,true,2026-07-14T06:10:45
12708,6085,4565,PHP,,,true,2026-07-14T06:10:45
12709,6865,5150,PHP,,,true,2026-07-14T06:10:45
12710,7000,5250,PHP,,,true,2026-07-14T06:10:45
12711,6010,4510,PHP,,,true,2026-07-14T06:10:45
12712,6040,4530,PHP,,,true,2026-07-14T06:10:45
12713,7125,5345,PHP,,,true,2026-07-14T06:10:45
12714,7510,5635,PHP,,,true,2026-07-14T06:10:45
12715,6345,4760,PHP,,,true,2026-07-14T06:10:45
12716,6740,5055,PHP,,,true,2026-07-14T06:10:45
12717,7385,5540,PHP,,,true,2026-07-14T06:10:45
12719,14310,10735,PHP,,,true,2026-07-14T06:10:45
12720,19420,14565,PHP,,,true,2026-07-14T06:10:45
12721,17505,13130,PHP,,,true,2026-07-14T06:10:45
12722,19965,14975,PHP,,,true,2026-07-14T06:10:45
12723,24460,18345,PHP,,,true,2026-07-14T06:10:45
12724,16720,12540,PHP,,,true,2026-07-14T06:10:45
12725,19425,14570,PHP,,,true,2026-07-14T06:10:45
12726,20645,15485,PHP,,,true,2026-07-14T06:10:45
12727,16770,12580,PHP,,,true,2026-07-14T06:10:45
12728,19030,14275,PHP,,,true,2026-07-14T06:10:45
12729,20920,15690,PHP,,,true,2026-07-14T06:10:45
12730,24210,18160,PHP,,,true,2026-07-14T06:10:45
12731,24390,18295,PHP,,,true,2026-07-14T06:10:45
12732,27690,20770,PHP,,,true,2026-07-14T06:10:45
12733,29100,21825,PHP,,,true,2026-07-14T06:10:45
12734,2565,1925,PHP,,,true,2026-07-14T06:10:45
12735,16300,15300,PHP,,,true,2026-07-14T06:10:45
12736,26245,19685,PHP,,,true,2026-07-14T06:10:45
1282,36180,35180,PHP,,,true,2026-07-14T06:10:45
1285,45085,44085,PHP,,,true,2026-07-14T06:10:45
1300,38205,37205,PHP,,,true,2026-07-14T06:10:45
13028,6685,5015,PHP,,,true,2026-07-14T06:10:45
13166,40230,30175,PHP,,,true,2026-07-14T06:10:45
13167,3770,2830,PHP,,,true,2026-07-14T06:10:45
13168,2450,1840,PHP,,,true,2026-07-14T06:10:45
13169,2420,1815,PHP,,,true,2026-07-14T06:10:45
13170,2705,2030,PHP,,,true,2026-07-14T06:10:45
13171,3080,2310,PHP,,,true,2026-07-14T06:10:45
13172,2770,2080,PHP,,,true,2026-07-14T06:10:45
13173,2545,1910,PHP,,,true,2026-07-14T06:10:45
13174,2750,2065,PHP,,,true,2026-07-14T06:10:45
13175,2950,2215,PHP,,,true,2026-07-14T06:10:45
13176,3080,2310,PHP,,,true,2026-07-14T06:10:45
13177,3570,2680,PHP,,,true,2026-07-14T06:10:45
13178,2865,2150,PHP,,,true,2026-07-14T06:10:45
13179,3310,2485,PHP,,,true,2026-07-14T06:10:45
13180,3025,2270,PHP,,,true,2026-07-14T06:10:45
13181,3330,2500,PHP,,,true,2026-07-14T06:10:45
13182,3400,2550,PHP,,,true,2026-07-14T06:10:45
13183,3500,2625,PHP,,,true,2026-07-14T06:10:45
13184,3265,2450,PHP,,,true,2026-07-14T06:10:45
13185,3565,2675,PHP,,,true,2026-07-14T06:10:45
13186,4230,3175,PHP,,,true,2026-07-14T06:10:45
13187,3960,2970,PHP,,,true,2026-07-14T06:10:45
13188,4350,3265,PHP,,,true,2026-07-14T06:10:45
13189,4365,3275,PHP,,,true,2026-07-14T06:10:45
13190,4740,3555,PHP,,,true,2026-07-14T06:10:45
13191,4360,3270,PHP,,,true,2026-07-14T06:10:45
13192,4885,3665,PHP,,,true,2026-07-14T06:10:45
13193,4665,3500,PHP,,,true,2026-07-14T06:10:45
13194,13260,9945,PHP,,,true,2026-07-14T06:10:45
13195,5005,3755,PHP,,,true,2026-07-14T06:10:45
13196,4810,3610,PHP,,,true,2026-07-14T06:10:45
13197,4765,3575,PHP,,,true,2026-07-14T06:10:45
13198,5105,3830,PHP,,,true,2026-07-14T06:10:45
13199,33530,25150,PHP,,,true,2026-07-14T06:10:45
13200,7980,5985,PHP,,,true,2026-07-14T06:10:45
13202,8950,6715,PHP,,,true,2026-07-14T06:10:45
13210,40945,39945,PHP,,,true,2026-07-14T06:10:45
13211,2500,1875,PHP,,,true,2026-07-14T06:10:45
13212,2500,1875,PHP,,,true,2026-07-14T06:10:45
13213,2690,2020,PHP,,,true,2026-07-14T06:10:45
13214,3045,2285,PHP,,,true,2026-07-14T06:10:45
13215,3045,2285,PHP,,,true,2026-07-14T06:10:45
13216,3460,2595,PHP,,,true,2026-07-14T06:10:45
13217,2940,2205,PHP,,,true,2026-07-14T06:10:45
13218,2925,2195,PHP,,,true,2026-07-14T06:10:45
13219,3200,2400,PHP,,,true,2026-07-14T06:10:45
13220,3325,2495,PHP,,,true,2026-07-14T06:10:45
13221,2885,2165,PHP,,,true,2026-07-14T06:10:45
13222,3200,2400,PHP,,,true,2026-07-14T06:10:45
13223,3485,2615,PHP,,,true,2026-07-14T06:10:45
13224,3665,2750,PHP,,,true,2026-07-14T06:10:45
13225,4080,3060,PHP,,,true,2026-07-14T06:10:45
13226,3745,2810,PHP,,,true,2026-07-14T06:10:45
13227,3610,2710,PHP,,,true,2026-07-14T06:10:45
13228,4145,3110,PHP,,,true,2026-07-14T06:10:45
13229,3305,2480,PHP,,,true,2026-07-14T06:10:45
13230,3625,2720,PHP,,,true,2026-07-14T06:10:45
13231,3705,2780,PHP,,,true,2026-07-14T06:10:45
13232,4050,3040,PHP,,,true,2026-07-14T06:10:45
13233,3340,2505,PHP,,,true,2026-07-14T06:10:45
13234,3610,2710,PHP,,,true,2026-07-14T06:10:45
13235,3980,2985,PHP,,,true,2026-07-14T06:10:45
13236,4470,3355,PHP,,,true,2026-07-14T06:10:45
13237,3860,2895,PHP,,,true,2026-07-14T06:10:45
13238,4040,3030,PHP,,,true,2026-07-14T06:10:45
13239,4340,3255,PHP,,,true,2026-07-14T06:10:45
13240,4690,3520,PHP,,,true,2026-07-14T06:10:45
13241,4065,3050,PHP,,,true,2026-07-14T06:10:45
13242,4340,3255,PHP,,,true,2026-07-14T06:10:45
13243,4185,3140,PHP,,,true,2026-07-14T06:10:45
13244,4520,3390,PHP,,,true,2026-07-14T06:10:45
13245,4265,3200,PHP,,,true,2026-07-14T06:10:45
13246,4470,3355,PHP,,,true,2026-07-14T06:10:45
13247,4910,3685,PHP,,,true,2026-07-14T06:10:45
13248,4405,3305,PHP,,,true,2026-07-14T06:10:45
13249,4625,3470,PHP,,,true,2026-07-14T06:10:45
13250,4680,3510,PHP,,,true,2026-07-14T06:10:45
13251,5710,4285,PHP,,,true,2026-07-14T06:10:45
13252,4900,3675,PHP,,,true,2026-07-14T06:10:45
13253,5285,3965,PHP,,,true,2026-07-14T06:10:45
13254,6480,4860,PHP,,,true,2026-07-14T06:10:45
13255,4470,3355,PHP,,,true,2026-07-14T06:10:45
13256,4805,3605,PHP,,,true,2026-07-14T06:10:45
13257,4640,3480,PHP,,,true,2026-07-14T06:10:45
13258,4830,3625,PHP,,,true,2026-07-14T06:10:45
13259,5040,3780,PHP,,,true,2026-07-14T06:10:45
13260,4980,3735,PHP,,,true,2026-07-14T06:10:45
13261,5530,4150,PHP,,,true,2026-07-14T06:10:45
13262,5505,4130,PHP,,,true,2026-07-14T06:10:45
13263,5960,4470,PHP,,,true,2026-07-14T06:10:45
13264,5520,4140,PHP,,,true,2026-07-14T06:10:45
13265,5765,4325,PHP,,,true,2026-07-14T06:10:45
13266,6740,5055,PHP,,,true,2026-07-14T06:10:45
13267,5610,4210,PHP,,,true,2026-07-14T06:10:45
13269,5465,4100,PHP,,,true,2026-07-14T06:10:45
13270,5780,4335,PHP,,,true,2026-07-14T06:10:45
13271,5860,4395,PHP,,,true,2026-07-14T06:10:45
13272,5610,4210,PHP,,,true,2026-07-14T06:10:45
13273,5930,4450,PHP,,,true,2026-07-14T06:10:45
13274,6270,4705,PHP,,,true,2026-07-14T06:10:45
13275,6885,5165,PHP,,,true,2026-07-14T06:10:45
13276,6885,5165,PHP,,,true,2026-07-14T06:10:45
13277,7530,5650,PHP,,,true,2026-07-14T06:10:45
13278,7530,5650,PHP,,,true,2026-07-14T06:10:45
13279,7105,5330,PHP,,,true,2026-07-14T06:10:45
13280,8385,6290,PHP,,,true,2026-07-14T06:10:45
13281,8040,6030,PHP,,,true,2026-07-14T06:10:45
13282,7025,5270,PHP,,,true,2026-07-14T06:10:45
13283,7105,5330,PHP,,,true,2026-07-14T06:10:45
13284,8245,6185,PHP,,,true,2026-07-14T06:10:45
13285,7400,5550,PHP,,,true,2026-07-14T06:10:45
13286,4860,3645,PHP,,,true,2026-07-14T06:10:45
13287,6685,5015,PHP,,,true,2026-07-14T06:10:45
13288,6000,4500,PHP,,,true,2026-07-14T06:10:45
13289,9430,7075,PHP,,,true,2026-07-14T06:10:45
13290,10085,7565,PHP,,,true,2026-07-14T06:10:45
13291,8490,6370,PHP,,,true,2026-07-14T06:10:45
13292,9690,7270,PHP,,,true,2026-07-14T06:10:45
13293,10220,7665,PHP,,,true,2026-07-14T06:10:45
13294,11765,8825,PHP,,,true,2026-07-14T06:10:45
13295,5465,4100,PHP,,,true,2026-07-14T06:10:45
13296,6530,4900,PHP,,,true,2026-07-14T06:10:45
13297,7090,5320,PHP,,,true,2026-07-14T06:10:45
13298,7465,5600,PHP,,,true,2026-07-14T06:10:45
13299,8530,6400,PHP,,,true,2026-07-14T06:10:45
13300,9625,7220,PHP,,,true,2026-07-14T06:10:45
13301,11630,8725,PHP,,,true,2026-07-14T06:10:45
13302,10085,7565,PHP,,,true,2026-07-14T06:10:45
13303,10280,7710,PHP,,,true,2026-07-14T06:10:45
13304,13310,9985,PHP,,,true,2026-07-14T06:10:45
13305,9230,6925,PHP,,,true,2026-07-14T06:10:45
13306,9765,7325,PHP,,,true,2026-07-14T06:10:45
13307,2925,2195,PHP,,,true,2026-07-14T06:10:45
13308,3820,2865,PHP,,,true,2026-07-14T06:10:45
13309,3820,2865,PHP,,,true,2026-07-14T06:10:45
13310,4300,3225,PHP,,,true,2026-07-14T06:10:45
13311,4885,3665,PHP,,,true,2026-07-14T06:10:45
13312,5230,3925,PHP,,,true,2026-07-14T06:10:45
13313,5040,3780,PHP,,,true,2026-07-14T06:10:45
13314,5710,4285,PHP,,,true,2026-07-14T06:10:45
13315,5665,4250,PHP,,,true,2026-07-14T06:10:45
13316,6310,4735,PHP,,,true,2026-07-14T06:10:45
13317,5820,4365,PHP,,,true,2026-07-14T06:10:45
13318,6145,4610,PHP,,,true,2026-07-14T06:10:45
13319,6960,5220,PHP,,,true,2026-07-14T06:10:45
13322,4070,3055,PHP,,,true,2026-07-14T06:10:45
13323,10310,7735,PHP,,,true,2026-07-14T06:10:45
13324,12705,9530,PHP,,,true,2026-07-14T06:10:45
13325,11685,8765,PHP,,,true,2026-07-14T06:10:45
13326,15330,11500,PHP,,,true,2026-07-14T06:10:45
13327,7345,5510,PHP,,,true,2026-07-14T06:10:45
13328,7965,5975,PHP,,,true,2026-07-14T06:10:45
13329,7900,5925,PHP,,,true,2026-07-14T06:10:45
13330,8460,6345,PHP,,,true,2026-07-14T06:10:45
13331,8300,6225,PHP,,,true,2026-07-14T06:10:45
13332,8185,6140,PHP,,,true,2026-07-14T06:10:45
13334,9245,6935,PHP,,,true,2026-07-14T06:10:45
13335,8830,6625,PHP,,,true,2026-07-14T06:10:45
13336,9050,6790,PHP,,,true,2026-07-14T06:10:45
13337,8820,6615,PHP,,,true,2026-07-14T06:10:45
13338,11205,8405,PHP,,,true,2026-07-14T06:10:45
13339,10760,8070,PHP,,,true,2026-07-14T06:10:45
13340,10150,7615,PHP,,,true,2026-07-14T06:10:45
13341,11650,8740,PHP,,,true,2026-07-14T06:10:45
13342,12105,9080,PHP,,,true,2026-07-14T06:10:45
13343,11500,8625,PHP,,,true,2026-07-14T06:10:45
13344,12425,9320,PHP,,,true,2026-07-14T06:10:45
13345,11400,8550,PHP,,,true,2026-07-14T06:10:45
13346,10865,8150,PHP,,,true,2026-07-14T06:10:45
13347,11230,8425,PHP,,,true,2026-07-14T06:10:45
13348,10150,7615,PHP,,,true,2026-07-14T06:10:45
13350,11880,8910,PHP,,,true,2026-07-14T06:10:45
13351,15210,11410,PHP,,,true,2026-07-14T06:10:45
13352,10610,7960,PHP,,,true,2026-07-14T06:10:45
13353,13100,9825,PHP,,,true,2026-07-14T06:10:45
13354,12070,9055,PHP,,,true,2026-07-14T06:10:45
13355,13410,10060,PHP,,,true,2026-07-14T06:10:45
13356,11660,8745,PHP,,,true,2026-07-14T06:10:45
13357,18420,13815,PHP,,,true,2026-07-14T06:10:45
13359,13690,10270,PHP,,,true,2026-07-14T06:10:45
13360,18225,13670,PHP,,,true,2026-07-14T06:10:45
13361,20000,15000,PHP,,,true,2026-07-14T06:10:45
13362,20670,15505,PHP,,,true,2026-07-14T06:10:45
13363,20170,15130,PHP,,,true,2026-07-14T06:10:45
13364,20845,15635,PHP,,,true,2026-07-14T06:10:45
13365,28020,21015,PHP,,,true,2026-07-14T06:10:45
13366,29285,21965,PHP,,,true,2026-07-14T06:10:45
13367,21325,15995,PHP,,,true,2026-07-14T06:10:45
13368,7450,5590,PHP,,,true,2026-07-14T06:10:45
13369,7870,5905,PHP,,,true,2026-07-14T06:10:45
13370,8365,6275,PHP,,,true,2026-07-14T06:10:45
13371,7840,5880,PHP,,,true,2026-07-14T06:10:45
13372,8365,6275,PHP,,,true,2026-07-14T06:10:45
13374,9170,6880,PHP,,,true,2026-07-14T06:10:45
13375,8400,6300,PHP,,,true,2026-07-14T06:10:45
13376,8785,6590,PHP,,,true,2026-07-14T06:10:45
13377,11870,8905,PHP,,,true,2026-07-14T06:10:45
13378,10925,8195,PHP,,,true,2026-07-14T06:10:45
13379,8400,6300,PHP,,,true,2026-07-14T06:10:45
13380,9350,7015,PHP,,,true,2026-07-14T06:10:45
13381,8430,6325,PHP,,,true,2026-07-14T06:10:45
13382,11230,8425,PHP,,,true,2026-07-14T06:10:45
13383,7450,5590,PHP,,,true,2026-07-14T06:10:45
13384,8365,6275,PHP,,,true,2026-07-14T06:10:45
13385,8365,6275,PHP,,,true,2026-07-14T06:10:45
13386,9045,6785,PHP,,,true,2026-07-14T06:10:45
13387,9350,7015,PHP,,,true,2026-07-14T06:10:45
13388,8365,6275,PHP,,,true,2026-07-14T06:10:45
13389,8740,6555,PHP,,,true,2026-07-14T06:10:45
13390,8740,6555,PHP,,,true,2026-07-14T06:10:45
13391,10105,7580,PHP,,,true,2026-07-14T06:10:45
13392,8785,6590,PHP,,,true,2026-07-14T06:10:45
13393,14120,10590,PHP,,,true,2026-07-14T06:10:45
13394,9045,6785,PHP,,,true,2026-07-14T06:10:45
13395,7980,5985,PHP,,,true,2026-07-14T06:10:45
13396,10005,7505,PHP,,,true,2026-07-14T06:10:45
13397,8365,6275,PHP,,,true,2026-07-14T06:10:45
13398,7840,5880,PHP,,,true,2026-07-14T06:10:45
13399,8090,6070,PHP,,,true,2026-07-14T06:10:45
13400,8400,6300,PHP,,,true,2026-07-14T06:10:45
13401,10925,8195,PHP,,,true,2026-07-14T06:10:45
13402,10730,8050,PHP,,,true,2026-07-14T06:10:45
13403,8300,6225,PHP,,,true,2026-07-14T06:10:45
13404,8185,6140,PHP,,,true,2026-07-14T06:10:45
13405,8820,6615,PHP,,,true,2026-07-14T06:10:45
13406,10150,7615,PHP,,,true,2026-07-14T06:10:45
13407,11500,8625,PHP,,,true,2026-07-14T06:10:45
13408,62985,47240,PHP,,,true,2026-07-14T06:10:45
13409,12070,9055,PHP,,,true,2026-07-14T06:10:45
13410,13140,9855,PHP,,,true,2026-07-14T06:10:45
13411,12560,9420,PHP,,,true,2026-07-14T06:10:45
13412,11985,8990,PHP,,,true,2026-07-14T06:10:45
13413,12645,9485,PHP,,,true,2026-07-14T06:10:45
13414,12325,9245,PHP,,,true,2026-07-14T06:10:45
13415,24660,18495,PHP,,,true,2026-07-14T06:10:45
13416,12470,9355,PHP,,,true,2026-07-14T06:10:45
13417,17950,13465,PHP,,,true,2026-07-14T06:10:45
13418,19570,14680,PHP,,,true,2026-07-14T06:10:45
13419,15710,11785,PHP,,,true,2026-07-14T06:10:45
13420,29620,22215,PHP,,,true,2026-07-14T06:10:45
13421,8810,6610,PHP,,,true,2026-07-14T06:10:45
13422,9465,7100,PHP,,,true,2026-07-14T06:10:45
13423,11500,8625,PHP,,,true,2026-07-14T06:10:45
13424,11650,8740,PHP,,,true,2026-07-14T06:10:45
13425,12210,9160,PHP,,,true,2026-07-14T06:10:45
13426,13645,10235,PHP,,,true,2026-07-14T06:10:45
13427,11880,8910,PHP,,,true,2026-07-14T06:10:45
13428,15465,11600,PHP,,,true,2026-07-14T06:10:45
13429,17605,13205,PHP,,,true,2026-07-14T06:10:45
13430,25960,19470,PHP,,,true,2026-07-14T06:10:45
13431,23800,17850,PHP,,,true,2026-07-14T06:10:45
13432,25820,19365,PHP,,,true,2026-07-14T06:10:45
13433,22845,17135,PHP,,,true,2026-07-14T06:10:45
13434,20245,15185,PHP,,,true,2026-07-14T06:10:45
13435,23710,17785,PHP,,,true,2026-07-14T06:10:45
13436,29010,21760,PHP,,,true,2026-07-14T06:10:45
13437,26450,19840,PHP,,,true,2026-07-14T06:10:45
13438,43225,32420,PHP,,,true,2026-07-14T06:10:45
13439,9265,6950,PHP,,,true,2026-07-14T06:10:45
13440,29645,22235,PHP,,,true,2026-07-14T06:10:45
13441,45665,34250,PHP,,,true,2026-07-14T06:10:45
13442,10660,7995,PHP,,,true,2026-07-14T06:10:45
13443,15340,11505,PHP,,,true,2026-07-14T06:10:45
13444,23310,17485,PHP,,,true,2026-07-14T06:10:45
13445,31300,23475,PHP,,,true,2026-07-14T06:10:45
13447,32325,24245,PHP,,,true,2026-07-14T06:10:45
13448,38785,29090,PHP,,,true,2026-07-14T06:10:45
13449,47720,35790,PHP,,,true,2026-07-14T06:10:45
13450,53765,40325,PHP,,,true,2026-07-14T06:10:45
13451,23310,17485,PHP,,,true,2026-07-14T06:10:45
13452,45945,34460,PHP,,,true,2026-07-14T06:10:45
13453,29645,22235,PHP,,,true,2026-07-14T06:10:45
13454,48570,36430,PHP,,,true,2026-07-14T06:10:45
13455,54340,40755,PHP,,,true,2026-07-14T06:10:45
13456,32325,24245,PHP,,,true,2026-07-14T06:10:45
13457,73820,55365,PHP,,,true,2026-07-14T06:10:45
13458,32325,24245,PHP,,,true,2026-07-14T06:10:45
13459,62900,47175,PHP,,,true,2026-07-14T06:10:45
13460,53620,40215,PHP,,,true,2026-07-14T06:10:45
13461,45605,34205,PHP,,,true,2026-07-14T06:10:45
13462,47965,35975,PHP,,,true,2026-07-14T06:10:45
13463,47265,35450,PHP,,,true,2026-07-14T06:10:45
13464,34260,25695,PHP,,,true,2026-07-14T06:10:45
13465,48570,36430,PHP,,,true,2026-07-14T06:10:45
13466,72730,54550,PHP,,,true,2026-07-14T06:10:45
13467,67250,50440,PHP,,,true,2026-07-14T06:10:45
13468,57830,43375,PHP,,,true,2026-07-14T06:10:45
13469,65725,49295,PHP,,,true,2026-07-14T06:10:45
13470,56540,42405,PHP,,,true,2026-07-14T06:10:45
13471,87110,65335,PHP,,,true,2026-07-14T06:10:45
13472,27210,20410,PHP,,,true,2026-07-14T06:10:45
13473,24525,18395,PHP,,,true,2026-07-14T06:10:45
13474,33625,25220,PHP,,,true,2026-07-14T06:10:45
13475,28670,21505,PHP,,,true,2026-07-14T06:10:45
13476,39870,29905,PHP,,,true,2026-07-14T06:10:45
13477,37585,28190,PHP,,,true,2026-07-14T06:10:45
13478,60425,45320,PHP,,,true,2026-07-14T06:10:45
13479,35565,26675,PHP,,,true,2026-07-14T06:10:45
13480,62500,46875,PHP,,,true,2026-07-14T06:10:45
13481,28170,21130,PHP,,,true,2026-07-14T06:10:45
13482,17960,13470,PHP,,,true,2026-07-14T06:10:45
13483,20930,15700,PHP,,,true,2026-07-14T06:10:45
13484,18710,14035,PHP,,,true,2026-07-14T06:10:45
13485,25805,19355,PHP,,,true,2026-07-14T06:10:45
13486,31100,23325,PHP,,,true,2026-07-14T06:10:45
13487,38550,28915,PHP,,,true,2026-07-14T06:10:45
13488,15905,11930,PHP,,,true,2026-07-14T06:10:45
13489,16240,12180,PHP,,,true,2026-07-14T06:10:45
13490,19800,14850,PHP,,,true,2026-07-14T06:10:45
13492,11205,8405,PHP,,,true,2026-07-14T06:10:45
13493,10925,8195,PHP,,,true,2026-07-14T06:10:45
13494,12140,9105,PHP,,,true,2026-07-14T06:10:45
13495,15685,11765,PHP,,,true,2026-07-14T06:10:45
13496,14940,11205,PHP,,,true,2026-07-14T06:10:45
13497,15300,11475,PHP,,,true,2026-07-14T06:10:45
13498,16445,12335,PHP,,,true,2026-07-14T06:10:45
13499,21465,16100,PHP,,,true,2026-07-14T06:10:45
13500,19330,14500,PHP,,,true,2026-07-14T06:10:45
13501,22010,16510,PHP,,,true,2026-07-14T06:10:45
13502,20065,15050,PHP,,,true,2026-07-14T06:10:45
13503,24860,18645,PHP,,,true,2026-07-14T06:10:45
13504,24000,18000,PHP,,,true,2026-07-14T06:10:45
13505,23665,17750,PHP,,,true,2026-07-14T06:10:45
13506,30750,23065,PHP,,,true,2026-07-14T06:10:45
13507,34870,26155,PHP,,,true,2026-07-14T06:10:45
13508,26710,20035,PHP,,,true,2026-07-14T06:10:45
13509,15430,11575,PHP,,,true,2026-07-14T06:10:45
13510,13165,9875,PHP,,,true,2026-07-14T06:10:45
13511,19465,14600,PHP,,,true,2026-07-14T06:10:45
13512,20110,15085,PHP,,,true,2026-07-14T06:10:45
13513,24330,18250,PHP,,,true,2026-07-14T06:10:45
13514,24000,18000,PHP,,,true,2026-07-14T06:10:45
13515,25470,19105,PHP,,,true,2026-07-14T06:10:45
13516,26710,20035,PHP,,,true,2026-07-14T06:10:45
13517,28260,21195,PHP,,,true,2026-07-14T06:10:45
13518,27570,20680,PHP,,,true,2026-07-14T06:10:45
13519,34870,26155,PHP,,,true,2026-07-14T06:10:45
13520,22485,16865,PHP,,,true,2026-07-14T06:10:45
13521,33310,24985,PHP,,,true,2026-07-14T06:10:45
13522,15950,11965,PHP,,,true,2026-07-14T06:10:45
13523,21645,16235,PHP,,,true,2026-07-14T06:10:45
13524,20160,15120,PHP,,,true,2026-07-14T06:10:45
13525,24660,18495,PHP,,,true,2026-07-14T06:10:45
13526,26710,20035,PHP,,,true,2026-07-14T06:10:45
13527,32865,24650,PHP,,,true,2026-07-14T06:10:45
13528,41270,30955,PHP,,,true,2026-07-14T06:10:45
13529,54220,40665,PHP,,,true,2026-07-14T06:10:45
13530,44805,33605,PHP,,,true,2026-07-14T06:10:45
13531,37210,27910,PHP,,,true,2026-07-14T06:10:45
13532,56130,42100,PHP,,,true,2026-07-14T06:10:45
13533,60710,45535,PHP,,,true,2026-07-14T06:10:45
13534,25270,18955,PHP,,,true,2026-07-14T06:10:45
13535,24650,18490,PHP,,,true,2026-07-14T06:10:45
13536,24330,18250,PHP,,,true,2026-07-14T06:10:45
13537,40225,30170,PHP,,,true,2026-07-14T06:10:45
13538,46140,34605,PHP,,,true,2026-07-14T06:10:45
13539,41260,30945,PHP,,,true,2026-07-14T06:10:45
13540,45385,34040,PHP,,,true,2026-07-14T06:10:45
13541,41270,30955,PHP,,,true,2026-07-14T06:10:45
13542,35420,26565,PHP,,,true,2026-07-14T06:10:45
13543,66905,50180,PHP,,,true,2026-07-14T06:10:45
13544,57670,43255,PHP,,,true,2026-07-14T06:10:45
13545,14085,10565,PHP,,,true,2026-07-14T06:10:45
13546,16360,12270,PHP,,,true,2026-07-14T06:10:45
13547,17950,13465,PHP,,,true,2026-07-14T06:10:45
13548,19950,14965,PHP,,,true,2026-07-14T06:10:45
13549,20665,15500,PHP,,,true,2026-07-14T06:10:45
13550,28020,21015,PHP,,,true,2026-07-14T06:10:45
13551,16985,12740,PHP,,,true,2026-07-14T06:10:45
13552,25025,18770,PHP,,,true,2026-07-14T06:10:45
13553,22885,17165,PHP,,,true,2026-07-14T06:10:45
13554,26845,20135,PHP,,,true,2026-07-14T06:10:45
13555,27570,20680,PHP,,,true,2026-07-14T06:10:45
13556,33625,25220,PHP,,,true,2026-07-14T06:10:45
13557,50785,38090,PHP,,,true,2026-07-14T06:10:45
13558,50905,38180,PHP,,,true,2026-07-14T06:10:45
13559,14820,11115,PHP,,,true,2026-07-14T06:10:45
13560,16100,12075,PHP,,,true,2026-07-14T06:10:45
13561,19465,14600,PHP,,,true,2026-07-14T06:10:45
13562,18825,14120,PHP,,,true,2026-07-14T06:10:45
13563,15690,11770,PHP,,,true,2026-07-14T06:10:45
13564,21365,16025,PHP,,,true,2026-07-14T06:10:45
13565,26670,20005,PHP,,,true,2026-07-14T06:10:45
13566,28690,21520,PHP,,,true,2026-07-14T06:10:45
13567,23950,17965,PHP,,,true,2026-07-14T06:10:45
13568,31940,23955,PHP,,,true,2026-07-14T06:10:45
13569,30260,22695,PHP,,,true,2026-07-14T06:10:45
13570,40065,30050,PHP,,,true,2026-07-14T06:10:45
13571,41270,30955,PHP,,,true,2026-07-14T06:10:45
13572,41260,30945,PHP,,,true,2026-07-14T06:10:45
13573,45485,34115,PHP,,,true,2026-07-14T06:10:45
13574,26260,19695,PHP,,,true,2026-07-14T06:10:45
13575,33170,24880,PHP,,,true,2026-07-14T06:10:45
13576,42625,31970,PHP,,,true,2026-07-14T06:10:45
13577,35420,26565,PHP,,,true,2026-07-14T06:10:45
13578,51020,38265,PHP,,,true,2026-07-14T06:10:45
13579,32050,24040,PHP,,,true,2026-07-14T06:10:45
13580,7980,5985,PHP,,,true,2026-07-14T06:10:45
13581,9360,7020,PHP,,,true,2026-07-14T06:10:45
13582,7885,5915,PHP,,,true,2026-07-14T06:10:45
13583,7655,5740,PHP,,,true,2026-07-14T06:10:45
13584,3585,2690,PHP,,,true,2026-07-14T06:10:45
13592,23265,17450,PHP,,,true,2026-07-14T06:10:45
13593,24065,18050,PHP,,,true,2026-07-14T06:10:45
13594,25270,18955,PHP,,,true,2026-07-14T06:10:45
13598,26225,19670,PHP,,,true,2026-07-14T06:10:45
13605,21905,16430,PHP,,,true,2026-07-14T06:10:45
13609,22070,16555,PHP,,,true,2026-07-14T06:10:45
13611,22025,16520,PHP,,,true,2026-07-14T06:10:45
13615,24285,18215,PHP,,,true,2026-07-14T06:10:45
13619,18420,13815,PHP,,,true,2026-07-14T06:10:45
13620,18945,14210,PHP,,,true,2026-07-14T06:10:45
13622,20405,15305,PHP,,,true,2026-07-14T06:10:45
13632,16505,12380,PHP,,,true,2026-07-14T06:10:45
13633,18290,13720,PHP,,,true,2026-07-14T06:10:45
13642,16745,12560,PHP,,,true,2026-07-14T06:10:45
13644,16325,12245,PHP,,,true,2026-07-14T06:10:45
13645,17710,13285,PHP,,,true,2026-07-14T06:10:45
13646,14290,10720,PHP,,,true,2026-07-14T06:10:45
13647,15885,11915,PHP,,,true,2026-07-14T06:10:45
13649,11140,8355,PHP,,,true,2026-07-14T06:10:45
13650,9710,7285,PHP,,,true,2026-07-14T06:10:45
13651,9605,7205,PHP,,,true,2026-07-14T06:10:45
13652,13100,9825,PHP,,,true,2026-07-14T06:10:45
13653,11710,8785,PHP,,,true,2026-07-14T06:10:45
13654,8260,6195,PHP,,,true,2026-07-14T06:10:45
13655,7910,5935,PHP,,,true,2026-07-14T06:10:45
13661,8710,6535,PHP,,,true,2026-07-14T06:10:45
13662,9130,6850,PHP,,,true,2026-07-14T06:10:45
13663,10020,7515,PHP,,,true,2026-07-14T06:10:45
13676,14360,10770,PHP,,,true,2026-07-14T06:10:45
13678,16305,12230,PHP,,,true,2026-07-14T06:10:45
13682,12110,9085,PHP,,,true,2026-07-14T06:10:45
13685,10810,8110,PHP,,,true,2026-07-14T06:10:45
13688,12105,9080,PHP,,,true,2026-07-14T06:10:45
13697,15385,11540,PHP,,,true,2026-07-14T06:10:45
13698,9040,6780,PHP,,,true,2026-07-14T06:10:45
13699,3820,2865,PHP,,,true,2026-07-14T06:10:45
13700,7285,5465,PHP,,,true,2026-07-14T06:10:45
13701,3980,2985,PHP,,,true,2026-07-14T06:10:45
13702,3020,2265,PHP,,,true,2026-07-14T06:10:45
13703,3725,2795,PHP,,,true,2026-07-14T06:10:45
13704,3740,2805,PHP,,,true,2026-07-14T06:10:45
13705,3725,2795,PHP,,,true,2026-07-14T06:10:45
13706,4100,3075,PHP,,,true,2026-07-14T06:10:45
13707,4165,3125,PHP,,,true,2026-07-14T06:10:45
13708,4470,3355,PHP,,,true,2026-07-14T06:10:45
13709,4390,3295,PHP,,,true,2026-07-14T06:10:45
13710,5330,4000,PHP,,,true,2026-07-14T06:10:45
13711,4765,3575,PHP,,,true,2026-07-14T06:10:45
13712,5890,4420,PHP,,,true,2026-07-14T06:10:45
13713,5050,3790,PHP,,,true,2026-07-14T06:10:45
13714,5640,4230,PHP,,,true,2026-07-14T06:10:45
13715,5570,4180,PHP,,,true,2026-07-14T06:10:45
13717,5945,4460,PHP,,,true,2026-07-14T06:10:45
13718,6370,4780,PHP,,,true,2026-07-14T06:10:45
13719,2940,2205,PHP,,,true,2026-07-14T06:10:45
13720,11440,8580,PHP,,,true,2026-07-14T06:10:45
13722,4605,3455,PHP,,,true,2026-07-14T06:10:45
13723,3230,2425,PHP,,,true,2026-07-14T06:10:45
13726,10120,7590,PHP,,,true,2026-07-14T06:10:45
13727,10505,7880,PHP,,,true,2026-07-14T06:10:45
13729,16480,12360,PHP,,,true,2026-07-14T06:10:45
13735,22360,16770,PHP,,,true,2026-07-14T06:10:45
13737,32000,24000,PHP,,,true,2026-07-14T06:10:45
13742,8000,6000,PHP,,,true,2026-07-14T06:10:45
13743,9150,6865,PHP,,,true,2026-07-14T06:10:45
13744,9150,6865,PHP,,,true,2026-07-14T06:10:45
13745,9345,7010,PHP,,,true,2026-07-14T06:10:45
13747,14645,10985,PHP,,,true,2026-07-14T06:10:45
13751,24480,18360,PHP,,,true,2026-07-14T06:10:45
13753,15280,11460,PHP,,,true,2026-07-14T06:10:45
13755,16920,12690,PHP,,,true,2026-07-14T06:10:45
13756,23620,17715,PHP,,,true,2026-07-14T06:10:45
13758,24245,18185,PHP,,,true,2026-07-14T06:10:45
13759,20710,15535,PHP,,,true,2026-07-14T06:10:45
13760,20585,15440,PHP,,,true,2026-07-14T06:10:45
13761,21970,16480,PHP,,,true,2026-07-14T06:10:45
13762,22860,17145,PHP,,,true,2026-07-14T06:10:45
13763,23745,17810,PHP,,,true,2026-07-14T06:10:45
13765,23620,17715,PHP,,,true,2026-07-14T06:10:45
13766,27280,20460,PHP,,,true,2026-07-14T06:10:45
13767,26645,19985,PHP,,,true,2026-07-14T06:10:45
13768,31200,23400,PHP,,,true,2026-07-14T06:10:45
13769,38145,28610,PHP,,,true,2026-07-14T06:10:45
13770,24880,18660,PHP,,,true,2026-07-14T06:10:45
13771,26270,19705,PHP,,,true,2026-07-14T06:10:45
13772,32080,24060,PHP,,,true,2026-07-14T06:10:45
13773,26645,19985,PHP,,,true,2026-07-14T06:10:45
13775,35490,26620,PHP,,,true,2026-07-14T06:10:45
13776,36120,27090,PHP,,,true,2026-07-14T06:10:45
13777,35870,26905,PHP,,,true,2026-07-14T06:10:45
13778,32330,24250,PHP,,,true,2026-07-14T06:10:45
13779,35870,26905,PHP,,,true,2026-07-14T06:10:45
13780,45600,34200,PHP,,,true,2026-07-14T06:10:45
13781,3405,2555,PHP,,,true,2026-07-14T06:10:45
13783,4400,3300,PHP,,,true,2026-07-14T06:10:45
13784,8950,6715,PHP,,,true,2026-07-14T06:10:45
13785,4660,3495,PHP,,,true,2026-07-14T06:10:45
13787,7685,5765,PHP,,,true,2026-07-14T06:10:45
13788,35570,26680,PHP,,,true,2026-07-14T06:10:45
13789,3590,2695,PHP,,,true,2026-07-14T06:10:45
13790,5110,3835,PHP,,,true,2026-07-14T06:10:45
13791,40705,39705,PHP,,,true,2026-07-14T06:10:45
13792,5450,4090,PHP,,,true,2026-07-14T06:10:45
13793,6665,5000,PHP,,,true,2026-07-14T06:10:45
13794,22750,17060,PHP,,,true,2026-07-14T06:10:45
13795,3780,2835,PHP,,,true,2026-07-14T06:10:45
13796,34025,25520,PHP,,,true,2026-07-14T06:10:45
13797,11760,8820,PHP,,,true,2026-07-14T06:10:45
13798,11370,8530,PHP,,,true,2026-07-14T06:10:45
13799,13030,12030,PHP,,,true,2026-07-14T06:10:45
13800,8285,6215,PHP,,,true,2026-07-14T06:10:45
13803,4540,3405,PHP,,,true,2026-07-14T06:10:45
13804,3270,2455,PHP,,,true,2026-07-14T06:10:45
13806,35205,34205,PHP,,,true,2026-07-14T06:10:45
13807,4840,3630,PHP,,,true,2026-07-14T06:10:45
13808,2780,2085,PHP,,,true,2026-07-14T06:10:45
13809,8285,6215,PHP,,,true,2026-07-14T06:10:45
13811,10225,7670,PHP,,,true,2026-07-14T06:10:45
13813,18290,13720,PHP,,,true,2026-07-14T06:10:45
13814,24700,18525,PHP,,,true,2026-07-14T06:10:45
13815,18400,13800,PHP,,,true,2026-07-14T06:10:45
13816,14190,10645,PHP,,,true,2026-07-14T06:10:45
13817,19310,14485,PHP,,,true,2026-07-14T06:10:45
13818,10800,9525,PHP,,,true,2026-07-14T06:10:45
13819,26010,19510,PHP,,,true,2026-07-14T06:10:45
13820,24585,18440,PHP,,,true,2026-07-14T06:10:45
13821,4985,3740,PHP,,,true,2026-07-14T06:10:45
13822,15430,11575,PHP,,,true,2026-07-14T06:10:45
13824,5680,4260,PHP,,,true,2026-07-14T06:10:45
13825,13990,12990,PHP,,,true,2026-07-14T06:10:45
13826,5835,4375,PHP,,,true,2026-07-14T06:10:45
13829,37070,36070,PHP,,,true,2026-07-14T06:10:45
13998,6465,4850,PHP,,,true,2026-07-14T06:10:45
14,2580,1935,PHP,,,true,2026-07-14T06:10:45
14001,49180,48180,PHP,,,true,2026-07-14T06:10:45
14002,7325,5495,PHP,,,true,2026-07-14T06:10:45
14003,30925,23195,PHP,,,true,2026-07-14T06:10:45
14004,23080,17310,PHP,,,true,2026-07-14T06:10:45
14006,26120,19590,PHP,,,true,2026-07-14T06:10:45
14007,12740,11740,PHP,,,true,2026-07-14T06:10:45
14008,12920,9690,PHP,,,true,2026-07-14T06:10:45
14009,3190,2395,PHP,,,true,2026-07-14T06:10:45
14010,6745,5060,PHP,,,true,2026-07-14T06:10:45
14011,26590,19945,PHP,,,true,2026-07-14T06:10:45
14012,20480,15360,PHP,,,true,2026-07-14T06:10:45
14015,5095,,PHP,,,true,2026-07-14T06:10:45
14017,7765,5825,PHP,,,true,2026-07-14T06:10:45
14018,4480,3360,PHP,,,true,2026-07-14T06:10:45
14019,30930,23200,PHP,,,true,2026-07-14T06:10:45
14020,12980,9735,PHP,,,true,2026-07-14T06:10:45
14021,58710,57710,PHP,,,true,2026-07-14T06:10:45
14022,24065,18050,PHP,,,true,2026-07-14T06:10:45
14023,22600,16950,PHP,,,true,2026-07-14T06:10:45
14024,18670,14000,PHP,,,true,2026-07-14T06:10:45
14025,27300,20475,PHP,,,true,2026-07-14T06:10:45
14026,34020,25515,PHP,,,true,2026-07-14T06:10:45
14027,7525,5645,PHP,,,true,2026-07-14T06:10:45
14028,17580,13185,PHP,,,true,2026-07-14T06:10:45
14029,39915,29935,PHP,,,true,2026-07-14T06:10:45
14030,11490,8620,PHP,,,true,2026-07-14T06:10:45
14031,3300,2475,PHP,,,true,2026-07-14T06:10:45
14032,37580,28185,PHP,,,true,2026-07-14T06:10:45
14034,17225,16225,PHP,,,true,2026-07-14T06:10:45
14035,24025,23025,PHP,,,true,2026-07-14T06:10:45
14036,33420,25065,PHP,,,true,2026-07-14T06:10:45
14037,35480,26610,PHP,,,true,2026-07-14T06:10:45
14038,24291,,PHP,,,true,2026-07-14T06:10:45
14039,6312.62,,PHP,,,true,2026-07-14T06:10:45
14041,4405,3305,PHP,,,true,2026-07-14T06:10:45
14042,24825,18620,PHP,,,true,2026-07-14T06:10:45
14043,39030,29275,PHP,,,true,2026-07-14T06:10:45
14044,4865,3650,PHP,,,true,2026-07-14T06:10:45
14045,5525,4145,PHP,,,true,2026-07-14T06:10:45
14046,5680,4260,PHP,,,true,2026-07-14T06:10:45
14047,5105,3830,PHP,,,true,2026-07-14T06:10:45
14048,5805,4355,PHP,,,true,2026-07-14T06:10:45
14049,6030,4525,PHP,,,true,2026-07-14T06:10:45
14050,6565,4925,PHP,,,true,2026-07-14T06:10:45
14051,8020,6015,PHP,,,true,2026-07-14T06:10:45
14052,7230,5425,PHP,,,true,2026-07-14T06:10:45
14053,9070,6805,PHP,,,true,2026-07-14T06:10:45
14054,9000,6750,PHP,,,true,2026-07-14T06:10:45
14055,7450,5590,PHP,,,true,2026-07-14T06:10:45
14056,8230,6175,PHP,,,true,2026-07-14T06:10:45
14057,8465,6350,PHP,,,true,2026-07-14T06:10:45
14058,7565,5675,PHP,,,true,2026-07-14T06:10:45
14059,7550,5665,PHP,,,true,2026-07-14T06:10:45
14060,9000,6750,PHP,,,true,2026-07-14T06:10:45
14061,9625,7220,PHP,,,true,2026-07-14T06:10:45
14062,9130,6850,PHP,,,true,2026-07-14T06:10:45
14063,8270,6205,PHP,,,true,2026-07-14T06:10:45
14064,9080,6810,PHP,,,true,2026-07-14T06:10:45
14065,9650,7240,PHP,,,true,2026-07-14T06:10:45
14066,10185,7640,PHP,,,true,2026-07-14T06:10:45
14067,14480,10860,PHP,,,true,2026-07-14T06:10:45
14068,15160,11370,PHP,,,true,2026-07-14T06:10:45
14069,10960,8220,PHP,,,true,2026-07-14T06:10:45
14070,12570,9430,PHP,,,true,2026-07-14T06:10:45
14071,15050,11290,PHP,,,true,2026-07-14T06:10:45
14072,12105,9080,PHP,,,true,2026-07-14T06:10:45
14073,12225,9170,PHP,,,true,2026-07-14T06:10:45
14074,17650,13240,PHP,,,true,2026-07-14T06:10:45
14075,14960,11220,PHP,,,true,2026-07-14T06:10:45
14076,15120,11340,PHP,,,true,2026-07-14T06:10:45
14077,16050,12040,PHP,,,true,2026-07-14T06:10:45
14078,18330,13750,PHP,,,true,2026-07-14T06:10:45
14079,18560,13920,PHP,,,true,2026-07-14T06:10:45
14080,15265,11450,PHP,,,true,2026-07-14T06:10:45
14081,16320,12240,PHP,,,true,2026-07-14T06:10:45
14082,32010,24010,PHP,,,true,2026-07-14T06:10:45
14083,18545,13910,PHP,,,true,2026-07-14T06:10:45
14084,15625,11720,PHP,,,true,2026-07-14T06:10:45
14085,21160,15870,PHP,,,true,2026-07-14T06:10:45
14086,16050,12040,PHP,,,true,2026-07-14T06:10:45
14087,9130,6850,PHP,,,true,2026-07-14T06:10:45
14088,9130,6850,PHP,,,true,2026-07-14T06:10:45
14089,11225,8420,PHP,,,true,2026-07-14T06:10:45
14090,12280,9210,PHP,,,true,2026-07-14T06:10:45
14091,11465,8600,PHP,,,true,2026-07-14T06:10:45
14092,12450,9340,PHP,,,true,2026-07-14T06:10:45
14093,12250,9190,PHP,,,true,2026-07-14T06:10:45
14094,14290,10720,PHP,,,true,2026-07-14T06:10:45
14095,24530,18400,PHP,,,true,2026-07-14T06:10:45
14096,8825,6620,PHP,,,true,2026-07-14T06:10:45
14097,14560,10920,PHP,,,true,2026-07-14T06:10:45
14098,9825,7370,PHP,,,true,2026-07-14T06:10:45
14099,13640,10230,PHP,,,true,2026-07-14T06:10:45
14100,10600,7950,PHP,,,true,2026-07-14T06:10:45
14101,10450,7840,PHP,,,true,2026-07-14T06:10:45
14102,11890,8920,PHP,,,true,2026-07-14T06:10:45
14103,16410,12310,PHP,,,true,2026-07-14T06:10:45
14104,10520,7890,PHP,,,true,2026-07-14T06:10:45
14105,5320,3990,PHP,,,true,2026-07-14T06:10:45
14106,6030,4525,PHP,,,true,2026-07-14T06:10:45
14107,6780,5085,PHP,,,true,2026-07-14T06:10:45
14108,7325,5495,PHP,,,true,2026-07-14T06:10:45
14109,7185,5390,PHP,,,true,2026-07-14T06:10:45
14110,6780,5085,PHP,,,true,2026-07-14T06:10:45
14111,8045,6035,PHP,,,true,2026-07-14T06:10:45
14112,8245,6185,PHP,,,true,2026-07-14T06:10:45
14113,11145,8360,PHP,,,true,2026-07-14T06:10:45
14114,15960,11970,PHP,,,true,2026-07-14T06:10:45
14115,16960,12720,PHP,,,true,2026-07-14T06:10:45
14116,21570,16180,PHP,,,true,2026-07-14T06:10:45
14117,28265,21200,PHP,,,true,2026-07-14T06:10:45
14118,8465,6350,PHP,,,true,2026-07-14T06:10:45
14119,30030,29030,PHP,,,true,2026-07-14T06:10:45
1500,3990,2995,PHP,,,true,2026-07-14T06:10:45
1504,4130,3100,PHP,,,true,2026-07-14T06:10:45
1511,4560,3420,PHP,,,true,2026-07-14T06:10:45
1513,5065,3800,PHP,,,true,2026-07-14T06:10:45
1520,5530,4150,PHP,,,true,2026-07-14T06:10:45
1524,4610,3455,PHP,,,true,2026-07-14T06:10:45
1526,3805,3260,PHP,,,true,2026-07-14T06:10:45
1531,6145,4610,PHP,,,true,2026-07-14T06:10:45
1534,4730,3650,PHP,,,true,2026-07-14T06:10:45
1536,5065,3800,PHP,,,true,2026-07-14T06:10:45
1576,5300,3975,PHP,,,true,2026-07-14T06:10:45
1585,9170,6880,PHP,,,true,2026-07-14T06:10:45
1617,12360,9270,PHP,,,true,2026-07-14T06:10:45
1624,5805,4355,PHP,,,true,2026-07-14T06:10:45
1636,8450,6340,PHP,,,true,2026-07-14T06:10:45
1663,8910,6685,PHP,,,true,2026-07-14T06:10:45
171,6600,4950,PHP,,,true,2026-07-14T06:10:45
1839,24330,18250,PHP,,,true,2026-07-14T06:10:45
1952,9470,7105,PHP,,,true,2026-07-14T06:10:45
1971,10205,7655,PHP,,,true,2026-07-14T06:10:45
199,11725,8795,PHP,,,true,2026-07-14T06:10:45
203,12905,9680,PHP,,,true,2026-07-14T06:10:45
2046,12070,9055,PHP,,,true,2026-07-14T06:10:45
206,4605,3455,PHP,,,true,2026-07-14T06:10:45
2127,18210,13660,PHP,,,true,2026-07-14T06:10:45
213,4960,3720,PHP,,,true,2026-07-14T06:10:45
2192,15330,11500,PHP,,,true,2026-07-14T06:10:45
2204,23580,17685,PHP,,,true,2026-07-14T06:10:45
2214,23950,17965,PHP,,,true,2026-07-14T06:10:45
2215,30180,22635,PHP,,,true,2026-07-14T06:10:45
2230,19030,14275,PHP,,,true,2026-07-14T06:10:45
2252,27565,20675,PHP,,,true,2026-07-14T06:10:45
2253,21130,15850,PHP,,,true,2026-07-14T06:10:45
2258,21900,16425,PHP,,,true,2026-07-14T06:10:45
2259,27320,20490,PHP,,,true,2026-07-14T06:10:45
2268,23580,17685,PHP,,,true,2026-07-14T06:10:45
2269,23520,17640,PHP,,,true,2026-07-14T06:10:45
2281,32050,24040,PHP,,,true,2026-07-14T06:10:45
2293,33325,24995,PHP,,,true,2026-07-14T06:10:45
2294,36360,27270,PHP,,,true,2026-07-14T06:10:45
2297,28050,21040,PHP,,,true,2026-07-14T06:10:45
2301,26900,20175,PHP,,,true,2026-07-14T06:10:45
2303,26900,20175,PHP,,,true,2026-07-14T06:10:45
2310,31145,23360,PHP,,,true,2026-07-14T06:10:45
2314,38785,29090,PHP,,,true,2026-07-14T06:10:45
2317,33905,25430,PHP,,,true,2026-07-14T06:10:45
2330,37585,28190,PHP,,,true,2026-07-14T06:10:45
2341,46325,34745,PHP,,,true,2026-07-14T06:10:45
2355,44025,33020,PHP,,,true,2026-07-14T06:10:45
2357,35550,26665,PHP,,,true,2026-07-14T06:10:45
2360,49090,36820,PHP,,,true,2026-07-14T06:10:45
2370,35020,26265,PHP,,,true,2026-07-14T06:10:45
2374,49830,37375,PHP,,,true,2026-07-14T06:10:45
2375,41285,30965,PHP,,,true,2026-07-14T06:10:45
2377,39770,29830,PHP,,,true,2026-07-14T06:10:45
2389,42390,31795,PHP,,,true,2026-07-14T06:10:45
2394,43865,32900,PHP,,,true,2026-07-14T06:10:45
2399,39280,29460,PHP,,,true,2026-07-14T06:10:45
2405,40070,30055,PHP,,,true,2026-07-14T06:10:45
2409,52260,39195,PHP,,,true,2026-07-14T06:10:45
2416,45465,34100,PHP,,,true,2026-07-14T06:10:45
2418,54190,40645,PHP,,,true,2026-07-14T06:10:45
2424,45825,34370,PHP,,,true,2026-07-14T06:10:45
2429,65705,49280,PHP,,,true,2026-07-14T06:10:45
2430,50440,37830,PHP,,,true,2026-07-14T06:10:45
2439,56365,42275,PHP,,,true,2026-07-14T06:10:45
2441,69360,52020,PHP,,,true,2026-07-14T06:10:45
2443,41865,31400,PHP,,,true,2026-07-14T06:10:45
2444,38925,29195,PHP,,,true,2026-07-14T06:10:45
2446,43425,32570,PHP,,,true,2026-07-14T06:10:45
2455,48625,36470,PHP,,,true,2026-07-14T06:10:45
2456,44805,33605,PHP,,,true,2026-07-14T06:10:45
2469,49590,37195,PHP,,,true,2026-07-14T06:10:45
2470,74130,55600,PHP,,,true,2026-07-14T06:10:45
2472,45130,33850,PHP,,,true,2026-07-14T06:10:45
2476,60725,45545,PHP,,,true,2026-07-14T06:10:45
2480,64940,48705,PHP,,,true,2026-07-14T06:10:45
2482,56110,42085,PHP,,,true,2026-07-14T06:10:45
2484,62790,47095,PHP,,,true,2026-07-14T06:10:45
2495,67570,50680,PHP,,,true,2026-07-14T06:10:45
2496,69445,52085,PHP,,,true,2026-07-14T06:10:45
2497,62985,47240,PHP,,,true,2026-07-14T06:10:45
2504,67425,50570,PHP,,,true,2026-07-14T06:10:45
2505,68185,51140,PHP,,,true,2026-07-14T06:10:45
2507,64910,48685,PHP,,,true,2026-07-14T06:10:45
2512,69585,52190,PHP,,,true,2026-07-14T06:10:45
2515,78145,58610,PHP,,,true,2026-07-14T06:10:45
2518,45410,34060,PHP,,,true,2026-07-14T06:10:45
253,9085,6815,PHP,,,true,2026-07-14T06:10:45
260,9430,7075,PHP,,,true,2026-07-14T06:10:45
265,12850,9640,PHP,,,true,2026-07-14T06:10:45
300,8885,6665,PHP,,,true,2026-07-14T06:10:45
324,7325,5495,PHP,,,true,2026-07-14T06:10:45
326,7630,5725,PHP,,,true,2026-07-14T06:10:45
334,9090,6820,PHP,,,true,2026-07-14T06:10:45
337,9085,6815,PHP,,,true,2026-07-14T06:10:45
340,9965,7475,PHP,,,true,2026-07-14T06:10:45
354,10065,7550,PHP,,,true,2026-07-14T06:10:45
389,7660,5745,PHP,,,true,2026-07-14T06:10:45
402,5420,4420,PHP,,,true,2026-07-14T06:10:45
405,6130,5130,PHP,,,true,2026-07-14T06:10:45
406,5420,4420,PHP,,,true,2026-07-14T06:10:45
407,6205,5205,PHP,,,true,2026-07-14T06:10:45
410,5435,4435,PHP,,,true,2026-07-14T06:10:45
414,5870,4870,PHP,,,true,2026-07-14T06:10:45
416,5920,4440,PHP,,,true,2026-07-14T06:10:45
417,5480,4480,PHP,,,true,2026-07-14T06:10:45
418,7965,6965,PHP,,,true,2026-07-14T06:10:45
419,5835,4835,PHP,,,true,2026-07-14T06:10:45
4204,5445,4085,PHP,,,true,2026-07-14T06:10:45
423,7530,6530,PHP,,,true,2026-07-14T06:10:45
424,7065,6065,PHP,,,true,2026-07-14T06:10:45
4241,6700,5580,PHP,,,true,2026-07-14T06:10:45
426,7430,6430,PHP,,,true,2026-07-14T06:10:45
4282,30145,29145,PHP,,,true,2026-07-14T06:10:45
430,5955,4955,PHP,,,true,2026-07-14T06:10:45
431,7860,6860,PHP,,,true,2026-07-14T06:10:45
4332,4350,3265,PHP,,,true,2026-07-14T06:10:45
434,6005,5005,PHP,,,true,2026-07-14T06:10:45
435,7285,6285,PHP,,,true,2026-07-14T06:10:45
4354,39010,38010,PHP,,,true,2026-07-14T06:10:45
4360,10540,7905,PHP,,,true,2026-07-14T06:10:45
437,5840,4840,PHP,,,true,2026-07-14T06:10:45
438,5920,4440,PHP,,,true,2026-07-14T06:10:45
4387,9745,8745,PHP,,,true,2026-07-14T06:10:45
4397,6430,4825,PHP,,,true,2026-07-14T06:10:45
440,9120,6840,PHP,,,true,2026-07-14T06:10:45
4402,7825,,PHP,,,true,2026-07-14T06:10:45
442,8150,7150,PHP,,,true,2026-07-14T06:10:45
4428,6330,4750,PHP,,,true,2026-07-14T06:10:45
443,7435,6435,PHP,,,true,2026-07-14T06:10:45
4460,15960,14960,PHP,,,true,2026-07-14T06:10:45
447,6120,5120,PHP,,,true,2026-07-14T06:10:45
4471,9360,8360,PHP,,,true,2026-07-14T06:10:45
449,7830,6830,PHP,,,true,2026-07-14T06:10:45
4513,20650,19650,PHP,,,true,2026-07-14T06:10:45
4518,16645,15645,PHP,,,true,2026-07-14T06:10:45
452,6370,5370,PHP,,,true,2026-07-14T06:10:45
4524,20600,19600,PHP,,,true,2026-07-14T06:10:45
453,6665,5000,PHP,,,true,2026-07-14T06:10:45
4531,35020,34020,PHP,,,true,2026-07-14T06:10:45
4532,39665,38665,PHP,,,true,2026-07-14T06:10:45
4533,28500,27500,PHP,,,true,2026-07-14T06:10:45
4534,28930,27930,PHP,,,true,2026-07-14T06:10:45
4535,24870,23870,PHP,,,true,2026-07-14T06:10:45
4536,20920,19920,PHP,,,true,2026-07-14T06:10:45
4539,20920,19920,PHP,,,true,2026-07-14T06:10:45
4540,23105,22105,PHP,,,true,2026-07-14T06:10:45
4541,31760,30760,PHP,,,true,2026-07-14T06:10:45
4543,33225,32225,PHP,,,true,2026-07-14T06:10:45
4544,28805,27805,PHP,,,true,2026-07-14T06:10:45
4545,30125,29125,PHP,,,true,2026-07-14T06:10:45
4547,31910,30910,PHP,,,true,2026-07-14T06:10:45
4551,34970,33970,PHP,,,true,2026-07-14T06:10:45
4553,22450,21450,PHP,,,true,2026-07-14T06:10:45
4557,32685,31685,PHP,,,true,2026-07-14T06:10:45
4558,27230,26230,PHP,,,true,2026-07-14T06:10:45
4559,41460,40460,PHP,,,true,2026-07-14T06:10:45
4561,42160,41160,PHP,,,true,2026-07-14T06:10:45
4562,43770,42770,PHP,,,true,2026-07-14T06:10:45
4563,44420,43420,PHP,,,true,2026-07-14T06:10:45
4566,33485,32485,PHP,,,true,2026-07-14T06:10:45
4573,40500,39500,PHP,,,true,2026-07-14T06:10:45
4575,28920,27920,PHP,,,true,2026-07-14T06:10:45
4580,28585,27585,PHP,,,true,2026-07-14T06:10:45
4589,33425,32425,PHP,,,true,2026-07-14T06:10:45
4598,39865,38865,PHP,,,true,2026-07-14T06:10:45
4599,39865,38865,PHP,,,true,2026-07-14T06:10:45
460,7545,6545,PHP,,,true,2026-07-14T06:10:45
4602,33680,32680,PHP,,,true,2026-07-14T06:10:45
4605,37090,36090,PHP,,,true,2026-07-14T06:10:45
4607,38825,37825,PHP,,,true,2026-07-14T06:10:45
4609,43070,42070,PHP,,,true,2026-07-14T06:10:45
4611,47920,46920,PHP,,,true,2026-07-14T06:10:45
4612,23945,22945,PHP,,,true,2026-07-14T06:10:45
4615,51085,50085,PHP,,,true,2026-07-14T06:10:45
4616,38605,37605,PHP,,,true,2026-07-14T06:10:45
4618,49260,48260,PHP,,,true,2026-07-14T06:10:45
4620,58280,57280,PHP,,,true,2026-07-14T06:10:45
4621,4865,3650,PHP,,,true,2026-07-14T06:10:45
4622,4900,3675,PHP,,,true,2026-07-14T06:10:45
4625,9190,6890,PHP,,,true,2026-07-14T06:10:45
4626,10380,7785,PHP,,,true,2026-07-14T06:10:45
4628,13245,9935,PHP,,,true,2026-07-14T06:10:45
4629,13260,9945,PHP,,,true,2026-07-14T06:10:45
463,6005,5005,PHP,,,true,2026-07-14T06:10:45
464,5905,4905,PHP,,,true,2026-07-14T06:10:45
4640,12080,9060,PHP,,,true,2026-07-14T06:10:45
4645,9720,8720,PHP,,,true,2026-07-14T06:10:45
4646,8890,7890,PHP,,,true,2026-07-14T06:10:45
4647,9610,8610,PHP,,,true,2026-07-14T06:10:45
4648,10460,9460,PHP,,,true,2026-07-14T06:10:45
4649,10520,9520,PHP,,,true,2026-07-14T06:10:45
4650,7645,6645,PHP,,,true,2026-07-14T06:10:45
4652,12200,11200,PHP,,,true,2026-07-14T06:10:45
4653,12590,11590,PHP,,,true,2026-07-14T06:10:45
4654,10830,9830,PHP,,,true,2026-07-14T06:10:45
4655,12590,11590,PHP,,,true,2026-07-14T06:10:45
4656,12690,11690,PHP,,,true,2026-07-14T06:10:45
4657,11525,10525,PHP,,,true,2026-07-14T06:10:45
4658,13000,12000,PHP,,,true,2026-07-14T06:10:45
4659,16100,15100,PHP,,,true,2026-07-14T06:10:45
466,7370,6370,PHP,,,true,2026-07-14T06:10:45
4660,15475,14475,PHP,,,true,2026-07-14T06:10:45
4661,16190,15190,PHP,,,true,2026-07-14T06:10:45
4662,15855,14855,PHP,,,true,2026-07-14T06:10:45
4665,14565,13565,PHP,,,true,2026-07-14T06:10:45
468,7465,5600,PHP,,,true,2026-07-14T06:10:45
4689,9480,7110,PHP,,,true,2026-07-14T06:10:45
469,8450,6340,PHP,,,true,2026-07-14T06:10:45
4692,9085,8085,PHP,,,true,2026-07-14T06:10:45
4697,8245,7245,PHP,,,true,2026-07-14T06:10:45
470,6005,5005,PHP,,,true,2026-07-14T06:10:45
4700,10060,7545,PHP,,,true,2026-07-14T06:10:45
4702,10400,7800,PHP,,,true,2026-07-14T06:10:45
4711,3485,2615,PHP,,,true,2026-07-14T06:10:45
4713,11780,8835,PHP,,,true,2026-07-14T06:10:45
4726,13085,12085,PHP,,,true,2026-07-14T06:10:45
4727,14100,13100,PHP,,,true,2026-07-14T06:10:45
473,9210,6910,PHP,,,true,2026-07-14T06:10:45
4738,14590,13590,PHP,,,true,2026-07-14T06:10:45
474,7965,6965,PHP,,,true,2026-07-14T06:10:45
4752,25720,24720,PHP,,,true,2026-07-14T06:10:45
4753,35940,34940,PHP,,,true,2026-07-14T06:10:45
476,7100,5325,PHP,,,true,2026-07-14T06:10:45
4765,8700,6525,PHP,,,true,2026-07-14T06:10:45
477,5970,4970,PHP,,,true,2026-07-14T06:10:45
4773,12425,9320,PHP,,,true,2026-07-14T06:10:45
4774,8545,6410,PHP,,,true,2026-07-14T06:10:45
4784,13360,10020,PHP,,,true,2026-07-14T06:10:45
4786,14030,10525,PHP,,,true,2026-07-14T06:10:45
479,6095,5095,PHP,,,true,2026-07-14T06:10:45
480,7790,6790,PHP,,,true,2026-07-14T06:10:45
4803,25720,24720,PHP,,,true,2026-07-14T06:10:45
4804,16170,15170,PHP,,,true,2026-07-14T06:10:45
4808,3865,2900,PHP,,,true,2026-07-14T06:10:45
4818,6910,5185,PHP,,,true,2026-07-14T06:10:45
4819,6910,5185,PHP,,,true,2026-07-14T06:10:45
482,6665,5000,PHP,,,true,2026-07-14T06:10:45
4821,8800,6600,PHP,,,true,2026-07-14T06:10:45
4827,12370,9280,PHP,,,true,2026-07-14T06:10:45
4832,9530,7150,PHP,,,true,2026-07-14T06:10:45
484,6485,5485,PHP,,,true,2026-07-14T06:10:45
486,6135,5135,PHP,,,true,2026-07-14T06:10:45
4866,13650,10240,PHP,,,true,2026-07-14T06:10:45
4869,12925,9695,PHP,,,true,2026-07-14T06:10:45
487,8850,7850,PHP,,,true,2026-07-14T06:10:45
4871,13685,10265,PHP,,,true,2026-07-14T06:10:45
4891,23490,17620,PHP,,,true,2026-07-14T06:10:45
4893,24770,18580,PHP,,,true,2026-07-14T06:10:45
490,6190,5190,PHP,,,true,2026-07-14T06:10:45
491,6355,5355,PHP,,,true,2026-07-14T06:10:45
492,9290,6970,PHP,,,true,2026-07-14T06:10:45
4935,9735,,PHP,,,true,2026-07-14T06:10:45
4937,10260,,PHP,,,true,2026-07-14T06:10:45
4963,6510,4885,PHP,,,true,2026-07-14T06:10:45
498,6370,5370,PHP,,,true,2026-07-14T06:10:45
4980,11070,8305,PHP,,,true,2026-07-14T06:10:45
501,8300,7300,PHP,,,true,2026-07-14T06:10:45
5026,7410,6410,PHP,,,true,2026-07-14T06:10:45
504,7280,6280,PHP,,,true,2026-07-14T06:10:45
5042,19485,14615,PHP,,,true,2026-07-14T06:10:45
5052,8765,6575,PHP,,,true,2026-07-14T06:10:45
506,6525,5525,PHP,,,true,2026-07-14T06:10:45
5080,3905,2930,PHP,,,true,2026-07-14T06:10:45
5086,3050,2290,PHP,,,true,2026-07-14T06:10:45
5087,3340,2505,PHP,,,true,2026-07-14T06:10:45
5091,4200,3150,PHP,,,true,2026-07-14T06:10:45
5095,3925,2945,PHP,,,true,2026-07-14T06:10:45
5096,3325,2495,PHP,,,true,2026-07-14T06:10:45
5097,3620,2715,PHP,,,true,2026-07-14T06:10:45
510,7030,5275,PHP,,,true,2026-07-14T06:10:45
5101,4145,3110,PHP,,,true,2026-07-14T06:10:45
512,6370,5370,PHP,,,true,2026-07-14T06:10:45
5121,4200,3150,PHP,,,true,2026-07-14T06:10:45
5123,4625,3470,PHP,,,true,2026-07-14T06:10:45
5128,4980,3735,PHP,,,true,2026-07-14T06:10:45
5130,5085,3815,PHP,,,true,2026-07-14T06:10:45
5131,6040,4530,PHP,,,true,2026-07-14T06:10:45
5133,4770,3580,PHP,,,true,2026-07-14T06:10:45
514,8830,7830,PHP,,,true,2026-07-14T06:10:45
5156,5305,3980,PHP,,,true,2026-07-14T06:10:45
5157,5265,3950,PHP,,,true,2026-07-14T06:10:45
5159,5525,4145,PHP,,,true,2026-07-14T06:10:45
5170,6710,5035,PHP,,,true,2026-07-14T06:10:45
5171,10165,7625,PHP,,,true,2026-07-14T06:10:45
5175,12265,9200,PHP,,,true,2026-07-14T06:10:45
5178,11745,8810,PHP,,,true,2026-07-14T06:10:45
518,7720,5790,PHP,,,true,2026-07-14T06:10:45
5182,8165,6125,PHP,,,true,2026-07-14T06:10:45
5184,16080,12060,PHP,,,true,2026-07-14T06:10:45
5185,11150,8365,PHP,,,true,2026-07-14T06:10:45
5188,16565,12425,PHP,,,true,2026-07-14T06:10:45
5189,21220,15915,PHP,,,true,2026-07-14T06:10:45
5195,7700,6700,PHP,,,true,2026-07-14T06:10:45
520,6710,5710,PHP,,,true,2026-07-14T06:10:45
5206,18585,13940,PHP,,,true,2026-07-14T06:10:45
5217,27660,20745,PHP,,,true,2026-07-14T06:10:45
523,8890,7890,PHP,,,true,2026-07-14T06:10:45
5242,13440,10080,PHP,,,true,2026-07-14T06:10:45
5254,13445,10085,PHP,,,true,2026-07-14T06:10:45
5267,14125,10595,PHP,,,true,2026-07-14T06:10:45
527,8810,7810,PHP,,,true,2026-07-14T06:10:45
5275,10805,8105,PHP,,,true,2026-07-14T06:10:45
5279,11625,8720,PHP,,,true,2026-07-14T06:10:45
5290,10570,7930,PHP,,,true,2026-07-14T06:10:45
5292,22740,17055,PHP,,,true,2026-07-14T06:10:45
5296,9665,7250,PHP,,,true,2026-07-14T06:10:45
5297,9665,7250,PHP,,,true,2026-07-14T06:10:45
5299,19710,14785,PHP,,,true,2026-07-14T06:10:45
5304,12760,9570,PHP,,,true,2026-07-14T06:10:45
5308,15600,11700,PHP,,,true,2026-07-14T06:10:45
5312,9665,7250,PHP,,,true,2026-07-14T06:10:45
5317,10810,8110,PHP,,,true,2026-07-14T06:10:45
5320,10960,8220,PHP,,,true,2026-07-14T06:10:45
5321,10960,8220,PHP,,,true,2026-07-14T06:10:45
5322,10685,8015,PHP,,,true,2026-07-14T06:10:45
5335,9250,6940,PHP,,,true,2026-07-14T06:10:45
5356,6940,5205,PHP,,,true,2026-07-14T06:10:45
5357,9425,7070,PHP,,,true,2026-07-14T06:10:45
536,7680,5760,PHP,,,true,2026-07-14T06:10:45
5374,7385,5540,PHP,,,true,2026-07-14T06:10:45
5377,7250,5440,PHP,,,true,2026-07-14T06:10:45
539,6710,5710,PHP,,,true,2026-07-14T06:10:45
5392,8570,6430,PHP,,,true,2026-07-14T06:10:45
5394,10050,7540,PHP,,,true,2026-07-14T06:10:45
5397,7070,5305,PHP,,,true,2026-07-14T06:10:45
5398,7070,5305,PHP,,,true,2026-07-14T06:10:45
5404,6390,4795,PHP,,,true,2026-07-14T06:10:45
5407,6390,4795,PHP,,,true,2026-07-14T06:10:45
5409,6390,4795,PHP,,,true,2026-07-14T06:10:45
5410,6390,4795,PHP,,,true,2026-07-14T06:10:45
5412,6530,4900,PHP,,,true,2026-07-14T06:10:45
543,8495,7495,PHP,,,true,2026-07-14T06:10:45
5431,5710,4285,PHP,,,true,2026-07-14T06:10:45
5443,14750,11065,PHP,,,true,2026-07-14T06:10:45
5445,15260,11445,PHP,,,true,2026-07-14T06:10:45
5447,15085,11315,PHP,,,true,2026-07-14T06:10:45
5448,33610,25210,PHP,,,true,2026-07-14T06:10:45
5468,21900,16425,PHP,,,true,2026-07-14T06:10:45
5477,15170,11380,PHP,,,true,2026-07-14T06:10:45
5480,15170,11380,PHP,,,true,2026-07-14T06:10:45
5481,15170,11380,PHP,,,true,2026-07-14T06:10:45
5483,32220,24165,PHP,,,true,2026-07-14T06:10:45
5484,30810,23110,PHP,,,true,2026-07-14T06:10:45
5485,27410,20560,PHP,,,true,2026-07-14T06:10:45
5489,20850,15640,PHP,,,true,2026-07-14T06:10:45
5500,17510,13135,PHP,,,true,2026-07-14T06:10:45
5505,21920,16440,PHP,,,true,2026-07-14T06:10:45
5509,15470,11605,PHP,,,true,2026-07-14T06:10:45
5520,14730,11050,PHP,,,true,2026-07-14T06:10:45
5522,14730,11050,PHP,,,true,2026-07-14T06:10:45
5523,14730,11050,PHP,,,true,2026-07-14T06:10:45
5524,14030,10525,PHP,,,true,2026-07-14T06:10:45
553,10820,8115,PHP,,,true,2026-07-14T06:10:45
554,10005,9005,PHP,,,true,2026-07-14T06:10:45
5544,12890,9670,PHP,,,true,2026-07-14T06:10:45
5546,12890,9670,PHP,,,true,2026-07-14T06:10:45
5548,17420,13065,PHP,,,true,2026-07-14T06:10:45
5557,23205,17405,PHP,,,true,2026-07-14T06:10:45
5558,21785,16340,PHP,,,true,2026-07-14T06:10:45
5569,15900,11925,PHP,,,true,2026-07-14T06:10:45
5572,17260,12945,PHP,,,true,2026-07-14T06:10:45
5573,15470,11605,PHP,,,true,2026-07-14T06:10:45
5576,21270,15955,PHP,,,true,2026-07-14T06:10:45
5577,19925,14945,PHP,,,true,2026-07-14T06:10:45
5578,18785,14090,PHP,,,true,2026-07-14T06:10:45
5579,19925,14945,PHP,,,true,2026-07-14T06:10:45
5583,18370,13780,PHP,,,true,2026-07-14T06:10:45
5589,8890,6670,PHP,,,true,2026-07-14T06:10:45
560,9565,8565,PHP,,,true,2026-07-14T06:10:45
5606,16750,12565,PHP,,,true,2026-07-14T06:10:45
5608,22940,17205,PHP,,,true,2026-07-14T06:10:45
5611,20640,15480,PHP,,,true,2026-07-14T06:10:45
5612,17185,12890,PHP,,,true,2026-07-14T06:10:45
5613,19345,14510,PHP,,,true,2026-07-14T06:10:45
5617,29320,21990,PHP,,,true,2026-07-14T06:10:45
5635,15965,11975,PHP,,,true,2026-07-14T06:10:45
5659,11270,8455,PHP,,,true,2026-07-14T06:10:45
5662,12630,9475,PHP,,,true,2026-07-14T06:10:45
567,8375,7375,PHP,,,true,2026-07-14T06:10:45
5674,10560,7920,PHP,,,true,2026-07-14T06:10:45
5706,8780,6585,PHP,,,true,2026-07-14T06:10:45
5713,15185,11390,PHP,,,true,2026-07-14T06:10:45
572,11330,10330,PHP,,,true,2026-07-14T06:10:45
5741,15950,11965,PHP,,,true,2026-07-14T06:10:45
5743,10285,7715,PHP,,,true,2026-07-14T06:10:45
5749,8585,6440,PHP,,,true,2026-07-14T06:10:45
5766,9130,6850,PHP,,,true,2026-07-14T06:10:45
5768,7645,5735,PHP,,,true,2026-07-14T06:10:45
5770,8180,6135,PHP,,,true,2026-07-14T06:10:45
5772,7865,5900,PHP,,,true,2026-07-14T06:10:45
5774,7090,5320,PHP,,,true,2026-07-14T06:10:45
5776,7505,5630,PHP,,,true,2026-07-14T06:10:45
5779,8045,6035,PHP,,,true,2026-07-14T06:10:45
5784,7180,5385,PHP,,,true,2026-07-14T06:10:45
582,12725,11725,PHP,,,true,2026-07-14T06:10:45
5827,25480,19110,PHP,,,true,2026-07-14T06:10:45
5830,27505,20630,PHP,,,true,2026-07-14T06:10:45
5833,20625,15470,PHP,,,true,2026-07-14T06:10:45
5835,14745,11060,PHP,,,true,2026-07-14T06:10:45
5836,20625,15470,PHP,,,true,2026-07-14T06:10:45
5840,21920,16440,PHP,,,true,2026-07-14T06:10:45
5843,18045,13535,PHP,,,true,2026-07-14T06:10:45
5844,19340,14505,PHP,,,true,2026-07-14T06:10:45
5854,14745,11060,PHP,,,true,2026-07-14T06:10:45
5857,18520,13890,PHP,,,true,2026-07-14T06:10:45
5869,13670,10255,PHP,,,true,2026-07-14T06:10:45
5870,13945,10460,PHP,,,true,2026-07-14T06:10:45
5871,18465,13850,PHP,,,true,2026-07-14T06:10:45
5874,14180,10635,PHP,,,true,2026-07-14T06:10:45
5876,20885,15665,PHP,,,true,2026-07-14T06:10:45
5881,13405,10055,PHP,,,true,2026-07-14T06:10:45
5892,21190,15895,PHP,,,true,2026-07-14T06:10:45
5900,13405,10055,PHP,,,true,2026-07-14T06:10:45
5905,16400,12300,PHP,,,true,2026-07-14T06:10:45
5911,14180,10635,PHP,,,true,2026-07-14T06:10:45
5918,14120,10590,PHP,,,true,2026-07-14T06:10:45
593,9995,8995,PHP,,,true,2026-07-14T06:10:45
5952,12600,9450,PHP,,,true,2026-07-14T06:10:45
5960,20730,15550,PHP,,,true,2026-07-14T06:10:45
5970,16660,12495,PHP,,,true,2026-07-14T06:10:45
5971,13765,10325,PHP,,,true,2026-07-14T06:10:45
5981,14520,10890,PHP,,,true,2026-07-14T06:10:45
5984,14550,10915,PHP,,,true,2026-07-14T06:10:45
599,9225,8225,PHP,,,true,2026-07-14T06:10:45
5991,10600,7950,PHP,,,true,2026-07-14T06:10:45
5994,11120,8340,PHP,,,true,2026-07-14T06:10:45
5996,14400,10800,PHP,,,true,2026-07-14T06:10:45
6000,8890,6670,PHP,,,true,2026-07-14T06:10:45
602,8610,6460,PHP,,,true,2026-07-14T06:10:45
603,7075,6075,PHP,,,true,2026-07-14T06:10:45
6047,8320,6240,PHP,,,true,2026-07-14T06:10:45
606,9410,8410,PHP,,,true,2026-07-14T06:10:45
608,7505,6505,PHP,,,true,2026-07-14T06:10:45
6089,8080,6060,PHP,,,true,2026-07-14T06:10:45
609,7645,6645,PHP,,,true,2026-07-14T06:10:45
611,12305,11305,PHP,,,true,2026-07-14T06:10:45
617,8715,7715,PHP,,,true,2026-07-14T06:10:45
622,10385,9385,PHP,,,true,2026-07-14T06:10:45
625,7515,6515,PHP,,,true,2026-07-14T06:10:45
626,7565,6565,PHP,,,true,2026-07-14T06:10:45
6263,4680,3510,PHP,,,true,2026-07-14T06:10:45
6273,4397,3665,PHP,,,true,2026-07-14T06:10:45
631,7800,6800,PHP,,,true,2026-07-14T06:10:45
635,15265,14265,PHP,,,true,2026-07-14T06:10:45
639,9080,8080,PHP,,,true,2026-07-14T06:10:45
6392,7365,5830,PHP,,,true,2026-07-14T06:10:45
6444,23525,19070,PHP,,,true,2026-07-14T06:10:45
6447,21670,17570,PHP,,,true,2026-07-14T06:10:45
645,8790,6595,PHP,,,true,2026-07-14T06:10:45
6452,24735,20055,PHP,,,true,2026-07-14T06:10:45
6455,25460,20640,PHP,,,true,2026-07-14T06:10:45
6462,26545,21520,PHP,,,true,2026-07-14T06:10:45
6465,26905,21815,PHP,,,true,2026-07-14T06:10:45
647,7970,6970,PHP,,,true,2026-07-14T06:10:45
6478,43140,32355,PHP,,,true,2026-07-14T06:10:45
651,10130,9130,PHP,,,true,2026-07-14T06:10:45
6510,24880,20175,PHP,,,true,2026-07-14T06:10:45
6516,29665,22250,PHP,,,true,2026-07-14T06:10:45
6524,33750,25315,PHP,,,true,2026-07-14T06:10:45
6539,29975,24305,PHP,,,true,2026-07-14T06:10:45
6542,23525,19070,PHP,,,true,2026-07-14T06:10:45
656,8745,6560,PHP,,,true,2026-07-14T06:10:45
6573,49470,37105,PHP,,,true,2026-07-14T06:10:45
6574,28865,23725,PHP,,,true,2026-07-14T06:10:45
6594,36475,29570,PHP,,,true,2026-07-14T06:10:45
660,8435,7435,PHP,,,true,2026-07-14T06:10:45
6604,9485,7380,PHP,,,true,2026-07-14T06:10:45
6621,13620,10215,PHP,,,true,2026-07-14T06:10:45
6648,17960,13470,PHP,,,true,2026-07-14T06:10:45
667,8425,7425,PHP,,,true,2026-07-14T06:10:45
6690,14645,10985,PHP,,,true,2026-07-14T06:10:45
6694,18945,14210,PHP,,,true,2026-07-14T06:10:45
6696,25005,18755,PHP,,,true,2026-07-14T06:10:45
6697,26520,19890,PHP,,,true,2026-07-14T06:10:45
6699,30690,23020,PHP,,,true,2026-07-14T06:10:45
6700,46225,34670,PHP,,,true,2026-07-14T06:10:45
6702,17930,13450,PHP,,,true,2026-07-14T06:10:45
6703,18440,13830,PHP,,,true,2026-07-14T06:10:45
6704,12000,9000,PHP,,,true,2026-07-14T06:10:45
6705,14930,11200,PHP,,,true,2026-07-14T06:10:45
6706,15465,11600,PHP,,,true,2026-07-14T06:10:45
6707,18800,14100,PHP,,,true,2026-07-14T06:10:45
6708,21465,16100,PHP,,,true,2026-07-14T06:10:45
6709,15530,11650,PHP,,,true,2026-07-14T06:10:45
671,10560,9560,PHP,,,true,2026-07-14T06:10:45
6710,21845,16385,PHP,,,true,2026-07-14T06:10:45
6718,8400,6300,PHP,,,true,2026-07-14T06:10:45
6719,8530,6400,PHP,,,true,2026-07-14T06:10:45
6720,10225,7670,PHP,,,true,2026-07-14T06:10:45
6721,18310,13735,PHP,,,true,2026-07-14T06:10:45
6722,13385,10040,PHP,,,true,2026-07-14T06:10:45
6723,25005,18755,PHP,,,true,2026-07-14T06:10:45
6724,22350,16765,PHP,,,true,2026-07-14T06:10:45
6725,10730,8050,PHP,,,true,2026-07-14T06:10:45
6726,11240,8430,PHP,,,true,2026-07-14T06:10:45
6727,12370,9280,PHP,,,true,2026-07-14T06:10:45
6728,12500,9375,PHP,,,true,2026-07-14T06:10:45
6729,15280,11460,PHP,,,true,2026-07-14T06:10:45
673,10375,9375,PHP,,,true,2026-07-14T06:10:45
6730,24625,18470,PHP,,,true,2026-07-14T06:10:45
6731,21470,16105,PHP,,,true,2026-07-14T06:10:45
6733,21845,16385,PHP,,,true,2026-07-14T06:10:45
6735,39785,29840,PHP,,,true,2026-07-14T06:10:45
6736,27910,20935,PHP,,,true,2026-07-14T06:10:45
6737,24120,18090,PHP,,,true,2026-07-14T06:10:45
6738,23490,17620,PHP,,,true,2026-07-14T06:10:45
6749,11745,8810,PHP,,,true,2026-07-14T06:10:45
675,11110,10110,PHP,,,true,2026-07-14T06:10:45
6751,12120,9090,PHP,,,true,2026-07-14T06:10:45
6752,20710,15535,PHP,,,true,2026-07-14T06:10:45
6753,17805,13355,PHP,,,true,2026-07-14T06:10:45
6754,15280,11460,PHP,,,true,2026-07-14T06:10:45
6755,18310,13735,PHP,,,true,2026-07-14T06:10:45
6756,18565,13925,PHP,,,true,2026-07-14T06:10:45
6804,11745,8810,PHP,,,true,2026-07-14T06:10:45
6805,13385,10040,PHP,,,true,2026-07-14T06:10:45
6806,17045,12785,PHP,,,true,2026-07-14T06:10:45
6807,20965,15725,PHP,,,true,2026-07-14T06:10:45
6808,18565,13925,PHP,,,true,2026-07-14T06:10:45
6809,25005,18755,PHP,,,true,2026-07-14T06:10:45
6810,20205,15155,PHP,,,true,2026-07-14T06:10:45
6811,22860,17145,PHP,,,true,2026-07-14T06:10:45
6812,23365,17525,PHP,,,true,2026-07-14T06:10:45
6813,19825,14870,PHP,,,true,2026-07-14T06:10:45
6814,33970,25480,PHP,,,true,2026-07-14T06:10:45
6815,24120,18090,PHP,,,true,2026-07-14T06:10:45
6816,28040,21030,PHP,,,true,2026-07-14T06:10:45
6817,38645,28985,PHP,,,true,2026-07-14T06:10:45
6818,12370,9280,PHP,,,true,2026-07-14T06:10:45
6819,21345,16010,PHP,,,true,2026-07-14T06:10:45
6820,25005,18755,PHP,,,true,2026-07-14T06:10:45
6821,23365,17525,PHP,,,true,2026-07-14T06:10:45
6822,35620,26715,PHP,,,true,2026-07-14T06:10:45
6823,5865,4400,PHP,,,true,2026-07-14T06:10:45
6824,6000,4500,PHP,,,true,2026-07-14T06:10:45
6825,8000,6000,PHP,,,true,2026-07-14T06:10:45
6826,8530,6400,PHP,,,true,2026-07-14T06:10:45
6827,6265,4700,PHP,,,true,2026-07-14T06:10:45
6829,6930,5200,PHP,,,true,2026-07-14T06:10:45
6830,7730,5800,PHP,,,true,2026-07-14T06:10:45
6831,7600,5700,PHP,,,true,2026-07-14T06:10:45
6832,8965,6725,PHP,,,true,2026-07-14T06:10:45
6833,9345,7010,PHP,,,true,2026-07-14T06:10:45
6834,8665,6500,PHP,,,true,2026-07-14T06:10:45
6835,8130,6100,PHP,,,true,2026-07-14T06:10:45
6836,10350,7765,PHP,,,true,2026-07-14T06:10:45
6837,9220,6915,PHP,,,true,2026-07-14T06:10:45
6838,9600,7200,PHP,,,true,2026-07-14T06:10:45
6839,13130,9850,PHP,,,true,2026-07-14T06:10:45
684,10130,9130,PHP,,,true,2026-07-14T06:10:45
6840,12750,9565,PHP,,,true,2026-07-14T06:10:45
6841,12500,9375,PHP,,,true,2026-07-14T06:10:45
6842,13260,9945,PHP,,,true,2026-07-14T06:10:45
6843,12370,9280,PHP,,,true,2026-07-14T06:10:45
6844,10100,7575,PHP,,,true,2026-07-14T06:10:45
6845,9970,7480,PHP,,,true,2026-07-14T06:10:45
6846,15825,14825,PHP,,,true,2026-07-14T06:10:45
6848,35400,34400,PHP,,,true,2026-07-14T06:10:45
6856,7280,6280,PHP,,,true,2026-07-14T06:10:45
686,6640,,PHP,,,true,2026-07-14T06:10:45
689,11450,10450,PHP,,,true,2026-07-14T06:10:45
694,6775,,PHP,,,true,2026-07-14T06:10:45
6975,5000,,PHP,,,true,2026-07-14T06:10:45
6976,4650,,PHP,,,true,2026-07-14T06:10:45
6979,4860,,PHP,,,true,2026-07-14T06:10:45
6980,4930,,PHP,,,true,2026-07-14T06:10:45
6981,4375,,PHP,,,true,2026-07-14T06:10:45
6982,6110,,PHP,,,true,2026-07-14T06:10:45
6983,5415,,PHP,,,true,2026-07-14T06:10:45
6984,5205,,PHP,,,true,2026-07-14T06:10:45
6985,5260,,PHP,,,true,2026-07-14T06:10:45
6986,7105,,PHP,,,true,2026-07-14T06:10:45
6987,7140,,PHP,,,true,2026-07-14T06:10:45
6988,6110,,PHP,,,true,2026-07-14T06:10:45
6989,6180,,PHP,,,true,2026-07-14T06:10:45
6990,5275,,PHP,,,true,2026-07-14T06:10:45
6991,7565,,PHP,,,true,2026-07-14T06:10:45
6992,6700,,PHP,,,true,2026-07-14T06:10:45
6993,6250,,PHP,,,true,2026-07-14T06:10:45
6994,6970,,PHP,,,true,2026-07-14T06:10:45
6995,6970,,PHP,,,true,2026-07-14T06:10:45
6996,6640,,PHP,,,true,2026-07-14T06:10:45
6997,6710,,PHP,,,true,2026-07-14T06:10:45
6998,6805,,PHP,,,true,2026-07-14T06:10:45
6999,7365,,PHP,,,true,2026-07-14T06:10:45
7106,8425,6320,PHP,,,true,2026-07-14T06:10:45
7172,9300,7750,PHP,,,true,2026-07-14T06:10:45
7198,5415,,PHP,,,true,2026-07-14T06:10:45
7203,8945,,PHP,,,true,2026-07-14T06:10:45
7204,24725,18545,PHP,,,true,2026-07-14T06:10:45
7209,31265,23450,PHP,,,true,2026-07-14T06:10:45
7214,26845,20135,PHP,,,true,2026-07-14T06:10:45
7217,26805,20105,PHP,,,true,2026-07-14T06:10:45
7222,17345,16345,PHP,,,true,2026-07-14T06:10:45
724,14850,13850,PHP,,,true,2026-07-14T06:10:45
7294,21585,20585,PHP,,,true,2026-07-14T06:10:45
7295,12705,11705,PHP,,,true,2026-07-14T06:10:45
7297,15740,14740,PHP,,,true,2026-07-14T06:10:45
7298,16825,15825,PHP,,,true,2026-07-14T06:10:45
7299,11400,10400,PHP,,,true,2026-07-14T06:10:45
7306,13780,12780,PHP,,,true,2026-07-14T06:10:45
7308,15950,14950,PHP,,,true,2026-07-14T06:10:45
7309,20840,19840,PHP,,,true,2026-07-14T06:10:45
7313,15050,14050,PHP,,,true,2026-07-14T06:10:45
7315,13130,12130,PHP,,,true,2026-07-14T06:10:45
7316,23460,22460,PHP,,,true,2026-07-14T06:10:45
7318,16420,15420,PHP,,,true,2026-07-14T06:10:45
7319,15305,11480,PHP,,,true,2026-07-14T06:10:45
732,10390,7795,PHP,,,true,2026-07-14T06:10:45
7320,14345,13345,PHP,,,true,2026-07-14T06:10:45
7321,21700,20700,PHP,,,true,2026-07-14T06:10:45
7322,16680,15680,PHP,,,true,2026-07-14T06:10:45
7323,32710,31710,PHP,,,true,2026-07-14T06:10:45
7324,16420,15420,PHP,,,true,2026-07-14T06:10:45
7325,13220,12220,PHP,,,true,2026-07-14T06:10:45
7329,20690,19690,PHP,,,true,2026-07-14T06:10:45
7330,16680,15680,PHP,,,true,2026-07-14T06:10:45
7331,19280,18280,PHP,,,true,2026-07-14T06:10:45
7333,14910,13910,PHP,,,true,2026-07-14T06:10:45
7334,14150,13150,PHP,,,true,2026-07-14T06:10:45
7335,16420,15420,PHP,,,true,2026-07-14T06:10:45
7336,22545,21545,PHP,,,true,2026-07-14T06:10:45
7338,21530,20530,PHP,,,true,2026-07-14T06:10:45
7339,20940,19940,PHP,,,true,2026-07-14T06:10:45
7340,19980,18980,PHP,,,true,2026-07-14T06:10:45
7341,4165,,PHP,,,true,2026-07-14T06:10:45
7342,5440,,PHP,,,true,2026-07-14T06:10:45
7343,4650,,PHP,,,true,2026-07-14T06:10:45
7344,5135,,PHP,,,true,2026-07-14T06:10:45
7346,6455,,PHP,,,true,2026-07-14T06:10:45
7347,6485,,PHP,,,true,2026-07-14T06:10:45
7348,6665,,PHP,,,true,2026-07-14T06:10:45
7349,6710,,PHP,,,true,2026-07-14T06:10:45
735,16775,15775,PHP,,,true,2026-07-14T06:10:45
7350,7365,,PHP,,,true,2026-07-14T06:10:45
7351,13300,,PHP,,,true,2026-07-14T06:10:45
7361,8350,6265,PHP,,,true,2026-07-14T06:10:45
7366,4270,3205,PHP,,,true,2026-07-14T06:10:45
7377,7090,5320,PHP,,,true,2026-07-14T06:10:45
7380,12005,9005,PHP,,,true,2026-07-14T06:10:45
7381,3860,2895,PHP,,,true,2026-07-14T06:10:45
7384,8645,6485,PHP,,,true,2026-07-14T06:10:45
7388,5785,4340,PHP,,,true,2026-07-14T06:10:45
739,10790,9790,PHP,,,true,2026-07-14T06:10:45
7390,10750,8065,PHP,,,true,2026-07-14T06:10:45
7392,13190,9895,PHP,,,true,2026-07-14T06:10:45
7394,12940,9705,PHP,,,true,2026-07-14T06:10:45
7395,10040,7530,PHP,,,true,2026-07-14T06:10:45
7397,9700,7275,PHP,,,true,2026-07-14T06:10:45
7399,7700,5775,PHP,,,true,2026-07-14T06:10:45
7402,6945,5210,PHP,,,true,2026-07-14T06:10:45
7403,6330,4750,PHP,,,true,2026-07-14T06:10:45
7406,4340,3255,PHP,,,true,2026-07-14T06:10:45
7407,5040,3780,PHP,,,true,2026-07-14T06:10:45
7408,5400,4050,PHP,,,true,2026-07-14T06:10:45
7409,5890,4420,PHP,,,true,2026-07-14T06:10:45
7410,5840,4380,PHP,,,true,2026-07-14T06:10:45
7411,6505,4880,PHP,,,true,2026-07-14T06:10:45
7412,7170,5380,PHP,,,true,2026-07-14T06:10:45
7414,15950,14950,PHP,,,true,2026-07-14T06:10:45
7415,27925,26925,PHP,,,true,2026-07-14T06:10:45
7416,16680,15680,PHP,,,true,2026-07-14T06:10:45
7420,6490,5490,PHP,,,true,2026-07-14T06:10:45
7421,8420,6315,PHP,,,true,2026-07-14T06:10:45
7422,10310,7735,PHP,,,true,2026-07-14T06:10:45
7430,7510,5635,PHP,,,true,2026-07-14T06:10:45
7432,17550,16550,PHP,,,true,2026-07-14T06:10:45
7434,32770,31770,PHP,,,true,2026-07-14T06:10:45
7441,19020,14265,PHP,,,true,2026-07-14T06:10:45
745,13950,12950,PHP,,,true,2026-07-14T06:10:45
7454,7920,6920,PHP,,,true,2026-07-14T06:10:45
7457,8325,7325,PHP,,,true,2026-07-14T06:10:45
7458,9525,8525,PHP,,,true,2026-07-14T06:10:45
7459,8525,7525,PHP,,,true,2026-07-14T06:10:45
7460,9525,8525,PHP,,,true,2026-07-14T06:10:45
7461,7920,6920,PHP,,,true,2026-07-14T06:10:45
7464,8610,7610,PHP,,,true,2026-07-14T06:10:45
7465,8475,7475,PHP,,,true,2026-07-14T06:10:45
7466,9070,8070,PHP,,,true,2026-07-14T06:10:45
7467,9040,8040,PHP,,,true,2026-07-14T06:10:45
7468,12240,11240,PHP,,,true,2026-07-14T06:10:45
7470,11180,10180,PHP,,,true,2026-07-14T06:10:45
7471,10360,9360,PHP,,,true,2026-07-14T06:10:45
7472,13035,12035,PHP,,,true,2026-07-14T06:10:45
7475,8770,7770,PHP,,,true,2026-07-14T06:10:45
7480,8840,7840,PHP,,,true,2026-07-14T06:10:45
7481,8770,7770,PHP,,,true,2026-07-14T06:10:45
7486,9635,8635,PHP,,,true,2026-07-14T06:10:45
7509,6820,5820,PHP,,,true,2026-07-14T06:10:45
7511,12130,11130,PHP,,,true,2026-07-14T06:10:45
7519,15915,14915,PHP,,,true,2026-07-14T06:10:45
752,10560,9560,PHP,,,true,2026-07-14T06:10:45
7521,18925,17925,PHP,,,true,2026-07-14T06:10:45
7523,12725,11725,PHP,,,true,2026-07-14T06:10:45
7524,9420,8420,PHP,,,true,2026-07-14T06:10:45
7527,12645,11645,PHP,,,true,2026-07-14T06:10:45
7528,20305,19305,PHP,,,true,2026-07-14T06:10:45
7529,20530,19530,PHP,,,true,2026-07-14T06:10:45
7535,15635,14635,PHP,,,true,2026-07-14T06:10:45
7536,24400,23400,PHP,,,true,2026-07-14T06:10:45
7537,19560,18560,PHP,,,true,2026-07-14T06:10:45
7538,20170,19170,PHP,,,true,2026-07-14T06:10:45
7539,14410,13410,PHP,,,true,2026-07-14T06:10:45
7541,38470,37470,PHP,,,true,2026-07-14T06:10:45
755,17830,16830,PHP,,,true,2026-07-14T06:10:45
757,12075,11075,PHP,,,true,2026-07-14T06:10:45
7575,11710,,PHP,,,true,2026-07-14T06:10:45
7583,12155,11155,PHP,,,true,2026-07-14T06:10:45
7586,30420,29420,PHP,,,true,2026-07-14T06:10:45
7589,8915,7915,PHP,,,true,2026-07-14T06:10:45
7595,14640,13640,PHP,,,true,2026-07-14T06:10:45
7596,6250,,PHP,,,true,2026-07-14T06:10:45
7597,8550,,PHP,,,true,2026-07-14T06:10:45
7598,9470,,PHP,,,true,2026-07-14T06:10:45
7602,35700,34700,PHP,,,true,2026-07-14T06:10:45
7603,17105,16105,PHP,,,true,2026-07-14T06:10:45
7604,19145,18145,PHP,,,true,2026-07-14T06:10:45
763,11610,10610,PHP,,,true,2026-07-14T06:10:45
765,19120,18120,PHP,,,true,2026-07-14T06:10:45
766,7800,6800,PHP,,,true,2026-07-14T06:10:45
7667,5135,,PHP,,,true,2026-07-14T06:10:45
7670,12260,11260,PHP,,,true,2026-07-14T06:10:45
7671,12350,11350,PHP,,,true,2026-07-14T06:10:45
7672,17745,16745,PHP,,,true,2026-07-14T06:10:45
7680,43070,42070,PHP,,,true,2026-07-14T06:10:45
7682,14590,13590,PHP,,,true,2026-07-14T06:10:45
7685,28200,27200,PHP,,,true,2026-07-14T06:10:45
779,17905,16905,PHP,,,true,2026-07-14T06:10:45
790,8040,7040,PHP,,,true,2026-07-14T06:10:45
795,9970,8970,PHP,,,true,2026-07-14T06:10:45
801,12240,11240,PHP,,,true,2026-07-14T06:10:45
813,11870,10870,PHP,,,true,2026-07-14T06:10:45
8178,8725,6545,PHP,,,true,2026-07-14T06:10:45
8179,8790,6595,PHP,,,true,2026-07-14T06:10:45
8180,8565,6425,PHP,,,true,2026-07-14T06:10:45
8218,4325,3245,PHP,,,true,2026-07-14T06:10:45
8234,4710,3535,PHP,,,true,2026-07-14T06:10:45
8238,4960,3720,PHP,,,true,2026-07-14T06:10:45
8239,5690,4270,PHP,,,true,2026-07-14T06:10:45
8242,5730,4300,PHP,,,true,2026-07-14T06:10:45
8243,5890,4420,PHP,,,true,2026-07-14T06:10:45
8244,5010,3760,PHP,,,true,2026-07-14T06:10:45
8245,5890,4420,PHP,,,true,2026-07-14T06:10:45
8248,5465,4100,PHP,,,true,2026-07-14T06:10:45
8249,5825,4370,PHP,,,true,2026-07-14T06:10:45
8252,6290,4720,PHP,,,true,2026-07-14T06:10:45
8255,6160,4620,PHP,,,true,2026-07-14T06:10:45
8257,6265,4700,PHP,,,true,2026-07-14T06:10:45
8260,8445,6335,PHP,,,true,2026-07-14T06:10:45
8262,6640,4980,PHP,,,true,2026-07-14T06:10:45
8264,6960,5220,PHP,,,true,2026-07-14T06:10:45
8265,7105,5330,PHP,,,true,2026-07-14T06:10:45
8291,8165,6125,PHP,,,true,2026-07-14T06:10:45
8295,10470,7855,PHP,,,true,2026-07-14T06:10:45
830,16090,15090,PHP,,,true,2026-07-14T06:10:45
8300,9630,7225,PHP,,,true,2026-07-14T06:10:45
8304,10190,7645,PHP,,,true,2026-07-14T06:10:45
8306,11370,8530,PHP,,,true,2026-07-14T06:10:45
832,8840,7840,PHP,,,true,2026-07-14T06:10:45
8327,6730,5050,PHP,,,true,2026-07-14T06:10:45
8391,21470,20470,PHP,,,true,2026-07-14T06:10:45
8393,23525,19070,PHP,,,true,2026-07-14T06:10:45
8399,24390,18295,PHP,,,true,2026-07-14T06:10:45
8407,18270,17270,PHP,,,true,2026-07-14T06:10:45
8408,20260,19260,PHP,,,true,2026-07-14T06:10:45
8409,14545,10910,PHP,,,true,2026-07-14T06:10:45
841,15665,14665,PHP,,,true,2026-07-14T06:10:45
8410,25850,24850,PHP,,,true,2026-07-14T06:10:45
8411,20525,19525,PHP,,,true,2026-07-14T06:10:45
8412,38780,37780,PHP,,,true,2026-07-14T06:10:45
8421,14505,13505,PHP,,,true,2026-07-14T06:10:45
8422,15740,14740,PHP,,,true,2026-07-14T06:10:45
8423,26730,25730,PHP,,,true,2026-07-14T06:10:45
8425,11510,8635,PHP,,,true,2026-07-14T06:10:45
8427,26660,25660,PHP,,,true,2026-07-14T06:10:45
8430,23110,18740,PHP,,,true,2026-07-14T06:10:45
8436,8885,6665,PHP,,,true,2026-07-14T06:10:45
8437,13205,9905,PHP,,,true,2026-07-14T06:10:45
8438,15240,11430,PHP,,,true,2026-07-14T06:10:45
844,13475,12475,PHP,,,true,2026-07-14T06:10:45
8441,14365,13365,PHP,,,true,2026-07-14T06:10:45
8494,31120,30120,PHP,,,true,2026-07-14T06:10:45
8499,22785,21785,PHP,,,true,2026-07-14T06:10:45
8501,42560,41560,PHP,,,true,2026-07-14T06:10:45
8502,7925,5945,PHP,,,true,2026-07-14T06:10:45
8503,5640,4230,PHP,,,true,2026-07-14T06:10:45
8509,7430,5575,PHP,,,true,2026-07-14T06:10:45
8511,9825,7370,PHP,,,true,2026-07-14T06:10:45
8522,6040,4530,PHP,,,true,2026-07-14T06:10:45
8524,7960,,PHP,,,true,2026-07-14T06:10:45
8526,20525,19525,PHP,,,true,2026-07-14T06:10:45
8528,4025,,PHP,,,true,2026-07-14T06:10:45
8530,15050,14050,PHP,,,true,2026-07-14T06:10:45
8531,35100,34100,PHP,,,true,2026-07-14T06:10:45
8533,13280,12280,PHP,,,true,2026-07-14T06:10:45
8534,12650,9490,PHP,,,true,2026-07-14T06:10:45
8535,12345,9260,PHP,,,true,2026-07-14T06:10:45
8536,11885,8915,PHP,,,true,2026-07-14T06:10:45
8537,10805,8105,PHP,,,true,2026-07-14T06:10:45
8539,10030,7525,PHP,,,true,2026-07-14T06:10:45
8542,11265,8450,PHP,,,true,2026-07-14T06:10:45
8544,10185,7640,PHP,,,true,2026-07-14T06:10:45
8545,11420,8565,PHP,,,true,2026-07-14T06:10:45
8546,11265,8450,PHP,,,true,2026-07-14T06:10:45
8547,11110,8335,PHP,,,true,2026-07-14T06:10:45
8548,10185,7640,PHP,,,true,2026-07-14T06:10:45
8549,10030,7525,PHP,,,true,2026-07-14T06:10:45
8553,8950,6715,PHP,,,true,2026-07-14T06:10:45
8558,10050,8380,PHP,,,true,2026-07-14T06:10:45
8566,6750,5630,PHP,,,true,2026-07-14T06:10:45
8568,8305,6230,PHP,,,true,2026-07-14T06:10:45
8575,9880,7410,PHP,,,true,2026-07-14T06:10:45
8579,8950,6715,PHP,,,true,2026-07-14T06:10:45
8580,9120,6840,PHP,,,true,2026-07-14T06:10:45
8581,8960,6720,PHP,,,true,2026-07-14T06:10:45
8583,7820,5865,PHP,,,true,2026-07-14T06:10:45
8584,7490,5620,PHP,,,true,2026-07-14T06:10:45
8585,7980,5985,PHP,,,true,2026-07-14T06:10:45
8589,7820,5865,PHP,,,true,2026-07-14T06:10:45
859,11670,10670,PHP,,,true,2026-07-14T06:10:45
8596,7650,5740,PHP,,,true,2026-07-14T06:10:45
8599,6600,5375,PHP,,,true,2026-07-14T06:10:45
8600,6025,4520,PHP,,,true,2026-07-14T06:10:45
8614,10030,7525,PHP,,,true,2026-07-14T06:10:45
8618,8960,6720,PHP,,,true,2026-07-14T06:10:45
8619,8800,6600,PHP,,,true,2026-07-14T06:10:45
8620,8145,6110,PHP,,,true,2026-07-14T06:10:45
8623,7490,5620,PHP,,,true,2026-07-14T06:10:45
8624,7490,5620,PHP,,,true,2026-07-14T06:10:45
8625,7330,5500,PHP,,,true,2026-07-14T06:10:45
8626,7165,5375,PHP,,,true,2026-07-14T06:10:45
8627,7005,5255,PHP,,,true,2026-07-14T06:10:45
8628,7650,5740,PHP,,,true,2026-07-14T06:10:45
863,11670,10670,PHP,,,true,2026-07-14T06:10:45
8631,6185,4640,PHP,,,true,2026-07-14T06:10:45
8633,5865,4400,PHP,,,true,2026-07-14T06:10:45
8635,5865,4400,PHP,,,true,2026-07-14T06:10:45
8636,5540,4155,PHP,,,true,2026-07-14T06:10:45
8638,6350,4765,PHP,,,true,2026-07-14T06:10:45
8639,5700,4275,PHP,,,true,2026-07-14T06:10:45
864,7890,,PHP,,,true,2026-07-14T06:10:45
8641,5700,4275,PHP,,,true,2026-07-14T06:10:45
8642,5700,4275,PHP,,,true,2026-07-14T06:10:45
8643,5370,4030,PHP,,,true,2026-07-14T06:10:45
865,13265,12265,PHP,,,true,2026-07-14T06:10:45
8663,9565,7175,PHP,,,true,2026-07-14T06:10:45
8665,8950,6715,PHP,,,true,2026-07-14T06:10:45
8666,9360,7020,PHP,,,true,2026-07-14T06:10:45
8668,8145,6110,PHP,,,true,2026-07-14T06:10:45
8670,5945,4460,PHP,,,true,2026-07-14T06:10:45
8671,7005,5255,PHP,,,true,2026-07-14T06:10:45
8672,7650,5740,PHP,,,true,2026-07-14T06:10:45
8674,5865,4400,PHP,,,true,2026-07-14T06:10:45
8676,5865,4400,PHP,,,true,2026-07-14T06:10:45
8678,5540,4155,PHP,,,true,2026-07-14T06:10:45
8679,5700,4275,PHP,,,true,2026-07-14T06:10:45
8681,5540,4155,PHP,,,true,2026-07-14T06:10:45
8682,5045,3785,PHP,,,true,2026-07-14T06:10:45
8683,4965,3725,PHP,,,true,2026-07-14T06:10:45
8687,5045,3785,PHP,,,true,2026-07-14T06:10:45
8688,4885,3665,PHP,,,true,2026-07-14T06:10:45
8689,4885,3665,PHP,,,true,2026-07-14T06:10:45
8692,4560,3420,PHP,,,true,2026-07-14T06:10:45
8693,4560,3420,PHP,,,true,2026-07-14T06:10:45
8706,9720,7290,PHP,,,true,2026-07-14T06:10:45
8707,9260,6945,PHP,,,true,2026-07-14T06:10:45
8709,7165,5375,PHP,,,true,2026-07-14T06:10:45
8714,6510,4885,PHP,,,true,2026-07-14T06:10:45
8716,6185,4640,PHP,,,true,2026-07-14T06:10:45
8718,5370,4030,PHP,,,true,2026-07-14T06:10:45
8722,5045,3785,PHP,,,true,2026-07-14T06:10:45
8723,5210,3910,PHP,,,true,2026-07-14T06:10:45
8726,4480,3360,PHP,,,true,2026-07-14T06:10:45
8727,4400,3300,PHP,,,true,2026-07-14T06:10:45
8728,4310,3235,PHP,,,true,2026-07-14T06:10:45
8729,4150,3115,PHP,,,true,2026-07-14T06:10:45
873,9525,8525,PHP,,,true,2026-07-14T06:10:45
8730,4070,3055,PHP,,,true,2026-07-14T06:10:45
8731,3985,2990,PHP,,,true,2026-07-14T06:10:45
8733,3745,2810,PHP,,,true,2026-07-14T06:10:45
8734,4070,3055,PHP,,,true,2026-07-14T06:10:45
8735,3905,2930,PHP,,,true,2026-07-14T06:10:45
8736,3825,2870,PHP,,,true,2026-07-14T06:10:45
8737,3825,2870,PHP,,,true,2026-07-14T06:10:45
8738,3500,2625,PHP,,,true,2026-07-14T06:10:45
8739,3420,2565,PHP,,,true,2026-07-14T06:10:45
8741,4070,3055,PHP,,,true,2026-07-14T06:10:45
8742,3985,2990,PHP,,,true,2026-07-14T06:10:45
8744,3580,2685,PHP,,,true,2026-07-14T06:10:45
8745,3580,2685,PHP,,,true,2026-07-14T06:10:45
8748,3340,2505,PHP,,,true,2026-07-14T06:10:45
8749,3250,2440,PHP,,,true,2026-07-14T06:10:45
8750,2930,2200,PHP,,,true,2026-07-14T06:10:45
8751,2765,2075,PHP,,,true,2026-07-14T06:10:45
8752,3905,2930,PHP,,,true,2026-07-14T06:10:45
8753,3250,2440,PHP,,,true,2026-07-14T06:10:45
8754,3170,2380,PHP,,,true,2026-07-14T06:10:45
8755,3170,2380,PHP,,,true,2026-07-14T06:10:45
8756,3170,2380,PHP,,,true,2026-07-14T06:10:45
8758,2520,1890,PHP,,,true,2026-07-14T06:10:45
8759,2845,2135,PHP,,,true,2026-07-14T06:10:45
8760,2440,1830,PHP,,,true,2026-07-14T06:10:45
8761,2360,1770,PHP,,,true,2026-07-14T06:10:45
8771,4350,3630,PHP,,,true,2026-07-14T06:10:45
8779,7980,5985,PHP,,,true,2026-07-14T06:10:45
8783,6840,5130,PHP,,,true,2026-07-14T06:10:45
8784,6840,5130,PHP,,,true,2026-07-14T06:10:45
8785,6600,4950,PHP,,,true,2026-07-14T06:10:45
8786,6430,4825,PHP,,,true,2026-07-14T06:10:45
8787,19970,18970,PHP,,,true,2026-07-14T06:10:45
8788,7075,6075,PHP,,,true,2026-07-14T06:10:45
8789,21440,20440,PHP,,,true,2026-07-14T06:10:45
8790,31860,30860,PHP,,,true,2026-07-14T06:10:45
8791,35405,34405,PHP,,,true,2026-07-14T06:10:45
8804,20170,15130,PHP,,,true,2026-07-14T06:10:45
8815,23600,17700,PHP,,,true,2026-07-14T06:10:45
8913,9680,8680,PHP,,,true,2026-07-14T06:10:45
8916,21050,15790,PHP,,,true,2026-07-14T06:10:45
8921,9735,,PHP,,,true,2026-07-14T06:10:45
8927,10680,8010,PHP,,,true,2026-07-14T06:10:45
8928,12425,9320,PHP,,,true,2026-07-14T06:10:45
8929,10170,7630,PHP,,,true,2026-07-14T06:10:45
8945,19025,14270,PHP,,,true,2026-07-14T06:10:45
8959,18110,13580,PHP,,,true,2026-07-14T06:10:45
8966,24770,18825,PHP,,,true,2026-07-14T06:10:45
8969,18585,13940,PHP,,,true,2026-07-14T06:10:45
8981,27765,20825,PHP,,,true,2026-07-14T06:10:45
8984,15785,11840,PHP,,,true,2026-07-14T06:10:45
8988,26310,19735,PHP,,,true,2026-07-14T06:10:45
8991,26585,19940,PHP,,,true,2026-07-14T06:10:45
8998,10460,7845,PHP,,,true,2026-07-14T06:10:45
9004,8705,6530,PHP,,,true,2026-07-14T06:10:45
9010,8725,6545,PHP,,,true,2026-07-14T06:10:45
9011,7840,5880,PHP,,,true,2026-07-14T06:10:45
9016,8330,6250,PHP,,,true,2026-07-14T06:10:45
9019,8805,6605,PHP,,,true,2026-07-14T06:10:45
9020,14690,11020,PHP,,,true,2026-07-14T06:10:45
9021,8680,6510,PHP,,,true,2026-07-14T06:10:45
9023,14150,10615,PHP,,,true,2026-07-14T06:10:45
9025,14610,10960,PHP,,,true,2026-07-14T06:10:45
9032,16040,12030,PHP,,,true,2026-07-14T06:10:45
9033,16725,12545,PHP,,,true,2026-07-14T06:10:45
9035,16490,12365,PHP,,,true,2026-07-14T06:10:45
9044,16520,12390,PHP,,,true,2026-07-14T06:10:45
9048,16560,15560,PHP,,,true,2026-07-14T06:10:45
9050,22410,21410,PHP,,,true,2026-07-14T06:10:45
9051,28105,27105,PHP,,,true,2026-07-14T06:10:45
9060,61645,46235,PHP,,,true,2026-07-14T06:10:45
9080,33250,32250,PHP,,,true,2026-07-14T06:10:45
9081,28405,27405,PHP,,,true,2026-07-14T06:10:45
9100,15210,11410,PHP,,,true,2026-07-14T06:10:45
9101,12025,9020,PHP,,,true,2026-07-14T06:10:45
9103,16785,12590,PHP,,,true,2026-07-14T06:10:45
9105,16170,12130,PHP,,,true,2026-07-14T06:10:45
9106,26070,19555,PHP,,,true,2026-07-14T06:10:45
9107,28540,21405,PHP,,,true,2026-07-14T06:10:45
9109,24750,18565,PHP,,,true,2026-07-14T06:10:45
9110,6420,4815,PHP,,,true,2026-07-14T06:10:45
9111,8140,6105,PHP,,,true,2026-07-14T06:10:45
9114,11645,8735,PHP,,,true,2026-07-14T06:10:45
9115,11940,8955,PHP,,,true,2026-07-14T06:10:45
9116,12810,9610,PHP,,,true,2026-07-14T06:10:45
9117,14560,10920,PHP,,,true,2026-07-14T06:10:45
9119,15285,11465,PHP,,,true,2026-07-14T06:10:45
912,16420,15420,PHP,,,true,2026-07-14T06:10:45
9124,10565,7925,PHP,,,true,2026-07-14T06:10:45
9125,6605,4955,PHP,,,true,2026-07-14T06:10:45
913,12755,11755,PHP,,,true,2026-07-14T06:10:45
9131,11065,8300,PHP,,,true,2026-07-14T06:10:45
9136,10810,8110,PHP,,,true,2026-07-14T06:10:45
9137,11660,8745,PHP,,,true,2026-07-14T06:10:45
9138,12810,9610,PHP,,,true,2026-07-14T06:10:45
9144,16740,12555,PHP,,,true,2026-07-14T06:10:45
9145,18925,14195,PHP,,,true,2026-07-14T06:10:45
9146,19220,14415,PHP,,,true,2026-07-14T06:10:45
9147,17350,13015,PHP,,,true,2026-07-14T06:10:45
9148,17470,13105,PHP,,,true,2026-07-14T06:10:45
9156,12490,9370,PHP,,,true,2026-07-14T06:10:45
9157,18485,13865,PHP,,,true,2026-07-14T06:10:45
9162,4225,3170,PHP,,,true,2026-07-14T06:10:45
9163,6300,4725,PHP,,,true,2026-07-14T06:10:45
9164,8760,6570,PHP,,,true,2026-07-14T06:10:45
9165,4900,3675,PHP,,,true,2026-07-14T06:10:45
9166,5805,4355,PHP,,,true,2026-07-14T06:10:45
9167,5065,3805,PHP,,,true,2026-07-14T06:10:45
9168,5240,3930,PHP,,,true,2026-07-14T06:10:45
9169,5065,3800,PHP,,,true,2026-07-14T06:10:45
917,14730,11050,PHP,,,true,2026-07-14T06:10:45
9171,5745,5195,PHP,,,true,2026-07-14T06:10:45
9173,6850,5140,PHP,,,true,2026-07-14T06:10:45
9174,12370,9280,PHP,,,true,2026-07-14T06:10:45
9175,6145,4610,PHP,,,true,2026-07-14T06:10:45
9177,14265,10700,PHP,,,true,2026-07-14T06:10:45
9178,20380,15285,PHP,,,true,2026-07-14T06:10:45
9179,7910,5935,PHP,,,true,2026-07-14T06:10:45
9180,8450,6340,PHP,,,true,2026-07-14T06:10:45
9181,9025,6770,PHP,,,true,2026-07-14T06:10:45
9182,8110,6085,PHP,,,true,2026-07-14T06:10:45
9183,16010,12010,PHP,,,true,2026-07-14T06:10:45
9188,16740,12555,PHP,,,true,2026-07-14T06:10:45
9189,10045,7535,PHP,,,true,2026-07-14T06:10:45
9190,7065,5300,PHP,,,true,2026-07-14T06:10:45
9191,7220,5415,PHP,,,true,2026-07-14T06:10:45
9192,7220,5415,PHP,,,true,2026-07-14T06:10:45
9193,8605,6455,PHP,,,true,2026-07-14T06:10:45
9194,9900,7425,PHP,,,true,2026-07-14T06:10:45
9198,14270,10700,PHP,,,true,2026-07-14T06:10:45
9199,17760,13320,PHP,,,true,2026-07-14T06:10:45
920,17140,16140,PHP,,,true,2026-07-14T06:10:45
9200,14090,10570,PHP,,,true,2026-07-14T06:10:45
9201,13290,9970,PHP,,,true,2026-07-14T06:10:45
9202,12360,9270,PHP,,,true,2026-07-14T06:10:45
9203,15840,11880,PHP,,,true,2026-07-14T06:10:45
9204,12650,9490,PHP,,,true,2026-07-14T06:10:45
9205,14410,10810,PHP,,,true,2026-07-14T06:10:45
9206,16330,12250,PHP,,,true,2026-07-14T06:10:45
9207,14965,11225,PHP,,,true,2026-07-14T06:10:45
9218,10230,7675,PHP,,,true,2026-07-14T06:10:45
9226,12810,9610,PHP,,,true,2026-07-14T06:10:45
9229,14560,10920,PHP,,,true,2026-07-14T06:10:45
9231,9805,7355,PHP,,,true,2026-07-14T06:10:45
9243,10645,7985,PHP,,,true,2026-07-14T06:10:45
9244,10490,7870,PHP,,,true,2026-07-14T06:10:45
9245,10490,7870,PHP,,,true,2026-07-14T06:10:45
9250,8960,6720,PHP,,,true,2026-07-14T06:10:45
9251,7980,5985,PHP,,,true,2026-07-14T06:10:45
9253,8470,6355,PHP,,,true,2026-07-14T06:10:45
9254,7650,5740,PHP,,,true,2026-07-14T06:10:45
9257,7980,5985,PHP,,,true,2026-07-14T06:10:45
926,19120,18120,PHP,,,true,2026-07-14T06:10:45
9260,7490,5620,PHP,,,true,2026-07-14T06:10:45
9263,10645,7985,PHP,,,true,2026-07-14T06:10:45
9264,10490,7870,PHP,,,true,2026-07-14T06:10:45
9265,10490,7870,PHP,,,true,2026-07-14T06:10:45
9266,10340,7755,PHP,,,true,2026-07-14T06:10:45
9267,9880,7410,PHP,,,true,2026-07-14T06:10:45
9268,9720,7290,PHP,,,true,2026-07-14T06:10:45
9269,7330,5500,PHP,,,true,2026-07-14T06:10:45
9270,7005,5255,PHP,,,true,2026-07-14T06:10:45
9273,6510,4885,PHP,,,true,2026-07-14T06:10:45
9275,6025,4520,PHP,,,true,2026-07-14T06:10:45
9276,6025,4520,PHP,,,true,2026-07-14T06:10:45
9277,6025,4520,PHP,,,true,2026-07-14T06:10:45
9278,6025,4520,PHP,,,true,2026-07-14T06:10:45
9279,5865,4400,PHP,,,true,2026-07-14T06:10:45
9281,5865,4400,PHP,,,true,2026-07-14T06:10:45
9283,5540,4155,PHP,,,true,2026-07-14T06:10:45
9284,5370,4030,PHP,,,true,2026-07-14T06:10:45
9285,13580,10185,PHP,,,true,2026-07-14T06:10:45
9286,11265,8450,PHP,,,true,2026-07-14T06:10:45
9287,12500,9375,PHP,,,true,2026-07-14T06:10:45
9288,10030,7525,PHP,,,true,2026-07-14T06:10:45
9289,10340,7755,PHP,,,true,2026-07-14T06:10:45
9290,11570,8680,PHP,,,true,2026-07-14T06:10:45
9291,9565,7175,PHP,,,true,2026-07-14T06:10:45
9292,9565,7175,PHP,,,true,2026-07-14T06:10:45
9293,8800,6600,PHP,,,true,2026-07-14T06:10:45
9294,8145,6110,PHP,,,true,2026-07-14T06:10:45
9296,5045,3785,PHP,,,true,2026-07-14T06:10:45
9299,4720,3540,PHP,,,true,2026-07-14T06:10:45
9301,4560,3420,PHP,,,true,2026-07-14T06:10:45
9302,7980,5985,PHP,,,true,2026-07-14T06:10:45
9304,13740,10305,PHP,,,true,2026-07-14T06:10:45
9305,12040,9030,PHP,,,true,2026-07-14T06:10:45
9306,11885,8915,PHP,,,true,2026-07-14T06:10:45
9307,11420,8565,PHP,,,true,2026-07-14T06:10:45
9308,11265,8450,PHP,,,true,2026-07-14T06:10:45
9309,10960,8220,PHP,,,true,2026-07-14T06:10:45
931,13425,12425,PHP,,,true,2026-07-14T06:10:45
9310,10645,7985,PHP,,,true,2026-07-14T06:10:45
9311,10340,7755,PHP,,,true,2026-07-14T06:10:45
9312,9720,7290,PHP,,,true,2026-07-14T06:10:45
9313,8470,6355,PHP,,,true,2026-07-14T06:10:45
9315,7490,5620,PHP,,,true,2026-07-14T06:10:45
9316,7490,5620,PHP,,,true,2026-07-14T06:10:45
9317,7330,5500,PHP,,,true,2026-07-14T06:10:45
9318,6840,5130,PHP,,,true,2026-07-14T06:10:45
9320,4805,3605,PHP,,,true,2026-07-14T06:10:45
9321,4640,3480,PHP,,,true,2026-07-14T06:10:45
9322,6510,4885,PHP,,,true,2026-07-14T06:10:45
9323,6025,4520,PHP,,,true,2026-07-14T06:10:45
9326,10185,7640,PHP,,,true,2026-07-14T06:10:45
9327,9720,7290,PHP,,,true,2026-07-14T06:10:45
9328,9720,7290,PHP,,,true,2026-07-14T06:10:45
9333,7820,5865,PHP,,,true,2026-07-14T06:10:45
9336,7005,5255,PHP,,,true,2026-07-14T06:10:45
9337,7330,5500,PHP,,,true,2026-07-14T06:10:45
9338,6840,5130,PHP,,,true,2026-07-14T06:10:45
9339,6510,4885,PHP,,,true,2026-07-14T06:10:45
9340,7005,5255,PHP,,,true,2026-07-14T06:10:45
9341,8145,6110,PHP,,,true,2026-07-14T06:10:45
9342,6025,4520,PHP,,,true,2026-07-14T06:10:45
9343,6025,4520,PHP,,,true,2026-07-14T06:10:45
9348,5540,4155,PHP,,,true,2026-07-14T06:10:45
9349,6350,4765,PHP,,,true,2026-07-14T06:10:45
9350,6510,4885,PHP,,,true,2026-07-14T06:10:45
9351,4885,3665,PHP,,,true,2026-07-14T06:10:45
9352,4720,3540,PHP,,,true,2026-07-14T06:10:45
9353,6350,4765,PHP,,,true,2026-07-14T06:10:45
9354,4720,3540,PHP,,,true,2026-07-14T06:10:45
9357,4070,3055,PHP,,,true,2026-07-14T06:10:45
9358,4230,3175,PHP,,,true,2026-07-14T06:10:45
9359,4150,3115,PHP,,,true,2026-07-14T06:10:45
9360,2280,1710,PHP,,,true,2026-07-14T06:10:45
9361,8470,6355,PHP,,,true,2026-07-14T06:10:45
9362,8305,6230,PHP,,,true,2026-07-14T06:10:45
9363,8145,6110,PHP,,,true,2026-07-14T06:10:45
9366,7820,5865,PHP,,,true,2026-07-14T06:10:45
937,14300,13300,PHP,,,true,2026-07-14T06:10:45
9373,10490,7870,PHP,,,true,2026-07-14T06:10:45
938,19340,18340,PHP,,,true,2026-07-14T06:10:45
9381,13580,10185,PHP,,,true,2026-07-14T06:10:45
9382,11265,8450,PHP,,,true,2026-07-14T06:10:45
940,13825,12825,PHP,,,true,2026-07-14T06:10:45
9418,9020,6765,PHP,,,true,2026-07-14T06:10:45
9425,13905,12905,PHP,,,true,2026-07-14T06:10:45
9427,8610,7610,PHP,,,true,2026-07-14T06:10:45
9441,4660,3495,PHP,,,true,2026-07-14T06:10:45
9443,8725,6545,PHP,,,true,2026-07-14T06:10:45
947,26170,19630,PHP,,,true,2026-07-14T06:10:45
9483,8945,6710,PHP,,,true,2026-07-14T06:10:45
9509,11420,8565,PHP,,,true,2026-07-14T06:10:45
9511,7460,5595,PHP,,,true,2026-07-14T06:10:45
9517,8650,6490,PHP,,,true,2026-07-14T06:10:45
9519,11400,8550,PHP,,,true,2026-07-14T06:10:45
9522,9630,7225,PHP,,,true,2026-07-14T06:10:45
9524,9050,6790,PHP,,,true,2026-07-14T06:10:45
9526,12030,9025,PHP,,,true,2026-07-14T06:10:45
9528,10865,8150,PHP,,,true,2026-07-14T06:10:45
9529,12865,9650,PHP,,,true,2026-07-14T06:10:45
9530,9965,7475,PHP,,,true,2026-07-14T06:10:45
9531,10645,7985,PHP,,,true,2026-07-14T06:10:45
9533,9925,7445,PHP,,,true,2026-07-14T06:10:45
9534,10210,7660,PHP,,,true,2026-07-14T06:10:45
9536,12170,9130,PHP,,,true,2026-07-14T06:10:45
9537,15140,11355,PHP,,,true,2026-07-14T06:10:45
9538,14310,10735,PHP,,,true,2026-07-14T06:10:45
9539,11300,8475,PHP,,,true,2026-07-14T06:10:45
9544,10360,7770,PHP,,,true,2026-07-14T06:10:45
9545,4505,3380,PHP,,,true,2026-07-14T06:10:45
9546,4410,,PHP,,,true,2026-07-14T06:10:45
9549,4785,3590,PHP,,,true,2026-07-14T06:10:45
9552,5540,4155,PHP,,,true,2026-07-14T06:10:45
9554,6040,4530,PHP,,,true,2026-07-14T06:10:45
9556,6040,4530,PHP,,,true,2026-07-14T06:10:45
9557,7565,5675,PHP,,,true,2026-07-14T06:10:45
9562,7150,,PHP,,,true,2026-07-14T06:10:45
9564,7300,,PHP,,,true,2026-07-14T06:10:45
9566,9290,,PHP,,,true,2026-07-14T06:10:45
9567,10250,,PHP,,,true,2026-07-14T06:10:45
9570,10250,,PHP,,,true,2026-07-14T06:10:45
9571,10395,,PHP,,,true,2026-07-14T06:10:45
9573,10395,,PHP,,,true,2026-07-14T06:10:45
9574,11150,,PHP,,,true,2026-07-14T06:10:45
9576,11805,8855,PHP,,,true,2026-07-14T06:10:45
9577,13760,,PHP,,,true,2026-07-14T06:10:45
9580,11505,,PHP,,,true,2026-07-14T06:10:45
9581,17700,,PHP,,,true,2026-07-14T06:10:45
9583,19765,,PHP,,,true,2026-07-14T06:10:45
9584,19765,,PHP,,,true,2026-07-14T06:10:45
9585,29845,28845,PHP,,,true,2026-07-14T06:10:45
9587,9085,6815,PHP,,,true,2026-07-14T06:10:45
9590,3665,2750,PHP,,,true,2026-07-14T06:10:45
9595,10205,7655,PHP,,,true,2026-07-14T06:10:45
9598,6160,4620,PHP,,,true,2026-07-14T06:10:45
9610,4140,3105,PHP,,,true,2026-07-14T06:10:45
9616,4620,3465,PHP,,,true,2026-07-14T06:10:45
962,9040,8040,PHP,,,true,2026-07-14T06:10:45
963,16975,15975,PHP,,,true,2026-07-14T06:10:45
964,24485,18365,PHP,,,true,2026-07-14T06:10:45
9686,3785,2840,PHP,,,true,2026-07-14T06:10:45
9693,3960,2970,PHP,,,true,2026-07-14T06:10:45
9694,4010,3010,PHP,,,true,2026-07-14T06:10:45
9695,4285,3215,PHP,,,true,2026-07-14T06:10:45
9696,4510,3385,PHP,,,true,2026-07-14T06:10:45
9698,5290,3970,PHP,,,true,2026-07-14T06:10:45
9700,4810,3610,PHP,,,true,2026-07-14T06:10:45
9702,5000,3750,PHP,,,true,2026-07-14T06:10:45
9703,2540,1905,PHP,,,true,2026-07-14T06:10:45
9705,3870,2905,PHP,,,true,2026-07-14T06:10:45
9706,4340,3255,PHP,,,true,2026-07-14T06:10:45
9707,4670,3505,PHP,,,true,2026-07-14T06:10:45
9708,4665,3500,PHP,,,true,2026-07-14T06:10:45
9709,5070,3805,PHP,,,true,2026-07-14T06:10:45
9710,5405,4055,PHP,,,true,2026-07-14T06:10:45
9711,5865,4400,PHP,,,true,2026-07-14T06:10:45
9712,5700,4275,PHP,,,true,2026-07-14T06:10:45
9713,6400,4800,PHP,,,true,2026-07-14T06:10:45
9714,5885,4415,PHP,,,true,2026-07-14T06:10:45
9715,6220,4665,PHP,,,true,2026-07-14T06:10:45
9716,6145,4610,PHP,,,true,2026-07-14T06:10:45
9721,5440,4080,PHP,,,true,2026-07-14T06:10:45
9722,7030,5275,PHP,,,true,2026-07-14T06:10:45
9723,7130,6110,PHP,,,true,2026-07-14T06:10:45
9725,5310,3985,PHP,,,true,2026-07-14T06:10:45
9726,5305,3980,PHP,,,true,2026-07-14T06:10:45
9727,5600,4200,PHP,,,true,2026-07-14T06:10:45
9728,6845,5135,PHP,,,true,2026-07-14T06:10:45
9729,7330,5500,PHP,,,true,2026-07-14T06:10:45
9730,7885,5915,PHP,,,true,2026-07-14T06:10:45
9731,12510,9385,PHP,,,true,2026-07-14T06:10:45
9732,5600,4200,PHP,,,true,2026-07-14T06:10:45
9733,5765,4325,PHP,,,true,2026-07-14T06:10:45
9734,6365,4775,PHP,,,true,2026-07-14T06:10:45
9735,7740,5805,PHP,,,true,2026-07-14T06:10:45
9736,8030,6025,PHP,,,true,2026-07-14T06:10:45
9738,8250,6190,PHP,,,true,2026-07-14T06:10:45
9739,9070,6805,PHP,,,true,2026-07-14T06:10:45
9741,39970,38970,PHP,,,true,2026-07-14T06:10:45
9743,34470,25855,PHP,,,true,2026-07-14T06:10:45
9744,5785,4340,PHP,,,true,2026-07-14T06:10:45
9746,12065,9050,PHP,,,true,2026-07-14T06:10:45
9748,26280,19710,PHP,,,true,2026-07-14T06:10:45
9750,9565,7175,PHP,,,true,2026-07-14T06:10:45
9751,11960,8970,PHP,,,true,2026-07-14T06:10:45
9752,25800,19350,PHP,,,true,2026-07-14T06:10:45
9756,41900,31425,PHP,,,true,2026-07-14T06:10:45
9757,26065,19550,PHP,,,true,2026-07-14T06:10:45
9758,48505,36380,PHP,,,true,2026-07-14T06:10:45
9772,21950,16465,PHP,,,true,2026-07-14T06:10:45
9777,17660,13245,PHP,,,true,2026-07-14T06:10:45
9778,21570,16180,PHP,,,true,2026-07-14T06:10:45
9780,25505,19130,PHP,,,true,2026-07-14T06:10:45
9786,16090,12070,PHP,,,true,2026-07-14T06:10:45
9787,25845,19385,PHP,,,true,2026-07-14T06:10:45
9788,28240,21180,PHP,,,true,2026-07-14T06:10:45
9789,29990,22495,PHP,,,true,2026-07-14T06:10:45
9790,24550,18415,PHP,,,true,2026-07-14T06:10:45
9791,32985,24740,PHP,,,true,2026-07-14T06:10:45
9881,14970,11230,PHP,,,true,2026-07-14T06:10:45
9887,10490,7870,PHP,,,true,2026-07-14T06:10:45
9888,10205,7655,PHP,,,true,2026-07-14T06:10:45
9889,14930,11200,PHP,,,true,2026-07-14T06:10:45
9891,9645,7235,PHP,,,true,2026-07-14T06:10:45
9892,9345,7010,PHP,,,true,2026-07-14T06:10:45
9893,9530,7150,PHP,,,true,2026-07-14T06:10:45
9894,11430,8575,PHP,,,true,2026-07-14T06:10:45
9895,10860,8145,PHP,,,true,2026-07-14T06:10:45
9896,11490,8620,PHP,,,true,2026-07-14T06:10:45
9905,19425,18425,PHP,,,true,2026-07-14T06:10:45
9908,5705,4280,PHP,,,true,2026-07-14T06:10:45
991,7630,,PHP,,,true,2026-07-14T06:10:45
9914,32000,31000,PHP,,,true,2026-07-14T06:10:45
9915,4340,3255,PHP,,,true,2026-07-14T06:10:45
9916,3965,2975,PHP,,,true,2026-07-14T06:10:45
9917,4810,3610,PHP,,,true,2026-07-14T06:10:45
9918,7845,5885,PHP,,,true,2026-07-14T06:10:45
9919,7980,5985,PHP,,,true,2026-07-14T06:10:45
9920,8270,6205,PHP,,,true,2026-07-14T06:10:45
9925,6610,4960,PHP,,,true,2026-07-14T06:10:45
9926,7405,5555,PHP,,,true,2026-07-14T06:10:45
9927,8990,6745,PHP,,,true,2026-07-14T06:10:45
9928,8110,6085,PHP,,,true,2026-07-14T06:10:45
9929,7725,5795,PHP,,,true,2026-07-14T06:10:45
9930,7980,5985,PHP,,,true,2026-07-14T06:10:45
9931,7525,5645,PHP,,,true,2026-07-14T06:10:45
9932,10305,7730,PHP,,,true,2026-07-14T06:10:45
9933,10585,7940,PHP,,,true,2026-07-14T06:10:45
9934,9670,7255,PHP,,,true,2026-07-14T06:10:45
9936,9050,6790,PHP,,,true,2026-07-14T06:10:45
9937,9585,7190,PHP,,,true,2026-07-14T06:10:45
9938,9660,7245,PHP,,,true,2026-07-14T06:10:45
9939,9360,7020,PHP,,,true,2026-07-14T06:10:45
994,28710,21535,PHP,,,true,2026-07-14T06:10:45
9940,9990,7495,PHP,,,true,2026-07-14T06:10:45
9941,9785,7340,PHP,,,true,2026-07-14T06:10:45
9943,9265,6950,PHP,,,true,2026-07-14T06:10:45
9944,9420,7065,PHP,,,true,2026-07-14T06:10:45
9946,10360,7770,PHP,,,true,2026-07-14T06:10:45
9947,10165,7625,PHP,,,true,2026-07-14T06:10:45
9948,10850,8140,PHP,,,true,2026-07-14T06:10:45
9949,11150,8365,PHP,,,true,2026-07-14T06:10:45
9950,11345,8510,PHP,,,true,2026-07-14T06:10:45
9951,6330,4750,PHP,,,true,2026-07-14T06:10:45
9953,7145,5360,PHP,,,true,2026-07-14T06:10:45
9955,7285,5465,PHP,,,true,2026-07-14T06:10:45
9956,8190,6145,PHP,,,true,2026-07-14T06:10:45
9957,8565,6425,PHP,,,true,2026-07-14T06:10:45
9958,9140,6855,PHP,,,true,2026-07-14T06:10:45
9959,8700,6525,PHP,,,true,2026-07-14T06:10:45
9960,8980,6735,PHP,,,true,2026-07-14T06:10:45
9961,9405,7055,PHP,,,true,2026-07-14T06:10:45
9962,9045,6785,PHP,,,true,2026-07-14T06:10:45
9964,10190,7645,PHP,,,true,2026-07-14T06:10:45
9965,11080,8310,PHP,,,true,2026-07-14T06:10:45
9966,13710,10285,PHP,,,true,2026-07-14T06:10:45
9969,12750,9565,PHP,,,true,2026-07-14T06:10:45
9970,10670,8005,PHP,,,true,2026-07-14T06:10:45
9971,11560,8670,PHP,,,true,2026-07-14T06:10:45
9972,10360,7770,PHP,,,true,2026-07-14T06:10:45
9973,14930,11200,PHP,,,true,2026-07-14T06:10:45
9974,13600,10200,PHP,,,true,2026-07-14T06:10:45
9975,11785,8840,PHP,,,true,2026-07-14T06:10:45
9976,12030,9025,PHP,,,true,2026-07-14T06:10:45
9977,15600,11700,PHP,,,true,2026-07-14T06:10:45
9997,25510,19135,PHP,,,true,2026-07-14T06:10:45
9998,21600,16200,PHP,,,true,2026-07-14T06:10:45
9999,17805,13355,PHP,,,true,2026-07-14T06:10:45
