BRAND1,SKU,tire size,quantity,Orders,% Tires quantity,Net Sales of VAT,quantity
MICHELIN,MICHELIN 265/60/R18 PRIMACY SUV+ 110H,265/60/R18,4,32,0.94%,"₱1,229,107.14",128
MICHELIN,MICHELIN 265/65/R17 PRIMACY SUV+ 112H,265/65/R17,4,34,1%,"₱1,186,129.46",136
MICHELIN,MICHELIN 265/50/R20 PILOT SPORT 4 SUV 107V,265/50/R20,4,18,0.53%,"₱756,071.43",72
MICHELIN,MICHELIN 225/55/R18 PRIMACY 5 102V,225/55/R18,4,18,0.53%,"₱709,223.21",72
MICHELIN,MICHELIN 185/60/R15 ENERGY XM2+ 88H,185/60/R15,4,38,1.12%,"₱697,839.29",152
MICHELIN,MICHELIN 225/55/R19 PRIMACY SUV+ 99V,225/55/R19,4,15,0.44%,"₱600,526.79",60
YOKOHAMA,YOKOHAMA 185/60/R15 BLUEARTH ES32 84H,185/60/R15,4,33,0.97%,"₱546,372.32",132
MICHELIN,MICHELIN 205/55/R16 ENERGY XM2+ 91V,205/55/R16,4,25,0.74%,"₱543,937.5",100
APOLLO,APOLLO 185/60/R15 ALNAC 4G 84H,185/60/R15,4,42,1.24%,"₱493,905.36",168
MICHELIN,MICHELIN 235/50/R18 PRIMACY 5 97W,235/50/R18,4,12,0.35%,"₱460,401.79",48
ARIVO,ARIVO 185/60/R15 PREMIO ARZ1 88H,185/60/R15,4,50,1.47%,"₱442,084.29",200
ARIVO,ARIVO 175/65/R14 PREMIO ARZ1 82H,175/65/R14,4,61,1.8%,"₱439,858.57",244
YOKOHAMA,YOKOHAMA 215/60/R17 GEOLANDAR CV G058 96H,215/60/R17,4,15,0.44%,"₱423,607.14",60
BRIDGESTONE,BRIDGESTONE 215/55/R17 TURANZA ER33 94V,215/55/R17,4,19,0.56%,"₱421,248.04",76
MICHELIN,MICHELIN 225/65/R17 PRIMACY SUV+ 106H,225/65/R17,4,12,0.35%,"₱412,415.18",48
YOKOHAMA,YOKOHAMA 205/55/R16 BLUEARTH ES32 91V,205/55/R16,4,20,0.59%,"₱401,555.89",80
MICHELIN,MICHELIN 265/50/R20 PRIMACY SUV+ 111V,265/50/R20,4,10,0.29%,"₱397,883.93",40
MICHELIN,MICHELIN 235/60/R18 PRIMACY SUV+ 103V,235/60/R18,4,9,0.27%,"₱373,834.82",36
MICHELIN,MICHELIN 185/55/R15 ENERGY XM2+ 86V,185/55/R15,4,19,0.56%,"₱372,477.68",76
APOLLO,APOLLO 185/65/R15 ALNAC 4G 88H,185/65/R15,4,27,0.8%,"₱352,290.18",108
BRIDGESTONE,BRIDGESTONE 185/65/R15 ECOPIA EP300 88H,185/65/R15,4,21,0.62%,"₱347,787.32",84
BRIDGESTONE,BRIDGESTONE 255/60/R18 DUELER H/T 684 RB 108S,255/60/R18,4,8,0.24%,"₱344,207.14",32
ARIVO,ARIVO 185/55/R15 PREMIO ARZ1,185/55/R15,4,37,1.09%,"₱337,391.79",148
ARIVO,ARIVO 185/65/R15 PREMIO ARZ1 88H,185/65/R15,4,33,0.97%,"₱325,081.96",132
MICHELIN,MICHELIN 175/65/R14 ENERGY XM2+,175/65/R14,4,20,0.59%,"₱312,683.04",80
APOLLO,APOLLO 265/60/R18 APTERRA AT 2,265/60/R18,4,11,0.32%,"₱311,776.79",44
MICHELIN,MICHELIN 235/60/R18 E PRIMACY ST 103H,235/60/R18,4,8,0.24%,"₱308,642.86",32
MICHELIN,MICHELIN 225/55/R18 PRIMACY 4 ST 102V,225/55/R18,4,8,0.24%,"₱305,803.57",32
YOKOHAMA,YOKOHAMA 185/55/R15 BLUEARTH AE01 82V,185/55/R15,4,18,0.53%,"₱297,651.79",72
MICHELIN,MICHELIN 205/55/R17 PRIMACY 5 95W,205/55/R17,4,9,0.27%,"₱295,142.86",36
MICHELIN,MICHELIN 265/65/R17 LTX TRAIL 112T,265/65/R17,4,7,0.21%,"₱291,294.64",28
MICHELIN,MICHELIN 205/65/R16 PRIMACY 4ST 95V,205/65/R16,4,13,0.38%,"₱291,178.57",52
MICHELIN,MICHELIN 185/65/R15 ENERGY XM2+ 88H,185/65/R15,4,13,0.38%,"₱282,357.14",52
YOKOHAMA,YOKOHAMA 245/40/R18 ADVAN FLEVA V701 97W,245/40/R18,4,9,0.27%,"₱277,861.61",36
ARIVO,ARIVO 265/60/R18 TERRAMAX ARV PRO A/T,265/60/R18,4,12,0.35%,"₱275,186.96",48
YOKOHAMA,YOKOHAMA 255/50/R20 GEOLANDAR X-CV G057 109W,255/50/R20,4,6,0.18%,"₱263,102.68",24
MICHELIN,MICHELIN 205/65/R16 PRIMACY 5 95W,205/65/R16,4,11,0.32%,"₱260,767.86",44
MICHELIN,MICHELIN 235/50/R18 PRIMACY 4 ST 97W,235/50/R18,4,6,0.18%,"₱236,816.96",24
MICHELIN,MICHELIN 175/65/R15 ENERGY XM2+ 84H,175/65/R15,4,13,0.38%,"₱235,580.36",52
MICHELIN,MICHELIN 255/50/R19 LATITUDE SPORT 3 ZP 107W,255/50/R19,4,3,0.09%,"₱231,290.18",12
MICHELIN,MICHELIN 265/60/R18 LTX TRAIL 110T,265/60/R18,4,5,0.15%,"₱226,553.57",20
MICHELIN,MICHELIN 215/70/R16C AGILIS 3 108/106T,215/70/R16,4,8,0.24%,"₱226,290.18",32
MICHELIN,MICHELIN 215/50/R18 PRIMACY SUV+ 92V,215/50/R18,4,7,0.21%,"₱217,723.21",28
YOKOHAMA,YOKOHAMA 185/55/R15 BLUEARTH ES32 82H,185/55/R15,4,13,0.38%,"₱214,419.64",52
MICHELIN,MICHELIN 275/45/R21 LATITUDE SPORT 3 107Y,275/45/R21,4,2,0.06%,"₱214,250",8
YOKOHAMA,YOKOHAMA 225/45/R18 ADVAN FLEVA V701 95W,225/45/R18,4,8,0.24%,"₱213,492.86",32
MICHELIN,MICHELIN 185/55/R16 ENERGY XM2+ 83V,185/55/R16,4,9,0.27%,"₱213,084.82",36
MICHELIN,MICHELIN 255/65/R17 PRIMACY SUV+ 110H,255/65/R17,4,5,0.15%,"₱205,705.36",20
YOKOHAMA,YOKOHAMA 175/65/R15 BLUEARTH ES32 84H,175/65/R15,4,13,0.38%,"₱204,468.75",52
YOKOHAMA,YOKOHAMA 225/60/R17 GEOLANDAR CV G058 99H,225/60/R17,4,6,0.18%,"₱200,888.39",24
MICHELIN,MICHELIN 215/55/R16 PRIMACY 4 ST 97W,215/55/R16,4,7,0.21%,"₱200,312.5",28
YOKOHAMA,YOKOHAMA 205/45/R17 ADVAN FLEVA V701 88W,205/45/R17,4,9,0.27%,"₱199,401.79",36
MICHELIN,MICHELIN 215/55/R17 PRIMACY 5 94V,215/55/R17,4,6,0.18%,"₱195,714.29",24
APOLLO,APOLLO 265/60/R18 APTERRA HT 2,265/60/R18,4,7,0.21%,"₱195,218.75",28
DUNLOP,DUNLOP 265/60/R18 GRANDTREK AT5 110H,265/60/R18,4,5,0.15%,"₱192,310.89",20
MICHELIN,MICHELIN 185/70/R14 ENERGY XM2+ 88H,185/70/R14,4,10,0.29%,"₱185,678.57",40
MICHELIN,MICHELIN 245/45/R19 PILOT SPORT 5 102Y,245/45/R19,4,3,0.09%,"₱183,562.5",12
MICHELIN,MICHELIN 205/65/R15 ENERGY XM2+ 99V,205/65/R15,4,9,0.27%,"₱182,781.25",36
MICHELIN,MICHELIN 255/40/ZR19 PILOT SPORT 5 100Y,null,4,4,0.12%,"₱181,339.29",16
WESTLAKE,WESTLAKE 205/55/R17 SA37,205/55/R17,4,12,0.35%,"₱176,527.14",48
MICHELIN,MICHELIN 245/35/R19 PILOT SPORT 4S 93Y,245/35/R19,4,2,0.06%,"₱176,495.54",8
MICHELIN,MICHELIN 275/45/R20 PILOT SPORT 4 SUV 110Y,275/45/R20,4,2,0.06%,"₱175,638.39",8
MICHELIN,MICHELIN 235/50/R19 PILOT SPORT 4 SUV S1 99V,235/50/R19,4,3,0.09%,"₱175,272.32",12
DUNLOP,DUNLOP 215/65/R16 GRANDTREK ST20 98H,215/65/R16,4,8,0.24%,"₱174,755",32
ARIVO,ARIVO 205/60/R16 PREMIO ARZ1,205/60/R16,4,15,0.44%,"₱174,664.82",60
YOKOHAMA,YOKOHAMA 185/55/R16 BLUEARTH ES32 83V,185/55/R16,4,9,0.27%,"₱174,535.71",36
YOKOHAMA,YOKOHAMA 225/65/R17 GEOLANDAR G91AV 101H,225/65/R17,4,5,0.15%,"₱173,348.21",20
MICHELIN,MICHELIN 235/45/ZR19 PILOT SPORT 5 99Y,null,4,3,0.09%,"₱173,107.14",12
YOKOHAMA,YOKOHAMA 175/65/R14 BLUEARTH ES32 82T,175/65/R14,4,11,0.32%,"₱171,142.86",44
APOLLO,APOLLO 175/65/R14 AMAZER 3G MAXX 82T,175/65/R14,4,17,0.5%,"₱170,781.25",68
MICHELIN,MICHELIN 235/55/R19 PILOT SPORT 4 SUV 105Y,235/55/R19,4,3,0.09%,"₱169,589.29",12
APOLLO,APOLLO 185/55/R15 ALNAC 4G 88H,185/55/R15,4,14,0.41%,"₱169,035.72",56
MICHELIN,MICHELIN 195/60/R16 PRIMACY 5 93V,195/60/R16,4,6,0.18%,"₱168,392.86",24
APOLLO,APOLLO 265/65/R17 APTERRA A/T2 112T,265/65/R17,4,6,0.18%,"₱166,803.57",24
DUNLOP,DUNLOP 275/55/R20 GRANDTREK AT5 113T,275/55/R20,4,4,0.12%,"₱164,641.43",16
MICHELIN,MICHELIN 245/40/R18 PILOT SPORT 5 97Y,245/40/R18,4,4,0.12%,"₱162,830.36",16
WESTLAKE,WESTLAKE 185/65/R15 RP36,185/65/R15,4,16,0.47%,"₱161,005.18",64
ARIVO,ARIVO 265/65/R17 TERRAMAX ARV PRO A/T,265/65/R17,4,7,0.21%,"₱160,932.86",28
MICHELIN,MICHELIN 235/50/R19 PRIMACY SUV+ 99V,235/50/R19,4,3,0.09%,"₱159,705.36",12
YOKOHAMA,YOKOHAMA 215/50/R17 ADVAN DB V551 91V,215/50/R17,4,5,0.15%,"₱157,079.64",20
APOLLO,APOLLO 195/60/R16 ALNAC 4G,195/60/R16,4,10,0.29%,"₱156,696.43",40
ARIVO,ARIVO 255/60/R18 TERRAMAX ARV PRO A/T,255/60/R18,4,7,0.21%,"₱155,043.57",28
YOKOHAMA,YOKOHAMA 185/65/R15 BLUEARTH ES32 88H,185/65/R15,4,9,0.27%,"₱153,718.75",36
BRIDGESTONE,BRIDGESTONE 195/60/R16 ECOPIA EP150 89H,195/60/R16,4,7,0.21%,"₱152,522.14",28
BRIDGESTONE,BRIDGESTONE 265/65/R17 DUELER H/T 684 (RBT) 112S,265/65/R17,4,4,0.12%,"₱152,129.82",16
MICHELIN,MICHELIN 245/50/R19 LATITUDE SPORT 3 ZP 105W,245/50/R19,4,2,0.06%,"₱149,107.14",8
YOKOHAMA,YOKOHAMA 205/50/R17 BLUEARTH GT AE51 93W,205/50/R17,4,6,0.18%,"₱148,656.25",24
YOKOHAMA,YOKOHAMA 175/70/R14 BLUEARTH ES32 84H,175/70/R14,4,9,0.27%,"₱147,802.86",36
ARIVO,ARIVO 205/55/R16 ULTRA ARZ4 94W,205/55/R16,4,11,0.32%,"₱144,862.5",44
ARIVO,ARIVO 185/70/R14 PREMIO ARZ1 88H,185/70/R14,4,15,0.44%,"₱142,520.18",60
YOKOHAMA,YOKOHAMA 185/R14C SUPERVAN Y356 102/100P,185/R14C,4,7,0.21%,"₱142,406.25",28
YOKOHAMA,YOKOHAMA 185/65/R15 BLUEARTH AE01 88H,185/65/R15,4,8,0.24%,"₱141,705.36",32
MICHELIN,MICHELIN 245/45/R19 PRIMACY 4 ST 102W,245/45/R19,4,3,0.09%,"₱141,674.11",12
YOKOHAMA,YOKOHAMA P265/70/R17 GEOLANDAR A/T G015 113T,265/70/R17,4,3,0.09%,"₱140,625",12
MICHELIN,MICHELIN 295/40/R21 PILOT SPORT 4 SUV 111Y,295/40/R21,4,2,0.06%,"₱139,691.96",8
APOLLO,APOLLO 215/55/R18 APTERRA CROSS,215/55/R18,4,6,0.18%,"₱139,464.29",24
YOKOHAMA,YOKOHAMA 215/45/R17 ADVAN FLEVA V701 91W,215/45/R17,4,6,0.18%,"₱138,424.11",24
ARIVO,ARIVO 195/65/R15 PREMIO ARZ1 91V,195/65/R15,4,13,0.38%,"₱137,243.04",52
APOLLO,APOLLO 205/55/R16 ALNAC 4G 91H,205/55/R16,4,9,0.27%,"₱134,933.04",36
MICHELIN,MICHELIN 315/30/R22 PILOT SPORT 4S 107Y,315/30/R22,4,1,0.03%,"₱133,928.57",4
MICHELIN,MICHELIN 205/55/R17 PRIMACY 4 ST V91,205/55/R17,4,4,0.12%,"₱132,169.64",16
MICHELIN,MICHELIN 235/55/R19 PILOT SPORT 4 SUV ZP 105Y,235/55/R19,4,2,0.06%,"₱132,147.32",8
MICHELIN,MICHELIN 225/45/R17 PRIMACY 4 ST 94W,225/45/R17,4,4,0.12%,"₱131,129.46",16
MICHELIN,MICHELIN 215/60/R17 PRIMACY 5 100V,215/60/R17,4,4,0.12%,"₱130,562.5",16
MICHELIN,MICHELIN 215/55/R18 PRIMACY 5 99V,215/55/R18,4,3,0.09%,"₱129,665.18",12
ARIVO,ARIVO 205/65/R16 PREMIO ARZ1,205/65/R16,4,11,0.32%,"₱129,653.21",44
YOKOHAMA,YOKOHAMA 245/50/R20 GEOLANDAR CV G058 102V,245/50/R20,4,3,0.09%,"₱128,933.04",12
BFGOODRICH,BFGOODRICH 3512.5/R17 ALL-TERRAIN T/A KO2 121R,null,8,1,0.06%,"₱128,919.64",8
BRIDGESTONE,BRIDGESTONE 185/55/R15 ECOPIA EP300 82V,185/55/R15,4,7,0.21%,"₱127,436.25",28
BLACK,BLACK ARROW 205/55/R16 DART P15 91V,205/55/R16,4,14,0.41%,"₱127,185.71",56
YOKOHAMA,YOKOHAMA 215/45/R18 ADVAN FLEVA V701 93W,215/45/R18,4,5,0.15%,"₱126,629.46",20
APOLLO,APOLLO 235/60/R18 APTERRA HP,235/60/R18,4,5,0.15%,"₱126,075.89",20
MICHELIN,MICHELIN 235/70/R15 LTX TRAIL 106S,235/70/R15,4,4,0.12%,"₱125,000",16
MICHELIN,MICHELIN 225/45/R18 PILOT SPORT 5 95Y,225/45/R18,4,3,0.09%,"₱124,754.46",12
YOKOHAMA,YOKOHAMA 255/65/R17 GEOLANDAR H/T G056 114H,255/65/R17,4,3,0.09%,"₱124,700.89",12
MICHELIN,MICHELIN 215/55/R17 PRIMACY 4 ST 94V,215/55/R17,4,4,0.12%,"₱124,642.86",16
ARIVO,ARIVO 215/55/R17 ULTRA ARZ4,215/55/R17,4,9,0.27%,"₱124,359.11",36
APOLLO,APOLLO 215/55/R17 ASPIRE 4G+,215/55/R17,4,7,0.21%,"₱124,339.29",28
MICHELIN,MICHELIN 225/60/R18 PRIMACY SUV+ 100H,225/60/R18,4,3,0.09%,"₱123,535.71",12
MICHELIN,MICHELIN 215/55/R18 PRIMACY 4 ST 99V,215/55/R18,4,3,0.09%,"₱122,758.93",12
TOYO,TOYO 275/50/R21 PXST3 113V,275/50/R21,4,2,0.06%,"₱121,250",8
BRIDGESTONE,BRIDGESTONE 265/65/R17 DUELER A/T 693  112S,265/65/R17,4,3,0.09%,"₱121,071.07",12
YOKOHAMA,YOKOHAMA 205/65/R16 BLUEARTH E70B 95H,205/65/R16,4,5,0.15%,"₱119,924.11",20
BRIDGESTONE,BRIDGESTONE 265/60/R18 DUELER H/T 684 (RBT) 110H,265/60/R18,4,3,0.09%,"₱119,854.46",12
PIRELLI,PIRELLI 205/55/R17 POWERGY 95W,205/55/R17,4,5,0.15%,"₱119,683.04",20
MICHELIN,MICHELIN 235/55/R17 PRIMACY 5 103W,235/55/R17,4,3,0.09%,"₱118,808.04",12
MICHELIN,MICHELIN 235/55/R20 PRIMACY SUV+ 102V TLÊ,235/55/R20,4,2,0.06%,"₱118,674.11",8
WESTLAKE,WESTLAKE 255/60/R18 SU318,255/60/R18,4,5,0.15%,"₱118,240",20
ARIVO,ARIVO 195/55/R15 PREMIO ARZ1 85V,195/55/R15,4,12,0.35%,"₱116,965",48
MICHELIN,MICHELIN 255/35/R21 PILOT SPORT 4S 98Y,255/35/R21,4,1,0.03%,"₱116,625",4
MICHELIN,MICHELIN 225/50/R17 PRIMACY 4 ST 98W,225/50/R17,4,4,0.12%,"₱116,035.71",16
LAUFENN,LAUFENN 255/60/R18 X FIT HT 112 XLV,255/60/R18,4,4,0.12%,"₱115,783.75",16
MICHELIN,MICHELIN 225/60/R17 PRIMACY 5 103V,225/60/R17,4,3,0.09%,"₱115,750",12
ARIVO,ARIVO 185/60/R15 PREMIO ARZ1 88H,185/60/R15,2,26,0.38%,"₱115,517.86",52
DUNLOP,DUNLOP 265/65/R17 GRANDTREK AT25 112S,265/65/R17,4,3,0.09%,"₱114,841.07",12
MICHELIN,MICHELIN 275/60/R20 PRIMACY SUV+ 115H,275/60/R20,4,2,0.06%,"₱113,156.25",8
APOLLO,APOLLO 185/70/R14 AMAZER XP 88H,185/70/R14,4,9,0.27%,"₱112,946.43",36
MICHELIN,MICHELIN 265/50/R19 PILOT SPORT 4 SUV 110Y,265/50/R19,4,2,0.06%,"₱112,758.93",8
MICHELIN,MICHELIN 235/55/R18 PRIMACY 5 104W,235/55/R18,4,3,0.09%,"₱112,741.07",12
MICHELIN,MICHELIN 285/60/R18 LTX TRAIL 116T,285/60/R18,4,2,0.06%,"₱110,709.82",8
YOKOHAMA,YOKOHAMA 215/50/R17 BLUEARTH GT AE51 95W,215/50/R17,4,4,0.12%,"₱109,040.18",16
ARIVO,ARIVO 265/65/R17 TERRANO ARV H/T 112H,265/65/R17,4,5,0.15%,"₱108,919.29",20
MICHELIN,MICHELIN 255/55/R19 PILOT SPORT 4 SUV,255/55/R19,8,1,0.06%,"₱108,535.71",8
MICHELIN,MICHELIN 205/50/R16 PILOT SPORT 4 91W,205/50/R16,4,4,0.12%,"₱108,441.96",16
BRIDGESTONE,BRIDGESTONE 255/60/R18 DUELER H/T 684 RB 108S,255/60/R18,2,5,0.07%,"₱108,211.07",10
MICHELIN,MICHELIN 225/50/R18 PRIMACY 5 99W,225/50/R18,4,3,0.09%,"₱107,955.36",12
VREDESTEIN,VREDESTEIN 265/60/R18 PINZA AT 110H,265/60/R18,4,4,0.12%,"₱107,946.43",16
MICHELIN,MICHELIN 225/45/R18 PRIMACY 5 95Y,225/45/R18,4,3,0.09%,"₱107,491.07",12
MICHELIN,MICHELIN 235/50/ZR18 PILOT SPORT 5 101Y,null,4,2,0.06%,"₱107,214.29",8
TOYO,TOYO 265/60/R18 PXST3 114V,265/60/R18,4,3,0.09%,"₱107,185",12
MICHELIN,MICHELIN 215/45/R18 PILOT SPORT 5 93Y,215/45/R18,4,2,0.06%,"₱106,982.14",8
APOLLO,APOLLO 265/65/R17 APTERRA H/T2 112H,265/65/R17,4,4,0.12%,"₱105,812.5",16
APOLLO,APOLLO 195/55/R15 ALNAC 4G 85H,195/55/R15,4,8,0.24%,"₱105,477.68",32
MICHELIN,MICHELIN 275/65/R18 PRIMACY SUV+ 116H,275/65/R18,4,2,0.06%,"₱104,125",8
FALKEN,FALKEN 225/55/R17 WILDPEAK A/T 101V,225/55/R17,4,3,0.09%,"₱104,084.29",12
BFGOODRICH,BFGOODRICH 285/70/R17 10PR ALL-TERRAIN T/A KO3 126/123S,285/70/R17,4,1,0.03%,"₱104,017.86",4
MICHELIN,MICHELIN 205/60/R16 ENERGY XM2+ 92V,205/60/R16,4,4,0.12%,"₱103,696.43",16
APOLLO,APOLLO 175/70/R14 AMAZER XP 84T,175/70/R14,4,9,0.27%,"₱103,531.25",36
TOYO,TOYO 225/55/R19 PXST3 99V,225/55/R19,4,3,0.09%,"₱103,400.71",12
MICHELIN,MICHELIN 285/60/R18 PRIMACY SUV+ 116V TL,285/60/R18,4,2,0.06%,"₱102,750",8
PIRELLI,PIRELLI 315/35/R20 P-ZERO RFT 110W,315/35/R20,2,1,0.01%,"₱102,678.57",2
APOLLO,APOLLO 205/60/R16 ALNAC 4G 93V,205/60/R16,4,6,0.18%,"₱102,437.5",24
MICHELIN,MICHELIN 275/35/R19 PRIMACY 3 ZP 100Y,275/35/R19,4,1,0.03%,"₱101,464.29",4
MICHELIN,MICHELIN 275/40/R20 PILOT SPORT 4S 106Y,275/40/R20,4,1,0.03%,"₱101,357.14",4
MICHELIN,MICHELIN 225/55/R17 PRIMACY 5 101W,225/55/R17,4,3,0.09%,"₱101,223.21",12
ARIVO,ARIVO 215/60/R17 PREMIO ARZ1,215/60/R17,4,7,0.21%,"₱101,146.25",28
MICHELIN,MICHELIN 275/50/R21 PILOT SPORT 4 SUV 113V,275/50/R21,4,1,0.03%,"₱100,571.43",4
MICHELIN,MICHELIN 245/35/R20 PILOT SPORT 4S 95Y,245/35/R20,4,1,0.03%,"₱100,473.21",4
MICHELIN,MICHELIN 235/40/R18 PILOT SPORT 5 95Y,235/40/R18,4,2,0.06%,"₱100,299.11",8
FRONWAY,FRONWAY 185/60/R15 ECOGREEN ONE 88H,185/60/R15,4,12,0.35%,"₱99,175.36",48
MICHELIN,MICHELIN 215/45/ZR17 PILOT SPORT 5 91Y,null,4,3,0.09%,"₱98,986.61",12
MICHELIN,MICHELIN 245/70/R16 LTX TRAIL 111T,245/70/R16,4,3,0.09%,"₱98,660.71",12
APOLLO,APOLLO 185/55/R16 ALNAC 4G 83H,185/55/R16,4,7,0.21%,"₱98,522.32",28
MICHELIN,MICHELIN 285/35/R20 PILOT SPORT 4S 104Y,285/35/R20,4,1,0.03%,"₱98,214.29",4
TOYO,TOYO 265/60/R18 OPRT 110Q,265/60/R18,4,2,0.06%,"₱98,037.5",8
YOKOHAMA,YOKOHAMA 225/55/R17 BLUEARTH XT AE61 97W,225/55/R17,4,3,0.09%,"₱97,808.04",12
ARIVO,ARIVO 185/55/R15 PREMIO ARZ1,185/55/R15,2,21,0.31%,"₱97,467.32",42
ARIVO,ARIVO 265/50/R20 TERRAMAX ARV PRO A/T 111S,265/50/R20,4,4,0.12%,"₱97,415.71",16
MICHELIN,MICHELIN 195/80/R15C AGILIS 3 108S,195/80/R15,4,4,0.12%,"₱96,870.54",16
MICHELIN,MICHELIN 265/60/R18 PRIMACY SUV+ 110H,265/60/R18,5,2,0.07%,"₱96,035.71",10
MICHELIN,MICHELIN 275/40/R22 PILOT SPORT 4 SUV 108Y,275/40/R22,4,1,0.03%,"₱95,839.29",4
MICHELIN,MICHELIN 215/60/R17 PRIMACY 4 ST 96H,215/60/R17,4,3,0.09%,"₱95,383.93",12
BFGOODRICH,BFGOODRICH 205/65/R16 ADVANTAGE TOURING 95H,205/65/R16,4,5,0.15%,"₱95,246.43",20
BRIDGESTONE,BRIDGESTONE 205/65/R16 ECOPIA EP300 95V,205/65/R16,4,4,0.12%,"₱95,241.25",16
MICHELIN,MICHELIN 195/55/R16 PRIMACY 4 ST 91V,195/55/R16,4,4,0.12%,"₱95,178.57",16
ARIVO,ARIVO 215/65/R16 PREMIO ARZ1 98H,215/65/R16,4,7,0.21%,"₱95,077.14",28
BFGOODRICH,BFGOODRICH 3512.5/R17 ALL-TERRAIN T/A KO2 121R,null,4,1,0.03%,"₱94,738.75",4
MICHELIN,MICHELIN 315/40/R21 LATITUDE SPORT 3 111Y,315/40/R21,4,1,0.03%,"₱94,642.86",4
YOKOHAMA,YOKOHAMA 215/55/R16 BLUEARTH GT AE51 97W,215/55/R16,4,4,0.12%,"₱93,848.21",16
APOLLO,APOLLO 215/60/R17 ALNAC 4G 96H,215/60/R17,4,4,0.12%,"₱93,410.71",16
APOLLO,APOLLO 265/50/R20 APTERRA AT 2,265/50/R20,4,3,0.09%,"₱92,910.71",12
MICHELIN,MICHELIN 245/35/ZR19 PILOT SPORT 5 93Y XL TL,null,4,2,0.06%,"₱92,736.61",8
GOODYEAR,GOODYEAR 215/60/R17 ASSURANCE TRIPLEMAX 2 96H,215/60/R17,4,4,0.12%,"₱92,535",16
BFGOODRICH,BFGOODRICH 215/50/R17 ADVANTAGE TOURING 95V,215/50/R17,4,4,0.12%,"₱92,344.46",16
MICHELIN,MICHELIN 275/40/R19 PILOT SPORT 4S 105Y,275/40/R19,4,1,0.03%,"₱92,316.96",4
CONTINENTAL,CONTINENTAL 225/45/R17 SPORT CONTACT 5 SSR 91W,225/45/R17,4,2,0.06%,"₱91,928.39",8
MICHELIN,MICHELIN 235/35/ZR19 PILOT SPORT 5 91Y XL TL,null,4,2,0.06%,"₱91,709.82",8
LAUFENN,LAUFENN 215/55/R18 S FIT AS 99V,215/55/R18,4,4,0.12%,"₱91,321.96",16
FRONWAY,FRONWAY 185/60/R15 ECOGREEN 66 88/H XL,185/60/R15,4,11,0.32%,"₱91,259.46",44
MICHELIN,MICHELIN 195/65/R15 ENERGY XM2+ 91V,195/65/R15,4,4,0.12%,"₱91,017.86",16
MICHELIN,MICHELIN 305/40/R20 PILOT SPORT 4 SUV 112Y,305/40/R20,4,1,0.03%,"₱90,816.96",4
WESTLAKE,WESTLAKE 175/55/R15 RP26,175/55/R15,4,10,0.29%,"₱90,742.86",40
BRIDGESTONE,BRIDGESTONE 205/55/R16 ECOPIA EP300 91V,205/55/R16,4,4,0.12%,"₱90,591.07",16
YOKOHAMA,YOKOHAMA 205/65/R15 BLUEARTH ES32 94H,205/65/R15,4,5,0.15%,"₱90,360.71",20
MICHELIN,MICHELIN 235/40/ZR18 PILOT SPORT 5 95Y XL TL,null,4,2,0.06%,"₱89,892.86",8
MICHELIN,MICHELIN 285/45/R22 PILOT SPORT 4 SUV 114Y,285/45/R22,4,1,0.03%,"₱89,285.71",4
ARIVO,ARIVO 175/70/R14 PREMIO ARZ1 84T,175/70/R14,4,10,0.29%,"₱88,829.11",40
YOKOHAMA,YOKOHAMA 205/45/R16 ADVAN FLEVA V701 87W,205/45/R16,4,4,0.12%,"₱87,816.96",16
BRIDGESTONE,BRIDGESTONE 205/60/R16 ECOPIA EP300 92V,205/60/R16,4,4,0.12%,"₱87,517.68",16
MICHELIN,MICHELIN 265/70/R17 PRIMACY SUV+ 115H,265/70/R17,4,2,0.06%,"₱86,892.86",8
BRIDGESTONE,BRIDGESTONE 185/60/R15 ECOPIA EP300 84V,185/60/R15,4,5,0.15%,"₱86,712.68",20
DUNLOP,DUNLOP 265/60/R18 GRANDTREK AT20 110H,265/60/R18,4,2,0.06%,"₱86,254.29",8
MICHELIN,MICHELIN 215/60/R16 ENERGY XM2 + 95H,215/60/R16,4,3,0.09%,"₱86,044.64",12
APOLLO,APOLLO 205/65/R16 ALNAC 4G 94H,205/65/R16,4,5,0.15%,"₱85,776.79",20
YOKOHAMA,YOKOHAMA 265/65/R17 GEOLANDAR G94D 112S,265/65/R17,4,2,0.06%,"₱85,491.07",8
MICHELIN,MICHELIN 225/45/R17 PILOT SPORT 5 94Y,225/45/R17,4,2,0.06%,"₱85,473.21",8
VREDESTEIN,VREDESTEIN 265/65/R18 PINZA AT,265/65/R18,4,3,0.09%,"₱84,830.36",12
BFGOODRICH,BFGOODRICH 305/70/R16 K03 124S,305/70/R16,4,1,0.03%,"₱84,821.43",4
MICHELIN,MICHELIN 285/35/R18 PILOT SPORT  4S 101Y,285/35/R18,4,1,0.03%,"₱84,821.43",4
PIRELLI,PIRELLI 275/40/R20 P-ZERO RFT 106W,275/40/R20,2,1,0.01%,"₱84,821.43",2
MICHELIN,MICHELIN 225/60/R18 PILOT SPORT 4 SUV 100V,225/60/R18,4,2,0.06%,"₱84,803.57",8
APOLLO,APOLLO 165/65/R14 AMAZER XP 79T,165/65/R14,4,8,0.24%,"₱84,419.64",32
ARIVO,ARIVO 175/65/R15 PREMIO ARZ1 84H,175/65/R15,4,9,0.27%,"₱83,537.14",36
LAUFENN,LAUFENN 255/65/R17 X FIT HT 102T,255/65/R17,4,3,0.09%,"₱82,696.43",12
MICHELIN,MICHELIN 265/45/R21 PILOT SPORT 4 SUV 108W,265/45/R21,4,1,0.03%,"₱82,142.86",4
YOKOHAMA,YOKOHAMA 225/55/R17 GEOLANDAR G95A 97V,225/55/R17,4,2,0.06%,"₱81,964.29",8
TOYO,TOYO 275/50/R22 OPUT 111H,275/50/R22,2,2,0.03%,"₱81,964.29",4
ARIVO,ARIVO 205/45/R17 ULTRA ARZ4,205/45/R17,4,7,0.21%,"₱81,739.64",28
MICHELIN,MICHELIN 255/40/R20 PILOT SPORT 4 ZP 101Y,255/40/R20,4,1,0.03%,"₱81,428.57",4
BRIDGESTONE,BRIDGESTONE 265/60/R18 DUELER H/T 684 (RBT) 110H,265/60/R18,2,4,0.06%,"₱80,822.32",8
MICHELIN,MICHELIN 245/45/R18 PRIMACY 5 100W,245/45/R18,4,2,0.06%,"₱80,678.57",8
ARIVO,ARIVO 195/60/R16 PREMIO ARZ1 89H,195/60/R16,4,7,0.21%,"₱80,663.21",28
MICHELIN,MICHELIN 255/40/R18 PILOT SPORT 5 99Y,255/40/R18,4,2,0.06%,"₱80,250",8
MICHELIN,MICHELIN 205/60/R16 PRIMACY 5 96W XL,205/60/R16,4,3,0.09%,"₱80,191.96",12
MICHELIN,MICHELIN 175/70/R14 ENERGY XM2+ 88T,175/70/R14,4,4,0.12%,"₱79,758.93",16
DUNLOP,DUNLOP 185/65/R15 ENASAVE EC300+ 88H,185/65/R15,4,4,0.12%,"₱79,385.71",16
MICHELIN,MICHELIN 275/50/ZR20 PILOT SPORT 4 SUV 113Y,null,4,1,0.03%,"₱79,017.86",4
WESTLAKE,WESTLAKE 175/65/R14 RP36,175/65/R14,4,9,0.27%,"₱78,893.93",36
APOLLO,APOLLO 215/50/R17 ASPIRE 4G+,215/50/R17,4,4,0.12%,"₱78,866.43",16
WESTLAKE,WESTLAKE 265/40/R22 SA57,265/40/R22,4,3,0.09%,"₱77,994.82",12
LAUFENN,LAUFENN 185/65/R15 G FIT AS 88H,185/65/R15,4,7,0.21%,"₱77,226.79",28
LAUFENN,LAUFENN 235/65/R17 X FIT HT 104T,235/65/R17,4,4,0.12%,"₱76,937.86",16
WESTLAKE,WESTLAKE 205/55/R16 SA37,205/55/R16,4,6,0.18%,"₱76,801.79",24
LAUFENN,LAUFENN 265/60/R18 X FIT HT 110V,265/60/R18,4,3,0.09%,"₱76,460.71",12
BRIDGESTONE,BRIDGESTONE 175/65/R14 ECOPIA EP150 82H,175/65/R14,4,5,0.15%,"₱76,273.93",20
ARIVO,ARIVO 275/55/R20 TERRAMAX ARV PRO A/T S117,275/55/R20,4,3,0.09%,"₱76,262.32",12
MICHELIN,MICHELIN 235/35/R19 PILOT SPORT 4S 91Y,235/35/R19,4,1,0.03%,"₱75,656.25",4
DUNLOP,DUNLOP 225/50/R17 SPORT LM705 98V,225/50/R17,4,3,0.09%,"₱75,582.5",12
WESTLAKE,WESTLAKE 265/60/R18 SL369 A/T,265/60/R18,4,3,0.09%,"₱75,420",12
ARIVO,ARIVO 275/65/R18 TERRAMAX ARV PRO A/T 116T,275/65/R18,4,3,0.09%,"₱75,370.18",12
ATLAS,ATLAS 215/60/R17 FORCE HP 96H,215/60/R17,4,5,0.15%,"₱75,213.21",20
NITTO,NITTO 285/45/R22 NT420V HP 114H,285/45/R22,4,1,0.03%,"₱74,553.57",4
MICHELIN,MICHELIN 235/40/R19 PILOT SPORT 4S 96Y,235/40/R19,4,1,0.03%,"₱73,955.36",4
APOLLO,APOLLO 225/55/R18 APTERRA H/T 2,225/55/R18,4,3,0.09%,"₱73,955.36",12
WESTLAKE,WESTLAKE 225/65/R17 SU318,225/65/R17,4,4,0.12%,"₱73,584.82",16
LAUFENN,LAUFENN 225/65/R17 X FIT HT 102T,225/65/R17,4,4,0.12%,"₱73,562.86",16
DUNLOP,DUNLOP 215/50/R17 SPORT LM705 95V,215/50/R17,4,3,0.09%,"₱73,370.71",12
MICHELIN,MICHELIN 235/60/R18 PILOT SPORT 4 SUV,235/60/R18,4,2,0.06%,"₱73,258.93",8
PIRELLI,PIRELLI 235/60/R18 POWERGY 107V,235/60/R18,4,2,0.06%,"₱72,955.36",8
BFGOODRICH,BFGOODRICH 225/45/R18 ADVANTAGE TOURING 95V,225/45/R18,4,3,0.09%,"₱72,644.64",12
YOKOHAMA,YOKOHAMA 235/60/R17C BLUEARTH VAN RY55 109T,235/60/R17,4,2,0.06%,"₱72,187.5",8
MICHELIN,MICHELIN 235/55/R18 PRIMACY SUV+ 104V,235/55/R18,2,4,0.06%,"₱71,428.57",8
BFGOODRICH,BFGOODRICH 255/55/R20 TRAIL-TERRAIN T/A 110H,255/55/R20,4,1,0.03%,"₱71,428.57",4
MICHELIN,MICHELIN 275/55/R19 PILOT SPORT 4 SUV 111W,275/55/R19,4,1,0.03%,"₱70,553.57",4
MICHELIN,MICHELIN 245/50/R20 PILOT SPORT 4 SUV 102V TLÊ,245/50/R20,4,1,0.03%,"₱70,312.5",4
PIRELLI,PIRELLI 205/50/R17 POWERGY 93V,205/50/R17,4,3,0.09%,"₱69,830.54",12
DUNLOP,DUNLOP 245/70/R16 GRANDTREK AT20 111S,245/70/R16,4,2,0.06%,"₱69,528.21",8
DUNLOP,DUNLOP 185/70/R14 ENASAVE EC300+ 88S,185/70/R14,4,4,0.12%,"₱69,500.27",16
FRONWAY,FRONWAY 185//R14C VANPLUS 09 102/100/R,null,4,7,0.21%,"₱69,170.36",28
WESTLAKE,WESTLAKE 235/55/R19 SUPERIDE 1,235/55/R19,4,3,0.09%,"₱69,155.54",12
LAUFENN,LAUFENN 205/60/R16 G FIT AS 92V,205/60/R16,4,5,0.15%,"₱68,534.29",20
MICHELIN,MICHELIN 235/50/R20 PILOT SPORT 4 SUV 104Y XL TL,235/50/R20,4,1,0.03%,"₱68,196.43",4
ARIVO,ARIVO 205/65/R15 PREMIO ARZ1 94V,205/65/R15,4,6,0.18%,"₱67,805.36",24
MICHELIN,MICHELIN 225/50/R18 PRIMACY 4 ST 95V,225/50/R18,4,2,0.06%,"₱67,776.79",8
BRIDGESTONE,BRIDGESTONE 265/70/R17 DUELER A/T 002 115S,265/70/R17,5,1,0.04%,"₱67,618.53",5
BRIDGESTONE,BRIDGESTONE 195/60/R16 ECOPIA EP150 89H,195/60/R16,2,6,0.09%,"₱67,349.82",12
MICHELIN,MICHELIN 215/50/R17 PRIMACY 5 95W XL,215/50/R17,4,2,0.06%,"₱67,218.75",8
ARIVO,ARIVO 235/55/R18 ULTRA ARZ4 104V,235/55/R18,4,4,0.12%,"₱67,075",16
MICHELIN,MICHELIN 225/40/R19 PILOT SPORT 4 ZP 93Y,225/40/R19,4,1,0.03%,"₱66,964.29",4
MICHELIN,MICHELIN 245/45/R20 PILOT SPORT 4S 103Y,245/45/R20,4,1,0.03%,"₱66,964.29",4
YOKOHAMA,YOKOHAMA 265/65/R18 GEOLANDAR A/T 4 G018 114H,265/65/R18,5,1,0.04%,"₱66,964.29",5
MICHELIN,MICHELIN 235/55/R17 PRIMACY 4 ST 103W XT TL,235/55/R17,4,2,0.06%,"₱66,442.7",8
MICHELIN,MICHELIN 235/60/R18 PRIMACY SUV+ 103V,235/60/R18,6,1,0.04%,"₱66,428.57",6
BFGOODRICH,BFGOODRICH 265/65/R17 ADVANTAGE TOURING 112H,265/65/R17,4,2,0.06%,"₱66,117.14",8
CST,CST 185/65/R15 MARQUIS MR-C5 88H,185/65/R15,4,6,0.18%,"₱66,109.64",24
BFGOODRICH,BFGOODRICH 265/60/R18 TRAIL-TERRAIN T/A 119S,265/60/R18,4,1,0.03%,"₱65,974.64",4
APOLLO,APOLLO 235/55/R19 APTERRA HT 2,235/55/R19,4,2,0.06%,"₱65,812.5",8
ARIVO,ARIVO 215/55/R16 PREMIO ARZ1,215/55/R16,4,5,0.15%,"₱65,396.43",20
ARIVO,ARIVO 205/65/R16 PREMIO ARZ1,205/65/R16,2,11,0.16%,"₱65,342.41",22
WESTLAKE,WESTLAKE 205/60/R16 RP36,205/60/R16,4,5,0.15%,"₱65,342.14",20
BFGOODRICH,BFGOODRICH 235/60/R18 ADVANTAGE TOURING 103H,235/60/R18,4,2,0.06%,"₱65,281.79",8
MICHELIN,MICHELIN 245/50/R18 PRIMACY 3 ZP 100W,245/50/R18,4,1,0.03%,"₱65,129.46",4
MICHELIN,MICHELIN 205/50/R17 PILOT SPORT 4 93W,205/50/R17,4,2,0.06%,"₱64,982.14",8
MICHELIN,MICHELIN 255/35/ZR20 PILOT SPORT 5 97Y XL TL,null,4,1,0.03%,"₱64,821.43",4
ARIVO,ARIVO 185/R14C TRANSITO ARZ 6-C,185/R14C,4,6,0.18%,"₱64,304.11",24
CONTINENTAL,CONTINENTAL 235/50/R19 ECO CONTACT 6 SSR 103T,235/50/R19,4,1,0.03%,"₱64,285.71",4
WESTLAKE,WESTLAKE 305/45/R22 SA57,305/45/R22,4,2,0.06%,"₱64,158.57",8
ARIVO,ARIVO 185/65/R14 PREMIO ARZ1 86H,185/65/R14,4,8,0.24%,"₱63,433.21",32
ARIVO,ARIVO 175/65/R14 PREMIO ARZ1 82H,175/65/R14,8,1,0.06%,"₱63,189.46",8
MICHELIN,MICHELIN 255/55/R18 LATITUDE SPORT 3 ZP 109V,255/55/R18,4,1,0.03%,"₱63,107.14",4
BFGOODRICH,BFGOODRICH 225/70/R16 ALL-TERRAIN T/A KO3 115/112S,225/70/R16,4,1,0.03%,"₱62,634.29",4
MICHELIN,MICHELIN 255/45/R19 PILOT SPORT EV,255/45/R19,4,1,0.03%,"₱62,500",4
FRONWAY,FRONWAY 265/65/R17 ROCKBLADE AT II 112/T,265/65/R17,4,3,0.09%,"₱62,463.57",12
ARIVO,ARIVO 175/65/R14 PREMIO ARZ1 82H,175/65/R14,2,17,0.25%,"₱62,389.37",34
TOYO,TOYO 225/55/R18 PXST3 102V,225/55/R18,4,2,0.06%,"₱62,294.29",8
DUNLOP,DUNLOP 185/55/R16 SPORT LM705 83V,185/55/R16,4,3,0.09%,"₱62,267.86",12
MICHELIN,MICHELIN 265/70/R16  LTX TRAIL 112H,265/70/R16,4,2,0.06%,"₱61,732.14",8
BFGOODRICH,BFGOODRICH 285/70/R17 8PR ALL-TERRAIN T/A KO3 121/118S,285/70/R17,4,1,0.03%,"₱61,698.93",4
WESTLAKE,WESTLAKE 215/50/R17 SA37,215/50/R17,4,4,0.12%,"₱61,650",16
MICHELIN,MICHELIN 225/40/ZR18 PILOT SPORT 4S 92Y XL TL,null,4,1,0.03%,"₱61,607.14",4
MICHELIN,MICHELIN 205/45/R17 PILOT SPORT 5 88Y,205/45/R17,4,2,0.06%,"₱61,468.75",8
BRIDGESTONE,BRIDGESTONE 195/50/R16 TURANZA ER33 84V,195/50/R16,4,3,0.09%,"₱61,020.71",12
ARIVO,ARIVO 235/50/R18 ULTRA ARZ5 97V,235/50/R18,4,4,0.12%,"₱60,882.14",16
MICHELIN,MICHELIN 205/50/R17 PRIMACY 4 ST 93W,205/50/R17,4,2,0.06%,"₱60,750",8
NANKANG,NANKANG 225/55/R18 AT-5+ 98T,225/55/R18,4,2,0.06%,"₱60,449.64",8
MICHELIN,MICHELIN 245/45/R18 PRIMACY 3 ZP 100Y,245/45/R18,4,1,0.03%,"₱60,375",4
ARIVO,ARIVO 225/60/R17 PREMIO ARZ1 99H,225/60/R17,4,4,0.12%,"₱60,283.21",16
GOODYEAR,GOODYEAR 235/50/R20 EFFICIENTGRIP PERFORMANCE SUV 104W,235/50/R20,4,1,0.03%,"₱60,278.57",4
ARIVO,ARIVO 235/55/R19 ULTRA ARZ4,235/55/R19,4,3,0.09%,"₱60,100",12
MICHELIN,MICHELIN 215/55/R16 PRIMACY 5 97W XL TL,215/55/R16,4,2,0.06%,"₱59,812.5",8
GOODYEAR,GOODYEAR 235/50/R18 ASSURANCE MAXGUARD SUV 103W,235/50/R18,4,1,0.03%,"₱59,777.5",4
YOKOHAMA,YOKOHAMA 195/55/R15 ADVAN FLEVA V701 85V,195/55/R15,4,3,0.09%,"₱59,758.93",12
ARIVO,ARIVO 185/65/R15 PREMIO ARZ1 88H,185/65/R15,2,12,0.18%,"₱59,571.34",24
COOPER,COOPER 275/70/R18 AT3 XLT 10 PLY,275/70/R18,4,1,0.03%,"₱59,475.18",4
BRIDGESTONE,BRIDGESTONE 245/50/R19 TURANZA T005A,245/50/R19,4,1,0.03%,"₱59,375.18",4
BFGOODRICH,BFGOODRICH 195/60/R16 ADVANTAGE TOURING 89H,195/60/R16,4,3,0.09%,"₱59,044.64",12
TOYO,TOYO 265/70/R18 OPAT3 116H,265/70/R18,4,1,0.03%,"₱58,928.57",4
MICHELIN,MICHELIN 255/35/ZR19 PILOT SPORT 5 96Y,null,4,1,0.03%,"₱58,437.5",4
MICHELIN,MICHELIN 235/55/R20 PILOT SPORT EV 105Y,235/55/R20,4,1,0.03%,"₱58,272.32",4
LAUFENN,LAUFENN 185/55/R16 S FIT EQ 83V,185/55/R16,4,5,0.15%,"₱58,197.86",20
DUNLOP,DUNLOP 195/65/R15 SPORT LM705 91H,195/65/R15,4,3,0.09%,"₱58,110.71",12
VREDESTEIN,VREDESTEIN 265/70/R17 PINZA AT 115T,265/70/R17,4,2,0.06%,"₱58,071.43",8
APOLLO,APOLLO 205/70/R15C ALTRUST GRIP,205/70/R15,4,3,0.09%,"₱57,803.57",12
YOKOHAMA,YOKOHAMA LT215/75/R15 GEOLANDAR M/T G003 100Q,215/75/R15,5,1,0.04%,"₱57,785.71",5
BRIDGESTONE,BRIDGESTONE 285/65/R17 DUELER A/T 002 116T,285/65/R17,4,1,0.03%,"₱57,680.36",4
YOKOHAMA,YOKOHAMA 215/65/R16 BLUEARTH GT AE51 98H,215/65/R16,4,2,0.06%,"₱57,598.21",8
BFGOODRICH,BFGOODRICH 225/65/R17 ADVANTAGE TOURING 102H,225/65/R17,4,2,0.06%,"₱57,547.5",8
ARIVO,ARIVO 215/50/R17 ULTRA ARZ4,215/50/R17,4,4,0.12%,"₱57,337.86",16
MICHELIN,MICHELIN 255/45/R20 PRIMACY 4 VOL 101V XL TL,255/45/R20,4,1,0.03%,"₱57,321.43",4
APOLLO,APOLLO 205/50/R17 ALNAC 4G,205/50/R17,4,3,0.09%,"₱57,013.39",12
YOKOHAMA,YOKOHAMA 285/60/R18 GEOLANDAR A/T 4 G018 116H,285/60/R18,4,1,0.03%,"₱56,473.21",4
MICHELIN,MICHELIN 255/40/ZR19 PILOT SPORT 5 100Y,null,2,2,0.03%,"₱56,375",4
NANKANG,NANKANG 265/35/ZR18 AR-1 97Y,null,4,1,0.03%,"₱56,086.79",4
WESTLAKE,WESTLAKE 195/65/R15 RP36,195/65/R15,4,5,0.15%,"₱56,051.43",20
BRIDGESTONE,BRIDGESTONE 215/55/R17 TURANZA ER33 94V,215/55/R17,2,5,0.07%,"₱56,037.5",10
MICHELIN,MICHELIN 195/60/R16 ENERGY XM2+ 89H,195/60/R16,4,2,0.06%,"₱55,803.57",8
APOLLO,APOLLO 185/65/R14 ALNAC 4G 86H,185/65/R14,4,5,0.15%,"₱55,794.64",20
YOKOHAMA,YOKOHAMA 195/60/R15 BLUEARTH ES32 88H,195/60/R15,4,3,0.09%,"₱55,500",12
TOYO,TOYO 225/55/R19 PXR46 99V,225/55/R19,4,1,0.03%,"₱55,428.57",4
APOLLO,APOLLO 265/60/R18 APTERRA A/T2 110H,265/60/R18,4,2,0.06%,"₱55,375",8
MICHELIN,MICHELIN 255/55/R19 PRIMACY SUV+ 111V XL TL,255/55/R19,4,1,0.03%,"₱55,218.75",4
DUNLOP,DUNLOP 285/75/R16 GRANDTREK AT5 122Q,285/75/R16,2,2,0.03%,"₱55,015.7",4
MICHELIN,MICHELIN 255/30/R19 PILOT SPORT 4S 91Y,255/30/R19,2,1,0.01%,"₱54,973.21",2
ARIVO,ARIVO 185/R14C TRANSITO ARZ 6-C,185/R14C,2,10,0.15%,"₱54,785.71",20
ARIVO,ARIVO 285/55/R20 TERRAMAX ARV PRO A/T 119S,285/55/R20,4,2,0.06%,"₱54,571.43",8
APOLLO,APOLLO 215/55/R16 ALNAC 4G,215/55/R16,4,3,0.09%,"₱54,513.39",12
WESTLAKE,WESTLAKE 285/50/R20 SA57,285/50/R20,4,2,0.06%,"₱54,354.64",8
APOLLO,APOLLO 195/50/R15 ALNAC 4G 82V,195/50/R15,4,4,0.12%,"₱54,330.36",16
PIRELLI,PIRELLI 245/40/R18 CINTURATO P7 97Y,245/40/R18,4,1,0.03%,"₱54,321.43",4
MICHELIN,MICHELIN 235/55/R19 PRIMACY 4 SUV 105W,235/55/R19,4,1,0.03%,"₱54,281.25",4
BFGOODRICH,BFGOODRICH 225/55/R18 ADVANTAGE TOURING 98H,225/55/R18,4,2,0.06%,"₱54,069.64",8
VREDESTEIN,VREDESTEIN 265/65/R17 PINZA AT 112H,265/65/R17,4,2,0.06%,"₱53,857.14",8
YOKOHAMA,YOKOHAMA 285/60/R18 GEOLANDAR G056 116H,285/60/R18,4,1,0.03%,"₱53,852.68",4
MICHELIN,MICHELIN 215/65/R16 ENERGY XM2+ 98H,215/65/R16,4,2,0.06%,"₱53,750",8
YOKOHAMA,YOKOHAMA 195/65/R15 BLUEARTH ES32 91H,195/65/R15,4,3,0.09%,"₱53,745.54",12
DUNLOP,DUNLOP 215/65/R16 ENASAVE EC300+ 98S,215/65/R16,4,2,0.06%,"₱53,725",8
YOKOHAMA,YOKOHAMA 215/70/R16 GEOLANDAR CV G058 100H,215/70/R16,4,2,0.06%,"₱53,575.89",8
MICHELIN,MICHELIN 225/45/ZR19 PILOT SPORT 5 96Y XL TL,null,4,1,0.03%,"₱53,571.43",4
DUNLOP,DUNLOP 225/45/R17 SPORT LM705 94W,225/45/R17,4,2,0.06%,"₱53,536.61",8
MICHELIN,MICHELIN 235/50/R21 PILOT SPORT 4 SUV 101W,235/50/R21,4,1,0.03%,"₱53,169.64",4
APOLLO,APOLLO 225/60/R18 APTERRA HT2,225/60/R18,4,2,0.06%,"₱53,129.46",8
FALKEN,FALKEN 205/55/R17 ZIEX ZE310 ECORUN 95W,205/55/R17,4,2,0.06%,"₱52,861.07",8
WESTLAKE,WESTLAKE 195/55/R15 SA57,195/55/R15,4,5,0.15%,"₱52,765",20
YOKOHAMA,YOKOHAMA 185/70/R14 BLUEARTH ES32 88H,185/70/R14,4,3,0.09%,"₱52,473.21",12
YOKOHAMA,YOKOHAMA 225/40/R18 BLUEARTH GT AE51 92W,225/40/R18,4,2,0.06%,"₱51,939.82",8
MICHELIN,MICHELIN 255/55/R18 PILOT SPORT 4 SUV,255/55/R18,4,1,0.03%,"₱51,830.36",4
MICHELIN,MICHELIN 265/65/R17 LTX TRAIL 112T,265/65/R17,5,1,0.04%,"₱51,718.75",5
YOKOHAMA,YOKOHAMA 195/R15C BLUEARTH VAN RY55 106/104S,195/R15C,4,2,0.06%,"₱51,696.43",8
YOKOHAMA,YOKOHAMA 265/60/R18 GEOLANDAR A/T G015 110H,265/60/R18,4,1,0.03%,"₱51,589.29",4
YOKOHAMA,YOKOHAMA 265/60/R18 GEOLANDAR A/T 4 G018 110S,265/60/R18,4,1,0.03%,"₱51,589.29",4
BRIDGESTONE,BRIDGESTONE 265/70/R17 DUELER A/T 002 115S,265/70/R17,4,1,0.03%,"₱51,550.18",4
LAUFENN,LAUFENN 215/60/R17 G FIT AS 96T,215/60/R17,4,3,0.09%,"₱51,471.79",12
YOKOHAMA,YOKOHAMA 225/55/R18 GEOLANDAR CV G058 98V,225/55/R18,4,1,0.03%,"₱51,294.64",4
MICHELIN,MICHELIN 255/45/R20 PILOT SPORT EV,255/45/R20,4,1,0.03%,"₱51,241.07",4
MICHELIN,MICHELIN 235/40/R19 PILOT SPORT 5 96Y,235/40/R19,4,1,0.03%,"₱50,959.82",4
WESTLAKE,WESTLAKE 185/55/R15 RP26,185/55/R15,4,5,0.15%,"₱50,950.36",20
MICHELIN,MICHELIN 245/45/ZR19 PILOT SPORT 5 102Y XL TL,null,4,1,0.03%,"₱50,892.86",4
CONTINENTAL,CONTINENTAL 225/55/R17 PREMIUM CONTACT 6 SSR 97W,225/55/R17,4,1,0.03%,"₱50,662.5",4
TOYO,TOYO 255/50/R20 PXST3 109V,255/50/R20,4,1,0.03%,"₱50,599.82",4
LAUFENN,LAUFENN 265/60/R18 X FIT AT 114 XLT,265/60/R18,4,2,0.06%,"₱50,389.29",8
FRONWAY,FRONWAY 195//R15C VANPLUS 09 106/104/R,null,4,4,0.12%,"₱50,090",16
MICHELIN,MICHELIN 245/40/ZR19 PILOT SPORT 5 98Y,null,4,1,0.03%,"₱50,000",4
DUNLOP,DUNLOP 275/55/R20 GRANDTREK AT5 113T,275/55/R20,5,1,0.04%,"₱50,000",5
DUNLOP,DUNLOP 215/75/R15 GRANDTREK AT5 100S,215/75/R15,5,1,0.04%,"₱50,000",5
DUNLOP,DUNLOP 245/70/R17 GRANDTREK AT20 110S,245/70/R17,4,1,0.03%,"₱50,000",4
FRONWAY,FRONWAY 215/55/R17 EURUS 08 98W,215/55/R17,4,4,0.12%,"₱49,935",16
BRIDGESTONE,BRIDGESTONE 265/60/R18 DUELER H/T 684 (RBT) 110H,265/60/R18,5,1,0.04%,"₱49,588.17",5
CONTINENTAL,CONTINENTAL 235/40/ZR18 MAX CONTACT MC7 98Y,null,4,1,0.03%,"₱49,470",4
BRIDGESTONE,BRIDGESTONE 235/65/R16 DURAVIS R660 115T,235/65/R16,4,1,0.03%,"₱49,435.36",4
DUNLOP,DUNLOP 215/55/R16 SPORT LM704 93V,215/55/R16,4,2,0.06%,"₱49,404.64",8
LAUFENN,LAUFENN 185/R14C X FIT VAN 102/100R,185/R14C,4,4,0.12%,"₱49,361.79",16
NANKANG,NANKANG 315/70/R17 MT-1 121/118Q,315/70/R17,4,1,0.03%,"₱49,210.18",4
BFGOODRICH,BFGOODRICH 265/70/R16 ALL-TERRAIN T/A KO3 117/114S,265/70/R16,4,1,0.03%,"₱49,107.14",4
BRIDGESTONE,BRIDGESTONE 265/60/R18 AT002 114S,265/60/R18,4,1,0.03%,"₱49,107.14",4
LAUFENN,LAUFENN 265/65/R17 X FIT AT 112T,265/65/R17,4,2,0.06%,"₱49,092.86",8
MICHELIN,MICHELIN 225/40/R18 PILOT SPORT 5 92Y,225/40/R18,4,1,0.03%,"₱48,995.54",4
BFGOODRICH,BFGOODRICH 215/55/R17 ADVANTAGE TOURING 94V,215/55/R17,4,2,0.06%,"₱48,980.71",8
MICHELIN,MICHELIN 255/35/R20 PILOT SPORT 4S 97Y,255/35/R20,2,1,0.01%,"₱48,660.71",2
MICHELIN,MICHELIN 225/55/R19 PRIMACY SUV+ 99V,225/55/R19,1,4,0.03%,"₱48,473.21",4
BRIDGESTONE,BRIDGESTONE 205/50/R16 POTENZA RE004 ADRENALIN 87W,205/50/R16,4,2,0.06%,"₱48,310.71",8
YOKOHAMA,YOKOHAMA 175/65/R14 ASPEC DB E70K 82T,175/65/R14,4,3,0.09%,"₱48,227.68",12
MICHELIN,MICHELIN 225/40/ZR18 PILOT SPORT 5 92Y XL TL,null,4,1,0.03%,"₱48,214.29",4
MICHELIN,MICHELIN 235/50/R18 PILOT SPORT 4 SUV ZP 97V,235/50/R18,4,1,0.03%,"₱48,035.71",4
DUNLOP,DUNLOP 205/45/R17 SPORT LM705 88W,205/45/R17,4,2,0.06%,"₱47,841.79",8
LAUFENN,LAUFENN 255/55/ZR18 S FIT EQ 109W,null,4,2,0.06%,"₱47,841.79",8
FRONWAY,FRONWAY 175/70/R14 ECOGREEN 66 84/T,175/70/R14,4,6,0.18%,"₱47,833.75",24
YOKOHAMA,YOKOHAMA 195/60/R16 BLUEARTH ES32 89H,195/60/R16,4,2,0.06%,"₱47,785.71",8
BRIDGESTONE,BRIDGESTONE 185/55/R15 ECOPIA EP300 82V,185/55/R15,2,5,0.07%,"₱47,758.84",10
ARIVO,ARIVO 265/60/R18 TERRAMAX ARV PRO A/T,265/60/R18,2,4,0.06%,"₱47,568.12",8
VREDESTEIN,VREDESTEIN 205/55/R16 ULTRAC VORTI I 91W,205/55/R16,4,3,0.09%,"₱47,526.79",12
YOKOHAMA,YOKOHAMA 225/60/R18 GEOLANDAR CV G058 100H,225/60/R18,4,1,0.03%,"₱47,491.07",4
APOLLO,APOLLO 235/45/R18 ASPIRE 4G+,235/45/R18,4,2,0.06%,"₱47,464.29",8
YOKOHAMA,YOKOHAMA 185/60/R14 BLUEARTH ES32 82H,185/60/R14,4,3,0.09%,"₱47,428.57",12
DUNLOP,DUNLOP 215/65/R16 GRANDTREK ST20 98H,215/65/R16,2,4,0.06%,"₱47,407.05",8
ARIVO,ARIVO 265/70/R17 TERRAMAX ARV PRO A/T 112T,265/70/R17,4,2,0.06%,"₱47,275",8
DUNLOP,DUNLOP 265/60/R18 GRANDTREK AT20 110H,265/60/R18,2,2,0.03%,"₱47,232.14",4
ARIVO,ARIVO 265/65/R17 TERRAMAX ARV PRO A/T,265/65/R17,2,4,0.06%,"₱47,184.64",8
MICHELIN,MICHELIN 255/45/R19 PILOT SPORT EV,255/45/R19,2,1,0.01%,"₱47,107.14",2
YOKOHAMA,YOKOHAMA 265/50/R20 GEOLANDAR X-CV G057 111W,265/50/R20,4,1,0.03%,"₱46,955.36",4
ARIVO,ARIVO 225/55/R18 ULTRA ARZ5 102W,225/55/R18,4,3,0.09%,"₱46,935.71",12
APOLLO,APOLLO 235/55/R18 ASPIRE 4G+,235/55/R18,4,2,0.06%,"₱46,754.46",8
APOLLO,APOLLO 235/65/R16C ALTRUST +,235/65/R16,4,2,0.06%,"₱46,700.89",8
YOKOHAMA,YOKOHAMA 265/60/R18 GEOLANDAR H/T G056 110H,265/60/R18,4,1,0.03%,"₱46,687.5",4
BRIDGESTONE,BRIDGESTONE 215/60/R17 ALENZA 001 96H,215/60/R17,4,1,0.03%,"₱46,663.93",4
WESTLAKE,WESTLAKE 265/65/R17 SU318,265/65/R17,4,2,0.06%,"₱46,635.84",8
ARIVO,ARIVO 185/65/R14 PREMIO ARZ1 86H,185/65/R14,2,11,0.16%,"₱46,513.57",22
DUNLOP,DUNLOP 275/70/R16 GRANDTREK TG28 M2 114T,275/70/R16,5,1,0.04%,"₱46,428.57",5
MICHELIN,MICHELIN 235/45/R18 PILOT SPORT 5 98Y,235/45/R18,1,5,0.04%,"₱46,294.64",5
APOLLO,APOLLO 225/65/R17 APTERRA H/T 2,225/65/R17,4,2,0.06%,"₱46,165.18",8
MICHELIN,MICHELIN 255/45/ZR19 PILOT SPORT 5 104Y XL TL,null,4,1,0.03%,"₱46,022.32",4
DEESTONE,DEESTONE 265/60/R18 STORMZ RS  111 XLV,265/60/R18,4,2,0.06%,"₱45,988.21",8
MICHELIN,MICHELIN 245/40/ZR18 PILOT SPORT 5 97Y XL TL,null,4,1,0.03%,"₱45,937.5",4
PIRELLI,PIRELLI 235/55/R19 SCORPION VERDE 105W,235/55/R19,4,1,0.03%,"₱45,849.82",4
MICHELIN,MICHELIN 195/50/R16 ENERGY XM2+ 88V,195/50/R16,4,2,0.06%,"₱45,705.36",8
BRIDGESTONE,BRIDGESTONE 215/60/R16 ECOPIA EP300 95V,215/60/R16,4,2,0.06%,"₱45,673.93",8
TOYO,TOYO 265/65/R17 OPRT 106Q,265/65/R17,4,1,0.03%,"₱45,535.71",4
LAUFENN,LAUFENN 265/70/R17 X FIT AT 121/118S,265/70/R17,2,3,0.04%,"₱45,496.52",6
MICHELIN,MICHELIN 225/45/R18 PRIMACY 3 ZP 95Y,225/45/R18,4,1,0.03%,"₱45,357.14",4
FRONWAY,FRONWAY 185/65/R15 ECOGREEN 66 88/H,185/65/R15,4,5,0.15%,"₱45,327.5",20
CST,CST 265/60/R18 SAHARA AT 318 119/116Q,265/60/R18,5,1,0.04%,"₱45,295.54",5
YOKOHAMA,YOKOHAMA 175/55/R15 BLUEARTH ES32 77V,175/55/R15,4,3,0.09%,"₱45,218.75",12
MICHELIN,MICHELIN 235/60/R18 PILOT SPORT 4 SUV 107W,235/60/R18,4,1,0.03%,"₱45,160.71",4
MICHELIN,MICHELIN 165/65/R14 ENERGY XM2+ 79H,165/65/R14,4,3,0.09%,"₱45,008.93",12
MICHELIN,MICHELIN 245/65/R17 PRIMACY SUV+ 107H,245/65/R17,4,1,0.03%,"₱44,892.86",4
WESTLAKE,WESTLAKE 265/60/R18 SU318,265/60/R18,8,1,0.06%,"₱44,746.13",8
TOYO,TOYO 265/50/R20 PXST3 111V,265/50/R20,4,1,0.03%,"₱44,723.93",4
APOLLO,APOLLO 235/50/R18 ASPIRE 4G+,235/50/R18,4,2,0.06%,"₱44,687.5",8
ARIVO,ARIVO 175/65/R14 PREMIO ARZ1 82H,175/65/R14,5,5,0.18%,"₱44,662.05",25
ARIVO,ARIVO 275/65/R18 TERRAMAX ARV PRO A/T 116T,275/65/R18,8,1,0.06%,"₱44,642.86",8
MICHELIN,MICHELIN 265/65/R17 PRIMACY SUV+ 112H,265/65/R17,5,1,0.04%,"₱44,642.86",5
YOKOHAMA,YOKOHAMA 225/45/R19 ADVAN DB V553 96W,225/45/R19,4,1,0.03%,"₱44,196.43",4
APOLLO,APOLLO 195/65/R15 ALNAC 4G 91H,195/65/R15,4,3,0.09%,"₱44,116.07",12
CONTINENTAL,CONTINENTAL 235/45/ZR18 MAX CONTACT MC7 98Y,null,4,1,0.03%,"₱44,063.04",4
APOLLO,APOLLO 185/R14C ALTRUST GRIP 102/100S,185/R14C,4,3,0.09%,"₱44,035.71",12
LAUFENN,LAUFENN 185/55/R15 S FIT EQ 86V,185/55/R15,4,4,0.12%,"₱43,963.39",16
LAUFENN,LAUFENN 175/65/R14 G FIT AS 82T,175/65/R14,4,5,0.15%,"₱43,896.43",20
APOLLO,APOLLO 175/65/R14 AMAZER XP 82T,175/65/R14,4,4,0.12%,"₱43,866.07",16
MICHELIN,MICHELIN 225/45/ZR18 PILOT SPORT 5 95Y XL TL,null,4,1,0.03%,"₱43,750",4
ATLAS,ATLAS 215/50/R17 FORCE UHP 95/W,215/50/R17,4,3,0.09%,"₱43,714.64",12
DUNLOP,DUNLOP 205/55/R17 ENASAVE EC300+ 91V,205/55/R17,2,3,0.04%,"₱43,628.48",6
YOKOHAMA,YOKOHAMA 265/65/R17 GEOLANDAR A/T G015 112H,265/65/R17,4,1,0.03%,"₱43,607.14",4
BRIDGESTONE,BRIDGESTONE 235/45/R18 TURANZA T005A 94W,235/45/R18,4,1,0.03%,"₱43,459.46",4
ARIVO,ARIVO 265/60/R18 TERRANO ARV H/T,265/60/R18,4,2,0.06%,"₱43,318.21",8
GOODYEAR,GOODYEAR 225/45/R18 EAGLE F1 ASYMMETRIC 6 95Y,225/45/R18,4,1,0.03%,"₱43,077.68",4
MICHELIN,MICHELIN 185/R14C AGILIS 3 RC 102/100R,185/R14C,4,2,0.06%,"₱42,897.32",8
MICHELIN,MICHELIN 235/45/R18 PILOT SPORT 5 98Y,235/45/R18,4,1,0.03%,"₱42,870.54",4
DUNLOP,DUNLOP 265/65/R17 GRANDTREK AT5 112S,265/65/R17,5,1,0.04%,"₱42,629.69",5
YOKOHAMA,YOKOHAMA 195/R14C SUPERVAN Y356 106/104P,195/R14C,4,2,0.06%,"₱42,589.29",8
BLACK,BLACK ARROW 205/55/R16 DART P15 91V,205/55/R16,2,9,0.13%,"₱42,583.93",18
ARIVO,ARIVO 175/55/R15 PREMIO ARZ1,175/55/R15,4,5,0.15%,"₱42,553.39",20
BRIDGESTONE,BRIDGESTONE 185/65/R15 ECOPIA EP300 88H,185/65/R15,2,5,0.07%,"₱42,523.48",10
PIRELLI,PIRELLI 225/50/R18 POWERGY 99W,225/50/R18,2,2,0.03%,"₱42,428.57",4
MICHELIN,MICHELIN 235/55/R18 PRIMACY 3 AO GRNX 104Y XL TL,235/55/R18,4,1,0.03%,"₱42,000",4
MICHELIN,MICHELIN 285/35/R18 PILOT SPORT  4S 101Y,285/35/R18,2,1,0.01%,"₱41,964.29",2
MICHELIN,MICHELIN 205/55/R17 PRIMACY 4 ST V91,205/55/R17,5,1,0.04%,"₱41,964.29",5
FRONWAY,FRONWAY 265/65/R17 ROCKBLADE AT II 112/T,265/65/R17,2,4,0.06%,"₱41,876.52",8
CST,CST 265/65/R17 SAHARA MT 2 117/114Q,265/65/R17,4,1,0.03%,"₱41,690",4
MICHELIN,MICHELIN 235/65/R17 PRIMACY SUV+ 108V,235/65/R17,2,2,0.03%,"₱41,535.71",4
ARIVO,ARIVO 195/60/R15 PREMIO ARZ1,195/60/R15,4,4,0.12%,"₱41,388.21",16
MICHELIN,MICHELIN 295/40/R21 PILOT SPORT 4 SUV 111Y,295/40/R21,2,1,0.01%,"₱41,366.07",2
MICHELIN,MICHELIN 235/45/ZR18 PILOT SPORT 5 98Y XL TL,null,4,1,0.03%,"₱41,343.75",4
MICHELIN,MICHELIN 195/55/R15 ENERGY XM2+ 85V,195/55/R15,4,2,0.06%,"₱41,303.57",8
YOKOHAMA,YOKOHAMA 205/70/R15 GEOLANDAR G046 96T,205/70/R15,4,2,0.06%,"₱41,267.86",8
LAUFENN,LAUFENN 225/55/R18 S FIT AS 98W,225/55/R18,4,2,0.06%,"₱41,121.07",8
MICHELIN,MICHELIN 265/35/R18 PILOT SPORT 5 97Y,265/35/R18,4,1,0.03%,"₱41,062.5",4
YOKOHAMA,YOKOHAMA P265/65/R17 GEOLANDAR H/T G056 110T,265/65/R17,4,1,0.03%,"₱41,022.32",4
TOYO,TOYO 225/55/R18 OPRT 98Q,225/55/R18,5,1,0.04%,"₱40,997.14",5
MICHELIN,MICHELIN 225/50/R18 PRIMACY 4 ST 95V,225/50/R18,2,2,0.03%,"₱40,767.86",4
PIRELLI,PIRELLI 245/50/R18 POWERGY 100W,245/50/R18,4,1,0.03%,"₱40,757.32",4
FRONWAY,FRONWAY 265/60/R18 ROADPOWER HT 79 110/H,265/60/R18,4,2,0.06%,"₱40,702.68",8
MICHELIN,MICHELIN 205/55/R17 PRIMACY 5 95W,205/55/R17,5,1,0.04%,"₱40,660.71",5
MICHELIN,MICHELIN 185/65/R14 ENERGY XM2+ 86H,185/65/R14,4,2,0.06%,"₱40,651.79",8
BRIDGESTONE,BRIDGESTONE 225/40/R18 POTENZA RE004 ADRENALIN 92W,225/40/R18,4,1,0.03%,"₱40,553.39",4
MICHELIN,MICHELIN 215/50/R18 PRIMACY SUV+ 92V,215/50/R18,2,2,0.03%,"₱40,464.29",4
MICHELIN,MICHELIN 215/60/R17 PRIMACY 4 ST 96H,215/60/R17,5,1,0.04%,"₱40,071.43",5
BRIDGESTONE,BRIDGESTONE 195/65/R15 ECOPIA EP300 91V,195/65/R15,4,2,0.06%,"₱40,027.14",8
WESTLAKE,WESTLAKE 175/65/R15 RP26,175/65/R15,4,4,0.12%,"₱39,926.07",16
YOKOHAMA,YOKOHAMA 195/50/R16 BLUEARTH ES32 84V,195/50/R16,4,2,0.06%,"₱39,696.43",8
MICHELIN,MICHELIN 225/55/R18 PRIMACY SUV+ 98V,225/55/R18,4,1,0.03%,"₱39,642.86",4
ARIVO,ARIVO 235/45/R19 ULTRA ARZ4 99W,235/45/R19,4,2,0.06%,"₱39,575.89",8
BRIDGESTONE,BRIDGESTONE 265/65/R17 DUELER A/T 693  112S,265/65/R17,2,2,0.03%,"₱39,434.2",4
LAUFENN,LAUFENN 275/60/R20 X FIT HT 115H,275/60/R20,4,1,0.03%,"₱39,390.18",4
WESTLAKE,WESTLAKE 215/45Z/R17 SA37,null,4,3,0.09%,"₱39,336.96",12
YOKOHAMA,YOKOHAMA 215/65/R16 GEOLANDAR CV G058 98H,215/65/R16,5,1,0.04%,"₱39,303.57",5
YOKOHAMA,YOKOHAMA P235/75/R15 GEOLANDAR A/T G015 108T,235/75/R15,5,1,0.04%,"₱39,285.71",5
MICHELIN,MICHELIN 275/40/R19 PRIMACY 3 ZP 101Y,275/40/R19,2,1,0.01%,"₱39,285.71",2
MICHELIN,MICHELIN 245/50/R18 PRIMACY 4 ST 100W,245/50/R18,4,1,0.03%,"₱39,272.32",4
PIRELLI,"PIRELLI 225/40/ZR18 P-ZERO 92Y ",null,4,1,0.03%,"₱39,198.39",4
ARIVO,ARIVO 195/50/R15 PREMIO ARZ1 82V,195/50/R15,4,4,0.12%,"₱39,129.11",16
WESTLAKE,WESTLAKE 225/55/R18 SU318,225/55/R18,4,2,0.06%,"₱39,100.36",8
WESTLAKE,WESTLAKE 235/65/R17 SU318,235/65/R17,4,2,0.06%,"₱38,938.57",8
YOKOHAMA,YOKOHAMA 225/60/R17 GEOLANDAR G95A 99V,225/60/R17,4,1,0.03%,"₱38,906.25",4
ATLAS,ATLAS 205/55/R16 FORCE UHP 91/W,205/55/R16,4,3,0.09%,"₱38,904.46",12
NANKANG,NANKANG 285/75/R16 RT 126,285/75/R16,4,1,0.03%,"₱38,886.61",4
MICHELIN,MICHELIN 255/35/R18 PILOT SPORT 5 94Y,255/35/R18,4,1,0.03%,"₱38,558.04",4
MICHELIN,MICHELIN 225/50/ZR17 PILOT SPORT 5 98Y XL TL,null,4,1,0.03%,"₱38,558.04",4
BRIDGESTONE,BRIDGESTONE 265/65/R17 DUELER H/T 684 (RBT) 112S,265/65/R17,2,2,0.03%,"₱38,517.86",4
YOKOHAMA,YOKOHAMA 225/65/R17 GEOLANDAR A/T 4 G018 102H,225/65/R17,4,1,0.03%,"₱38,470.89",4
PETLAS,PETLAS 225/45/ZR17 VELOX SPORT PT741 RFT 91W,null,4,1,0.03%,"₱38,315",4
ARIVO,ARIVO 215/45/R17 ULTRA ARZ4 91W,215/45/R17,4,3,0.09%,"₱38,235.71",12
FALKEN,FALKEN 205/65/R16 ZIEX ZE310 ECORUN 95H,205/65/R16,4,2,0.06%,"₱38,091.07",8
WESTLAKE,WESTLAKE 205/45/R16 SA57,205/45/R16,4,3,0.09%,"₱37,982.5",12
WESTLAKE,WESTLAKE 195/60/R16 RP36,195/60/R16,4,3,0.09%,"₱37,962.5",12
MICHELIN,MICHELIN 205/45/R17 PILOT SPORT 5 88Y,205/45/R17,5,1,0.04%,"₱37,776.79",5
YOKOHAMA,YOKOHAMA 185/60/R15 ASPEC DB E70B 84H,185/60/R15,4,2,0.06%,"₱37,767.86",8
MICHELIN,MICHELIN 245/45/R18 PRIMACY 4 ST 100W,245/45/R18,4,1,0.03%,"₱37,732.14",4
APOLLO,APOLLO 275/55/R20 APTERRA AT 2 LT,275/55/R20,4,1,0.03%,"₱37,700.89",4
WESTLAKE,WESTLAKE 185/70/R14 RP36,185/70/R14,4,4,0.12%,"₱37,660.71",16
GOODYEAR,GOODYEAR 255/55/R20 WRANGLER TERRITORY HT 110V,255/55/R20,2,1,0.01%,"₱37,620",2
ARIVO,ARIVO 235/50/R19 ULTRA ARZ5 103V,235/50/R19,4,2,0.06%,"₱37,586.07",8
NANKANG,NANKANG 245/40/ZR20 NS-2 95Y,null,4,1,0.03%,"₱37,448.93",4
YOKOHAMA,YOKOHAMA 215/55/R17 BLUEARTH GT AE51 94V,215/55/R17,4,1,0.03%,"₱37,392.86",4
MICHELIN,MICHELIN 225/55/R17 PRIMACY 4 ST 101W,225/55/R17,4,1,0.03%,"₱37,178.57",4
DUNLOP,DUNLOP 235/60/R17 SP LT30A 109T,235/60/R17,4,1,0.03%,"₱36,911.96",4
APOLLO,APOLLO 205/45/R17 ASPIRE 4G+ 87W,205/45/R17,4,2,0.06%,"₱36,839.29",8
WESTLAKE,WESTLAKE 235/70/R15 SL369 A/T,235/70/R15,4,2,0.06%,"₱36,795.36",8
VREDESTEIN,VREDESTEIN 205/75/R16 COMTRAC 2 113/111R,205/75/R16,6,1,0.04%,"₱36,727.41",6
ARIVO,ARIVO 175/65/R14 PREMIO ARZ1 82H,175/65/R14,6,2,0.09%,"₱36,671.61",12
ARIVO,ARIVO 205/70/R15 PREMIO ARZ1 96H,205/70/R15,4,3,0.09%,"₱36,664.11",12
LAUFENN,LAUFENN 235/60/R18 X FIT HT 103T,235/60/R18,2,3,0.04%,"₱36,642.86",6
TOYO,TOYO 305/45/R22 PXST3 118V,305/45/R22,1,2,0.01%,"₱36,607.14",2
PIRELLI,PIRELLI 235/55/R19 SCORPION VERDE RFT 101V,235/55/R19,2,1,0.01%,"₱36,607.14",2
YOKOHAMA,YOKOHAMA 265/70/R16 GEOLANDAR A/T 4 G018 111T,265/70/R16,4,1,0.03%,"₱36,602.68",4
ATLAS,ATLAS LT215 /85/R16 PARALLER HT 115/112/S,null,6,1,0.04%,"₱36,498.3",6
YOKOHAMA,YOKOHAMA 215/60/R17 GEOLANDAR CV G058 96H,215/60/R17,5,1,0.04%,"₱36,464.29",5
YOKOHAMA,YOKOHAMA 235/65/R16C BLUEARTH VAN RY55 115/113T,235/65/R16,4,1,0.03%,"₱36,428.57",4
LAUFENN,LAUFENN 215/70/R16C X FIT VAN 109/107S,215/70/R16,4,2,0.06%,"₱36,252.5",8
TOYO,TOYO 265/65/R17 PXST3 112V,265/65/R17,2,2,0.03%,"₱36,196.43",4
PIRELLI,PIRELLI 265/70/R16 SCORPION ATR 112T,265/70/R16,4,1,0.03%,"₱36,063.21",4
MICHELIN,MICHELIN 235/65/R17 LTX TRAIL 108T,235/65/R17,4,1,0.03%,"₱35,973.21",4
MICHELIN,MICHELIN 265/35/R21 PILOT SPORT 4 S 101Y,265/35/R21,1,1,0.01%,"₱35,950.89",1
MICHELIN,MICHELIN 235/50/R19 PILOT SPORT 4 SUV S1 99V,235/50/R19,1,2,0.01%,"₱35,928.57",2
MICHELIN,MICHELIN 265/50/R19 PILOT SPORT 4 SUV 110Y,265/50/R19,2,1,0.01%,"₱35,714.29",2
MICHELIN,MICHELIN 235/65/R17 PRIMACY SUV+ 108V,235/65/R17,4,1,0.03%,"₱35,714.29",4
NANKANG,NANKANG 205/55/R16 NS-2 91V,205/55/R16,4,2,0.06%,"₱35,698.39",8
MICHELIN,MICHELIN 225/45/ZR18 PRIMACY 4 ST 95W,null,4,1,0.03%,"₱35,625",4
TOYO,TOYO 245/50/R20 PXST3 102V,245/50/R20,4,1,0.03%,"₱35,539.64",4
MICHELIN,MICHELIN 235/45/R17 PILOT SPORT 4 97Y,235/45/R17,4,1,0.03%,"₱35,464.29",4
YOKOHAMA,YOKOHAMA 215/75/R15 GEOLANDAR A/T 4 G018 100S,215/75/R15,4,1,0.03%,"₱35,455.36",4
MICHELIN,MICHELIN 225/60/R17 PRIMACY 4 ST 103V,225/60/R17,4,1,0.03%,"₱35,450.89",4
MICHELIN,MICHELIN 235/65/R16 AGILIS 3 8PR 108/106T,235/65/R16,4,1,0.03%,"₱35,410.71",4
MICHELIN,MICHELIN 235/60/R17 PRIMACY SUV+ 102V,235/60/R17,4,1,0.03%,"₱35,410.71",4
WESTLAKE,WESTLAKE 205/45/R17 SA37,205/45/R17,4,3,0.09%,"₱35,365",12
WESTLAKE,WESTLAKE 265/50/R20 SL369 A/T,265/50/R20,5,1,0.04%,"₱35,330.18",5
PIRELLI,PIRELLI 265/65/R17 SCORPION-ATR 112T,265/65/R17,4,1,0.03%,"₱35,266.43",4
FRONWAY,FRONWAY 185//R14C VANPLUS 09 102/100/R,null,2,7,0.1%,"₱35,205.36",14
BFGOODRICH,BFGOODRICH 265/60/R18 ADVANTAGE TOURING 110H,265/60/R18,4,1,0.03%,"₱35,184.46",4
YOKOHAMA,YOKOHAMA 235/65/R17 GEOLANDAR CV G058 108V,235/65/R17,4,1,0.03%,"₱35,129.46",4
ARIVO,ARIVO 155/70/R13 PREMIO ARZ1,155/70/R13,4,5,0.15%,"₱35,097.32",20
ARIVO,ARIVO 215/55/R17 ULTRA ARZ4,215/55/R17,2,5,0.07%,"₱35,043.75",10
FRONWAY,FRONWAY 205/60/R16 ECOGREEN 66 92/V,205/60/R16,4,3,0.09%,"₱35,023.93",12
DUNLOP,DUNLOP 185/70/R14 SPORT LM705 88H,185/70/R14,4,2,0.06%,"₱34,990.54",8
DUNLOP,DUNLOP 245/40/R18 DIREZZA DZ102 97W,245/40/R18,4,1,0.03%,"₱34,971.96",4
BRIDGESTONE,BRIDGESTONE 225/40/R18 TURANZA ER33 88Y,225/40/R18,2,1,0.01%,"₱34,964.29",2
YOKOHAMA,YOKOHAMA 275/70/R16 GEOLANDAR H/T G056 114H,275/70/R16,4,1,0.03%,"₱34,950.89",4
MICHELIN,MICHELIN 235/55/R18 PRIMACY SUV+ 104V,235/55/R18,4,1,0.03%,"₱34,946.43",4
GOODYEAR,GOODYEAR 205/55/R17 ASSURANCE COMFORTTRED 95H,205/55/R17,4,1,0.03%,"₱34,830.71",4
NANKANG,NANKANG 235/85/R16 AT-5 120/116R,235/85/R16,4,1,0.03%,"₱34,764.11",4
MICHELIN,MICHELIN 265/70/R15 LTX TRAIL 112T,265/70/R15,4,1,0.03%,"₱34,745.54",4
MICHELIN,MICHELIN 265/70/R16 LTX TRAIL 112T,265/70/R16,4,1,0.03%,"₱34,691.96",4
TOYO,TOYO 265/65/R17 PXST3 112V,265/65/R17,4,1,0.03%,"₱34,642.86",4
LAUFENN,LAUFENN 225/75/R16C X FIT VAN 121/120R,225/75/R16,6,1,0.04%,"₱34,542.05",6
MICHELIN,MICHELIN 225/45/R18 PRIMACY 4 ST 95W,225/45/R18,4,1,0.03%,"₱34,459.82",4
VREDESTEIN,VREDESTEIN 235/50/R19 QUATRAC PRO EV 103W,235/50/R19,4,1,0.03%,"₱34,375",4
CST,CST 185/55/R15 MARQUIS MR-C5 82H,185/55/R15,4,3,0.09%,"₱34,285.54",12
DUNLOP,DUNLOP 245/45/R18 DIREZZA DZ102 100W,245/45/R18,4,1,0.03%,"₱34,250",4
MICHELIN,MICHELIN 235/55/R17 PRIMACY 4 ST 103W,235/55/R17,4,1,0.03%,"₱33,937.5",4
MICHELIN,MICHELIN 315/40/R21 LATITUDE SPORT 3 111Y,315/40/R21,1,1,0.01%,"₱33,928.57",1
ARIVO,ARIVO 225/55/R18 ULTRA ARZ5 102W,225/55/R18,2,4,0.06%,"₱33,928.57",8
BFGOODRICH,BFGOODRICH 265/50/R20 ADVANTAGE TOURING 111T,265/50/R20,4,1,0.03%,"₱33,928.57",4
MICHELIN,MICHELIN 265/65/R17 PRIMACY SUV+ 112H TL,265/65/R17,4,1,0.03%,"₱33,750",4
LAUFENN,LAUFENN 285/35/ZR19 Z FIT EQ 99Y,null,4,1,0.03%,"₱33,732.14",4
YOKOHAMA,YOKOHAMA 265/70/R16 GEOLANDAR H/T G056 112H,265/70/R16,4,1,0.03%,"₱33,526.79",4
MICHELIN,MICHELIN 275/45/R21 LATITUDE SPORT 3 107Y,275/45/R21,1,1,0.01%,"₱33,508.93",1
LAUFENN,LAUFENN 195/55/R15 G FIT AS 85V,195/55/R15,4,3,0.09%,"₱33,383.04",12
FRONWAY,FRONWAY 175/65/R14 ECOGREEN 66 82/T,175/65/R14,4,5,0.15%,"₱33,348.21",20
FALKEN,FALKEN 265/65/R17 WILDPEAK H/T 01 112S,265/65/R17,4,1,0.03%,"₱33,341.07",4
WESTLAKE,WESTLAKE 225/60/R17 SU318,225/60/R17,4,2,0.06%,"₱33,310.36",8
DUNLOP,DUNLOP 235/55/R18 SPORT LM705 100V,235/55/R18,4,1,0.03%,"₱33,257.14",4
WESTLAKE,WESTLAKE 185/80/R14 RP26,185/80/R14,4,3,0.09%,"₱33,219.82",12
MICHELIN,MICHELIN 215/50/R17 PRIMACY 4 ST 95W,215/50/R17,4,1,0.03%,"₱33,214.29",4
BFGOODRICH,BFGOODRICH 185/55/R15 ADVANTAGE TOURING 86V,185/55/R15,4,2,0.06%,"₱33,187.86",8
DUNLOP,DUNLOP 265/60/R18 GRANDTREK AT25 110H,265/60/R18,3,1,0.02%,"₱33,120.54",3
ARIVO,ARIVO 185/55/R16 PREMIO ARZ1 83V,185/55/R16,4,3,0.09%,"₱33,115.89",12
WESTLAKE,WESTLAKE 205/55/R16 SA37,205/55/R16,2,5,0.07%,"₱33,103.13",10
YOKOHAMA,YOKOHAMA 245/70/R16 GEOLANDAR A/T 4 G018 111H,245/70/R16,4,1,0.03%,"₱32,892.86",4
ARIVO,ARIVO 205/55/R16 ULTRA ARZ4 94W,205/55/R16,2,5,0.07%,"₱32,858.57",10
MICHELIN,MICHELIN 225/50/R17 PRIMACY 5 98W XL,225/50/R17,4,1,0.03%,"₱32,857.14",4
DUNLOP,DUNLOP 215/60/R17 ENASAVE EC300+ 96H,215/60/R17,5,1,0.04%,"₱32,857.14",5
BRIDGESTONE,BRIDGESTONE 265/65/R17 DUELER A/T 693  112S,265/65/R17,1,3,0.02%,"₱32,842.86",3
ACCELERA,ACCELERA 245/35/ZR20 PHI-R 95Y,null,4,1,0.03%,"₱32,685.54",4
WESTLAKE,WESTLAKE 225/55/R17 SA37,225/55/R17,4,2,0.06%,"₱32,616.25",8
ARIVO,ARIVO 195/50/R16 ULTRA ARZ5 84V,195/50/R16,4,3,0.09%,"₱32,492.32",12
YOKOHAMA,YOKOHAMA 265/70/R15 GEOLANDAR H/T G056 112H,265/70/R15,4,1,0.03%,"₱32,473.21",4
DUNLOP,DUNLOP 205/55/R16 SPORT LM705 91V,205/55/R16,5,1,0.04%,"₱32,468.75",5
YOKOHAMA,YOKOHAMA 245/70/R16 GEOLANDAR A/T G015 111H,245/70/R16,4,1,0.03%,"₱32,401.79",4
LAUFENN,LAUFENN 245/45/ZR19 Z FIT EQ 102Y,null,4,1,0.03%,"₱32,321.43",4
WESTLAKE,WESTLAKE 265/70/R17 SL378,265/70/R17,4,1,0.03%,"₱32,254.46",4
MICHELIN,MICHELIN 275/35/ZR19 PILOT SPORT 5 100Y,null,2,1,0.01%,"₱32,142.86",2
FRONWAY,FRONWAY 265/60/R18 ROCKBLADE AT II 110/T,265/60/R18,3,2,0.04%,"₱32,110.27",6
ARIVO,ARIVO 215/65/R16 PREMIO ARZ1 98H,215/65/R16,5,1,0.04%,"₱32,089.29",5
YOKOHAMA,YOKOHAMA 245/70/R16 GEOLANDAR H/T G056 111H,245/70/R16,4,1,0.03%,"₱32,089.29",4
MICHELIN,MICHELIN 215/50/R17 PILOT SPORT 4 95W,215/50/R17,4,1,0.03%,"₱31,982.14",4
ARIVO,ARIVO 205/55/R16 ULTRA ARZ4 94W,205/55/R16,5,2,0.07%,"₱31,952.68",10
YOKOHAMA,YOKOHAMA 185/60/R15 BLUEARTH ES32 84H,185/60/R15,1,7,0.05%,"₱31,848.21",7
ARIVO,ARIVO 225/65/R17 PREMIO ARZ1 102H,225/65/R17,4,2,0.06%,"₱31,820.71",8
ARIVO,ARIVO 195/70/R14 PREMIO ARZ1 91H,195/70/R14,4,3,0.09%,"₱31,786.07",12
BFGOODRICH,BFGOODRICH 225/45/R17 ADVANTAGE TOURING 94V,225/45/R17,5,1,0.04%,"₱31,696.43",5
MICHELIN,MICHELIN 215/45/R17 PRIMACY 4 ST 91W,215/45/R17,4,1,0.03%,"₱31,616.07",4
WESTLAKE,WESTLAKE 155/70/R13 RP36,155/70/R13,4,5,0.15%,"₱31,531.25",20
LAUFENN,LAUFENN 185/60/R15 G FIT AS 84H,185/60/R15,4,3,0.09%,"₱31,406.25",12
DUNLOP,DUNLOP 225/55/R17 SPORT LM705 101W,225/55/R17,4,1,0.03%,"₱31,370.36",4
PIRELLI,PIRELLI 235/55/R17 POWERGY 99V,235/55/R17,4,1,0.03%,"₱31,351.79",4
WESTLAKE,WESTLAKE 235/60/R16 RP36,235/60/R16,4,2,0.06%,"₱31,334.46",8
APOLLO,APOLLO 195/R14C ALTRUST GRIP,195/R14C,4,2,0.06%,"₱31,303.57",8
MICHELIN,MICHELIN 205/65/R16 PRIMACY 4ST 95V,205/65/R16,5,1,0.04%,"₱31,285.71",5
ARIVO,ARIVO 225/50/R18 ULTRA ARZ5,225/50/R18,4,2,0.06%,"₱31,282.5",8
WESTLAKE,WESTLAKE 285/75/R16 SL369,285/75/R16,4,1,0.03%,"₱31,282.5",4
YOKOHAMA,YOKOHAMA P235/75/R15 GEOLANDAR A/T G015 108T,235/75/R15,4,1,0.03%,"₱31,178.57",4
FRONWAY,FRONWAY 215/70/R16C VANPLUS 09 108/106/R,215/70/R16,4,2,0.06%,"₱31,022.68",8
YOKOHAMA,"YOKOHAMA 255/70/R16 GEOLANDAR H/T G056 111H ",255/70/R16,4,1,0.03%,"₱31,008.93",4
ARIVO,ARIVO 165/80/R13 PREMIO ARZ1 83T,165/80/R13,4,4,0.12%,"₱30,989.29",16
APOLLO,APOLLO 265/70/R17 APTERRA AT 2,265/70/R17,4,1,0.03%,"₱30,843.75",4
MICHELIN,MICHELIN 235/75/R15 LTX TRAIL 109T,235/75/R15,4,1,0.03%,"₱30,830.36",4
BRIDGESTONE,BRIDGESTONE 205/50/R17 TURANZA T005A,205/50/R17,1,4,0.03%,"₱30,736.61",4
PIRELLI,PIRELLI 215/70/R16 SCORPION VERDE 100H,215/70/R16,4,1,0.03%,"₱30,572.32",4
LAUFENN,LAUFENN 245/35/ZR19 Z FIT EQ 93Y,null,4,1,0.03%,"₱30,535.71",4
WESTLAKE,WESTLAKE 215/65/R16 RP26,215/65/R16,4,2,0.06%,"₱30,485.71",8
YOKOHAMA,YOKOHAMA 235/70/R15 GEOLANDAR A/T G012 102S,235/70/R15,4,1,0.03%,"₱30,482.14",4
LAUFENN,LAUFENN 255/35/ZR19 Z FIT EQ 96Y,null,4,1,0.03%,"₱30,343.21",4
ARIVO,ARIVO 225/45/R18 ULTRA ARZ5,225/45/R18,6,1,0.04%,"₱30,292.5",6
ARIVO,ARIVO 205/60/R16 PREMIO ARZ1,205/60/R16,2,5,0.07%,"₱30,267.86",10
WESTLAKE,WESTLAKE 235/55/R17 SA37,235/55/R17,2,3,0.04%,"₱30,187.86",6
PIRELLI,PIRELLI 205/55/R17 POWERGY 95W,205/55/R17,5,1,0.04%,"₱29,987.72",5
FRONWAY,FRONWAY 235/50/R18 EURUS 08 97/V,235/50/R18,4,2,0.06%,"₱29,931.43",8
LAUFENN,LAUFENN 205/65/R16 G FIT AS 95H,205/65/R16,4,2,0.06%,"₱29,931.43",8
CONTINENTAL,CONTINENTAL 215/70/R16 ULTRA CONTACT UC 6 100H,215/70/R16,4,1,0.03%,"₱29,907.59",4
ARIVO,ARIVO 265/50/R20 TERRAMAX ARV PRO A/T 111S,265/50/R20,5,1,0.04%,"₱29,906.7",5
YOKOHAMA,YOKOHAMA 215/45/R18 BLUEARTH GT AE51 93W,215/45/R18,4,1,0.03%,"₱29,848.21",4
FALKEN,FALKEN 185/65/R15 SINCERA SN-832I 88T,185/65/R15,4,2,0.06%,"₱29,792.86",8
APOLLO,APOLLO 195/50/R16 ALNAC 4G 88V,195/50/R16,4,2,0.06%,"₱29,785.71",8
BRIDGESTONE,BRIDGESTONE 265/60/R18 AT002 114S,265/60/R18,2,1,0.01%,"₱29,732.14",2
WESTLAKE,WESTLAKE 185/60/R15 RP36,185/60/R15,4,3,0.09%,"₱29,648.93",12
MICHELIN,MICHELIN 235/55/R19 PILOT SPORT 4 SUV 105Y,235/55/R19,2,1,0.01%,"₱29,642.86",2
DUNLOP,DUNLOP 265/55/R20 GRANDTREK AT30 113V,265/55/R20,2,1,0.01%,"₱29,642.86",2
BRIDGESTONE,BRIDGESTONE 265/65/R17 DUELER A/T 693  112S,265/65/R17,3,1,0.02%,"₱29,598.21",3
YOKOHAMA,YOKOHAMA 225/50/R18 ADVAN FLEVA V701 99W,225/50/R18,4,1,0.03%,"₱29,330.36",4
FALKEN,FALKEN 185/60/R15 ZIEX ZE310 ECORUN  88H,185/60/R15,4,2,0.06%,"₱29,291.79",8
YOKOHAMA,YOKOHAMA 215/70/R15 BLUEARTH VAN RY55 109S,215/70/R15,4,1,0.03%,"₱29,285.71",4
MICHELIN,MICHELIN 245/70/R16 PRIMACY SUV+ 111H XL TL,245/70/R16,4,1,0.03%,"₱29,276.79",4
FRONWAY,FRONWAY 165/65/R14 ECOGREEN 66 79/T,165/65/R14,4,4,0.12%,"₱29,138.39",16
BRIDGESTONE,BRIDGESTONE 215/55/R18 TURANZA T005A 95V,215/55/R18,5,1,0.04%,"₱29,017.86",5
ARIVO,ARIVO 265/65/R17 TERRAMAX ARV PRO A/T,265/65/R17,5,1,0.04%,"₱28,840.18",5
WESTLAKE,WESTLAKE 195/R15C SC328,195/R15C,4,2,0.06%,"₱28,788.04",8
WESTLAKE,WESTLAKE 215/60/R16 RP36,215/60/R16,4,2,0.06%,"₱28,698.93",8
DUNLOP,DUNLOP 205/55/R17 ENASAVE EC300+ 91V,205/55/R17,4,1,0.03%,"₱28,681.61",4
APOLLO,APOLLO 205/65/R15 ALNAC 4G 94H,205/65/R15,4,2,0.06%,"₱28,678.57",8
DUNLOP,DUNLOP 215/65/R16 GRANDTREK ST20 98H,215/65/R16,5,1,0.04%,"₱28,588.62",5
ARIVO,ARIVO 225/45/R18 ULTRA ARZ4,225/45/R18,4,2,0.06%,"₱28,545.71",8
CST,CST 265/65/R17 SAHARA AT 2 112T,265/65/R17,4,1,0.03%,"₱28,532.32",4
WESTLAKE,WESTLAKE 285/45/R22 SA37,285/45/R22,4,1,0.03%,"₱28,435.18",4
ARIVO,ARIVO 225/40/R18 ULTRA ARZ4 92H,225/40/R18,4,2,0.06%,"₱28,431.96",8
ARIVO,ARIVO 265/65/R18 ROCK TRAK R/T,265/65/R18,4,1,0.03%,"₱28,420.54",4
PIRELLI,PIRELLI 215/45/R18 POWERGY 93W,215/45/R18,4,1,0.03%,"₱28,392.86",4
MICHELIN,MICHELIN 225/70/R15 AGILIS 3 112/110S,225/70/R15,4,1,0.03%,"₱28,392.86",4
WESTLAKE,WESTLAKE 285/45/R22 SA37,285/45/R22,2,2,0.03%,"₱28,344.46",4
MICHELIN,MICHELIN 255/40/R20 PILOT SPORT EV 101W,255/40/R20,1,1,0.01%,"₱28,339.29",1
MICHELIN,MICHELIN 275/60/R20 PRIMACY SUV+ 115H,275/60/R20,1,2,0.01%,"₱28,321.43",2
LAUFENN,LAUFENN 185/65/R14 G FIT AS 86H,185/65/R14,4,3,0.09%,"₱28,237.86",12
WESTLAKE,WESTLAKE 205/65/R16 RP26,205/65/R16,4,2,0.06%,"₱28,233.39",8
BFGOODRICH,BFGOODRICH 235/55/R18 ADVANTAGE TOURING 104H,235/55/R18,4,1,0.03%,"₱28,200.54",4
ATLAS,ATLAS 205/60/R16 FORCE HP 92/V,205/60/R16,4,2,0.06%,"₱28,110",8
LAUFENN,LAUFENN 275/55/R20 X FIT AT 113T,275/55/R20,4,1,0.03%,"₱28,026.07",4
NANKANG,NANKANG 235/55/R17 SP-9 103V,235/55/R17,4,1,0.03%,"₱28,008.75",4
DUNLOP,DUNLOP 215/60/R17 ENASAVE EC300+ 96H,215/60/R17,4,1,0.03%,"₱27,988.75",4
WESTLAKE,WESTLAKE 275/55/R20 SL369 A/T,275/55/R20,4,1,0.03%,"₱27,981.25",4
APOLLO,APOLLO 265/70/R16 APTERRA AT 2,265/70/R16,4,1,0.03%,"₱27,977.68",4
MAXXIS,MAXXIS 185/65/R15 MAP5 88H,185/65/R15,4,2,0.06%,"₱27,958.04",8
WESTLAKE,WESTLAKE 205/50/R17 SA37,205/50/R17,4,2,0.06%,"₱27,832.86",8
FRONWAY,FRONWAY 225/55/R17 EURUS 08 101/W XL,225/55/R17,4,2,0.06%,"₱27,823.04",8
ARIVO,ARIVO 205/50/R17 ULTRA ARZ4,205/50/R17,4,2,0.06%,"₱27,579.29",8
FRONWAY,FRONWAY 175/65/R14 ECOGREEN 66 82/T,175/65/R14,2,8,0.12%,"₱27,285.71",16
NANKANG,NANKANG 215/55/R18 SP-9 99V,215/55/R18,4,1,0.03%,"₱27,226.61",4
DEESTONE,DEESTONE 265/50/R20 POWERCRUZ AT412 111Q,265/50/R20,4,1,0.03%,"₱27,125.36",4
BRIDGESTONE,BRIDGESTONE 245/70/R16 DUELER H/T 689 (RBT) 111S,245/70/R16,4,1,0.03%,"₱27,004.11",4
MICHELIN,MICHELIN 225/70/R15 LTX TRAIL 104T,225/70/R15,4,1,0.03%,"₱27,000",4
YOKOHAMA,YOKOHAMA 225/50/R17 BLUEARTH GT AE51 98W,225/50/R17,4,1,0.03%,"₱26,901.79",4
MICHELIN,MICHELIN 205/50/ZR16 PILOT SPORT 4 ST 91W XL TL,null,4,1,0.03%,"₱26,892.86",4
PIRELLI,PIRELLI 215/50/R17 POWERGY 95W,215/50/R17,4,1,0.03%,"₱26,785.71",4
KINTO,KINTO 265/65/R17 ST-51 112T,265/65/R17,4,1,0.03%,"₱26,785.71",4
DEESTONE,DEESTONE 265/60/R18 POWERCRUZ XT421 119/116 Q,265/60/R18,4,1,0.03%,"₱26,785.71",4
BRIDGESTONE,BRIDGESTONE 235/70/R15 ECOPIA H/L 001 103S,235/70/R15,4,1,0.03%,"₱26,785.71",4
MICHELIN,MICHELIN 285/60/R18 PRIMACY SUV+ 116V TL,285/60/R18,2,1,0.01%,"₱26,665.18",2
ARIVO,ARIVO 205/65/R16 PREMIO ARZ1,205/65/R16,5,1,0.04%,"₱26,589.51",5
FRONWAY,FRONWAY 175/65/R14 ECOGREEN ONE 82V,175/65/R14,4,4,0.12%,"₱26,585.71",16
CST,CST 265/65/R17 SAHARA CS912 112T,265/65/R17,4,1,0.03%,"₱26,575",4
WESTLAKE,WESTLAKE 175/50/R15 RP26,175/50/R15,4,3,0.09%,"₱26,523.75",12
WESTLAKE,WESTLAKE 175/70/R14 RP36,175/70/R14,4,3,0.09%,"₱26,389.82",12
WESTLAKE,WESTLAKE 175/65/R14 RP36,175/65/R14,2,6,0.09%,"₱26,294.64",12
BFGOODRICH,BFGOODRICH 225/60/R17 ADVANTAGE TOURING 99H,225/60/R17,4,1,0.03%,"₱26,276.61",4
PIRELLI,PIRELLI 285/60/R18 SCORPION VERDE 120V,285/60/R18,2,1,0.01%,"₱26,267.86",2
MICHELIN,MICHELIN 205/55/R16 ENERGY XM2+ 91V,205/55/R16,5,1,0.04%,"₱26,263.39",5
CONTINENTAL,CONTINENTAL 225/55/R17 PREMIUM CONTACT 6 SSR 97W,225/55/R17,2,1,0.01%,"₱26,160.71",2
WESTLAKE,WESTLAKE 165/65/R13 RP36,165/65/R13,4,4,0.12%,"₱26,160.36",16
MICHELIN,MICHELIN 185/55/R15 ENERGY XM2+ 86V,185/55/R15,2,2,0.03%,"₱26,098.21",4
YOKOHAMA,YOKOHAMA 215/45/R18 ADVAN FLEVA V701 93W,215/45/R18,2,2,0.03%,"₱26,089.29",4
LAUFENN,LAUFENN 205/45/ZR17 S FIT AS 88W XL,null,4,2,0.06%,"₱26,050",8
ARIVO,ARIVO 175/55/R15 PREMIO ARZ1,175/55/R15,8,1,0.06%,"₱26,031.79",8
ARIVO,ARIVO 175/55/R15 PREMIO ARZ1,175/55/R15,2,6,0.09%,"₱26,026.79",12
NANKANG,NANKANG 195/55/R15 NS-2 85V,195/55/R15,4,2,0.06%,"₱25,982.14",8
LAUFENN,LAUFENN 205/70/R15 G FIT AS 96T,205/70/R15,4,2,0.06%,"₱25,982.14",8
APOLLO,APOLLO 175/65/R15 ALNAC 4GS 84H,175/65/R15,4,2,0.06%,"₱25,982.14",8
TOYO,TOYO 265/65/R17 PXST3 112V,265/65/R17,3,1,0.02%,"₱25,966.25",3
LAUFENN,LAUFENN 255/70/R16 X FIT HT 111T,255/70/R16,4,1,0.03%,"₱25,960.71",4
FRONWAY,FRONWAY 225/45/R18 EURUS 08 95/W XL,225/45/R18,4,2,0.06%,"₱25,944.11",8
MICHELIN,MICHELIN 245/40/ZR19 PILOT SPORT 5 98Y,null,2,1,0.01%,"₱25,892.86",2
DUNLOP,DUNLOP 185/60/R16 ENASAVE EC300+ 86H,185/60/R16,4,1,0.03%,"₱25,892.86",4
MICHELIN,MICHELIN 255/45/R20 PILOT SPORT EV,255/45/R20,2,1,0.01%,"₱25,888.39",2
APOLLO,APOLLO 245/45/R18 ASPIRE 4G+,245/45/R18,4,1,0.03%,"₱25,875",4
NANKANG,NANKANG 245/45/R18 NS-2 100H,245/45/R18,4,1,0.03%,"₱25,791.61",4
NANKANG,NANKANG 225/45/ZR17 NS-2R 94W,null,4,1,0.03%,"₱25,722.32",4
WESTLAKE,WESTLAKE 265/60/R18 SL366 M/T,265/60/R18,4,1,0.03%,"₱25,670.36",4
MICHELIN,MICHELIN 215/70/R15C AGILIS 3 109/107S,215/70/R15,4,1,0.03%,"₱25,607.14",4
YOKOHAMA,YOKOHAMA 215/60/R16 BLUEARTH GT AE51,215/60/R16,4,1,0.03%,"₱25,580.36",4
ARIVO,ARIVO 195/R14C TRANSITO ARZ 6-C 106/104R,195/R14C,4,2,0.06%,"₱25,566.43",8
VREDESTEIN,VREDESTEIN 225/70/R16 PINZA AT,225/70/R16,4,1,0.03%,"₱25,446.43",4
FRONWAY,FRONWAY 225/40/R18 EURUS 08 92/W XL,225/40/R18,4,2,0.06%,"₱25,358.57",8
MICHELIN,MICHELIN 185/60/R15 ENERGY XM2+ 88H,185/60/R15,5,1,0.04%,"₱25,357.14",5
VREDESTEIN,VREDESTEIN 265/65/R17 PINZA HT 112T,265/65/R17,4,1,0.03%,"₱25,352.68",4
FALKEN,FALKEN 175/70/R14 SINCERA SN-832I 88T,175/70/R14,4,2,0.06%,"₱25,238.57",8
ATLAS,ATLAS 265/65/R17 PARALLER AT 2 116/Q,265/65/R17,4,1,0.03%,"₱25,150.71",4
TOYO,TOYO 225/40/R18 PXTR1 92Y,225/40/R18,4,1,0.03%,"₱25,133.39",4
ARIVO,ARIVO 175/65/R15 PREMIO ARZ1 84H,175/65/R15,2,5,0.07%,"₱25,125",10
MICHELIN,MICHELIN 235/60/R17 AGILIS 3 117/115T,235/60/R17,2,1,0.01%,"₱25,125",2
WESTLAKE,WESTLAKE 195/55/R16 RP36,195/55/R16,4,2,0.06%,"₱25,066.79",8
YOKOHAMA,YOKOHAMA 205/70/R15 GEOLANDAR A/T 4 G018 96H,205/70/R15,4,1,0.03%,"₱25,031.25",4
YOKOHAMA,YOKOHAMA 225/45/R17 BLUEARTH ES32 94V,225/45/R17,4,1,0.03%,"₱25,000",4
APOLLO,APOLLO 235/60/R17 APTERRA H/T 2,235/60/R17,4,1,0.03%,"₱24,910.71",4
APOLLO,APOLLO 195/70/R15C ALTRUST +,195/70/R15,6,1,0.04%,"₱24,910.71",6
WESTLAKE,WESTLAKE 265/65/R17 SL399 A/T,265/65/R17,4,1,0.03%,"₱24,856.25",4
MICHELIN,MICHELIN 225/70/R16 PRIMACY SUV+ 103H,225/70/R16,4,1,0.03%,"₱24,718.75",4
WESTLAKE,WESTLAKE 265/65/R17 SU318,265/65/R17,2,2,0.03%,"₱24,696.43",4
MICHELIN,MICHELIN 175/65/R15 ENERGY XM2+ 84H,175/65/R15,5,1,0.04%,"₱24,696.43",5
ATLAS,ATLAS LT215 /85/R16 PARALLER HT 115/112/S,null,2,2,0.03%,"₱24,646.25",4
MICHELIN,MICHELIN 215/65/R16 PRIMACY SUV+ 102H,215/65/R16,4,1,0.03%,"₱24,629.46",4
DUNLOP,DUNLOP 205/50/R17 SPORT LM704 89V,205/50/R17,4,1,0.03%,"₱24,596.43",4
BRIDGESTONE,BRIDGESTONE 175/65/R14 ECOPIA EP150 82H,175/65/R14,2,3,0.04%,"₱24,594.11",6
LAUFENN,LAUFENN 195/65/R15 G FIT AS 91V,195/65/R15,4,2,0.06%,"₱24,526.96",8
FRONWAY,FRONWAY 215/65/R16 ECOGREEN 66 98/H,215/65/R16,4,2,0.06%,"₱24,417.86",8
MICHELIN,MICHELIN 195/60/R15 ENERGY XM2+ 88V,195/60/R15,4,1,0.03%,"₱24,348.21",4
BRIDGESTONE,BRIDGESTONE 205/65/R16 TURANZA T005A,205/65/R16,4,1,0.03%,"₱24,320.54",4
MICHELIN,MICHELIN 205/55/R16 PRIMACY 4 ST RP 91V TL,205/55/R16,4,1,0.03%,"₱24,236.61",4
BRIDGESTONE,BRIDGESTONE 175/65/R14 ECOPIA EP150 82H,175/65/R14,3,2,0.04%,"₱24,227.68",6
CONTINENTAL,CONTINENTAL 205/55/R16 COMFORT CONTACT 7 91V,205/55/R16,4,1,0.03%,"₱24,191.43",4
MICHELIN,MICHELIN 235/60/R18 PRIMACY SUV+ 103V,235/60/R18,2,1,0.01%,"₱24,107.14",2
DUNLOP,DUNLOP 225/40/R18 SPORT LM705 92W,225/40/R18,4,1,0.03%,"₱24,107.14",4
LAUFENN,LAUFENN 225/50/ZR16 G FIT AS 92V,null,5,1,0.04%,"₱24,055.13",5
BRIDGESTONE,BRIDGESTONE 185/55/R15 POTENZA RE030 82V,185/55/R15,2,2,0.03%,"₱23,955.36",4
ARIVO,ARIVO 185/70/R14 PREMIO ARZ1 88H,185/70/R14,2,5,0.07%,"₱23,932.68",10
MICHELIN,MICHELIN 225/60/R17 PRIMACY 5 103V,225/60/R17,2,1,0.01%,"₱23,875",2
MICHELIN,MICHELIN 195/50/R15 PILOT SPORT 3 82V,195/50/R15,4,1,0.03%,"₱23,825.89",4
WESTLAKE,WESTLAKE 255/60/R18 SU318,255/60/R18,2,2,0.03%,"₱23,821.43",4
BRIDGESTONE,BRIDGESTONE 205/55/R16 ECOPIA EP300 91V,205/55/R16,2,2,0.03%,"₱23,810.71",4
DUNLOP,DUNLOP 215/55/R17 SPORT LM705 94V,215/55/R17,4,1,0.03%,"₱23,802.14",4
APOLLO,APOLLO 235/50/R18 ASPIRE 4G+,235/50/R18,2,2,0.03%,"₱23,750",4
BRIDGESTONE,BRIDGESTONE 205/65/R16 ECOPIA EP300 95V,205/65/R16,2,2,0.03%,"₱23,715",4
WESTLAKE,WESTLAKE 265/50/R20 SA37,265/50/R20,4,1,0.03%,"₱23,709.11",4
VREDESTEIN,VREDESTEIN 235/60/R17 COMTRAC 2 117/115R,235/60/R17,4,1,0.03%,"₱23,705.36",4
ARIVO,ARIVO 205/45/R17 ULTRA ARZ4,205/45/R17,2,4,0.06%,"₱23,669.64",8
DEESTONE,DEESTONE 265/65/R17 ROYAL TOURER HT611 112H,265/65/R17,4,1,0.03%,"₱23,660.71",4
CONTINENTAL,CONTINENTAL 195/65/R15 COMFORT CONTACT 7 91V,195/65/R15,4,1,0.03%,"₱23,589.29",4
LAUFENN,LAUFENN 265/70/R16 X FIT HT 112T,265/70/R16,4,1,0.03%,"₱23,574.46",4
MICHELIN,MICHELIN 265/65/R17 PRIMACY SUV+ 112H,265/65/R17,2,1,0.01%,"₱23,562.5",2
PIRELLI,PIRELLI 215/45/R17 POWERGY 91W,215/45/R17,4,1,0.03%,"₱23,485.18",4
YOKOHAMA,YOKOHAMA 205/50/R16 ADVAN FLEVA V701 87V,205/50/R16,4,1,0.03%,"₱23,464.29",4
MICHELIN,MICHELIN 205/70/R15 AGILIS 3 106S,205/70/R15,4,1,0.03%,"₱23,464.29",4
YOKOHAMA,YOKOHAMA 205/70/R15 GEOLANDAR G046 96H,205/70/R15,4,1,0.03%,"₱23,464.29",4
CONTINENTAL,CONTINENTAL 225/55/R18 ULTRA CONTACT UC 6 98H,225/55/R18,2,1,0.01%,"₱23,464.29",2
LAUFENN,LAUFENN 265/50/R20 S FIT AS 107V,265/50/R20,4,1,0.03%,"₱23,401.25",4
FRONWAY,FRONWAY 185/65/R15 ECOGREEN 66 88/H,185/65/R15,2,5,0.07%,"₱23,375",10
APOLLO,APOLLO 225/60/R17 APTERRA H/P 99H,225/60/R17,4,1,0.03%,"₱23,303.57",4
LAUFENN,LAUFENN 195/60/R15 G FIT AS 88V,195/60/R15,4,2,0.06%,"₱23,280",8
WESTLAKE,WESTLAKE 245/45Z/R20 SA37,null,4,1,0.03%,"₱23,280",4
LAUFENN,LAUFENN 155/70/R13 G FIT EQ 75T,155/70/R13,4,3,0.09%,"₱23,266.61",12
GOODYEAR,GOODYEAR 235/50/R18 ASSURANCE MAXGUARD SUV 103W,235/50/R18,2,1,0.01%,"₱23,258.93",2
DUNLOP,DUNLOP 215/60/R16 SPORT LM705 95H,215/60/R16,4,1,0.03%,"₱23,228.04",4
MICHELIN,MICHELIN 235/40/R18 PILOT SPORT 5 95Y,235/40/R18,2,1,0.01%,"₱23,214.29",2
DUNLOP,DUNLOP 205/60/R17 ENASAVE EC300+ 94H,205/60/R17,3,1,0.02%,"₱23,183.04",3
LAUFENN,LAUFENN 265/65/R17 X FIT HT 108H,265/65/R17,4,1,0.03%,"₱23,128.04",4
YOKOHAMA,YOKOHAMA 215/40/R17 ADVAN FLEVA V701 87W,215/40/R17,4,1,0.03%,"₱23,071.43",4
ARIVO,ARIVO 255/60/R18 TERRAMAX ARV PRO A/T,255/60/R18,2,2,0.03%,"₱23,035.71",4
ARIVO,ARIVO 225/45/R18 ULTRA ARZ4,225/45/R18,2,3,0.04%,"₱23,022.5",6
TOYO,TOYO 255/50/R19 PXST3 107V,255/50/R19,2,1,0.01%,"₱23,017.86",2
KINTO,KINTO 235/60/R18 ST-51 107V,235/60/R18,4,1,0.03%,"₱22,994.11",4
VREDESTEIN,VREDESTEIN 225/70/R15 COMTRAC 2 112/110S,225/70/R15,4,1,0.03%,"₱22,928.57",4
WESTLAKE,WESTLAKE 205/65/R15 RP36,205/65/R15,4,2,0.06%,"₱22,922.86",8
FRONWAY,FRONWAY 275/55/R20 ROCKBLADE AT II 117/S XL,275/55/R20,4,1,0.03%,"₱22,904.82",4
YOKOHAMA,YOKOHAMA 185/65/R15 BLUEARTH ES32 88H,185/65/R15,5,1,0.04%,"₱22,857.14",5
LAUFENN,LAUFENN 175/65/R15 G FIT AS 84H,175/65/R15,4,2,0.06%,"₱22,830.57",8
WESTLAKE,WESTLAKE 255/65/R17 SU318,255/65/R17,4,1,0.03%,"₱22,775",4
WESTLAKE,WESTLAKE 205/55/R17 SA37,205/55/R17,2,3,0.04%,"₱22,736.16",6
FRONWAY,FRONWAY 225/45/R17 EURUS 08 94/W XL,225/45/R17,4,2,0.06%,"₱22,698.04",8
FALKEN,FALKEN 215/65/R16 ZIEX ZE310 ECORUN  99H,215/65/R16,4,1,0.03%,"₱22,688.39",4
WESTLAKE,WESTLAKE 165/65/R14 RP18,165/65/R14,4,3,0.09%,"₱22,685.71",12
CONTINENTAL,CONTINENTAL 205/65/R16 ULTRA CONTACT UC 7 95H,205/65/R16,4,1,0.03%,"₱22,569.82",4
DURATURN,DURATURN 255/50/R20 MOZZO SPORT S2 109W,255/50/R20,4,1,0.03%,"₱22,552.5",4
DUNLOP,DUNLOP 195/R15C SP VAN01 106S,195/R15C,4,1,0.03%,"₱22,484.46",4
FRONWAY,FRONWAY 225/65/R17 ROADPOWER HT 79 102/H,225/65/R17,2,3,0.04%,"₱22,475",6
ARIVO,ARIVO 185/55/R15 PREMIO ARZ1,185/55/R15,5,2,0.07%,"₱22,366.29",10
ARIVO,ARIVO 195/55/R16 PREMIO ARZ1,195/55/R16,4,2,0.06%,"₱22,362.32",8
DUNLOP,DUNLOP 215/60/R17 ENASAVE EC300+ 96H,215/60/R17,1,3,0.02%,"₱22,348.21",3
YOKOHAMA,YOKOHAMA 195/50/R16 ADVAN FLEVA V701 84V,195/50/R16,4,1,0.03%,"₱22,330.36",4
BFGOODRICH,BFGOODRICH 215/45/R17 ADVANTAGE TOURING 91V,215/45/R17,4,1,0.03%,"₱22,321.43",4
VREDESTEIN,VREDESTEIN 225/55/R18 ULTRAC 102Y,225/55/R18,4,1,0.03%,"₱22,321.43",4
BRIDGESTONE,BRIDGESTONE 265/65/R17 DUELER A/T 002 112S,265/65/R17,2,1,0.01%,"₱22,321.43",2
PIRELLI,PIRELLI 205/45/R17 POWERGY 88W,205/45/R17,4,1,0.03%,"₱22,296.61",4
DUNLOP,DUNLOP 205/55/R17 ENASAVE EC300+ 91V,205/55/R17,3,1,0.02%,"₱22,245.54",3
DUNLOP,DUNLOP 255/65/R17 GRANDTREK AT25 110H,255/65/R17,1,2,0.01%,"₱22,214.29",2
VREDESTEIN,VREDESTEIN 215/55/R17 ULTRAC VORTI I,215/55/R17,4,1,0.03%,"₱22,206.07",4
YOKOHAMA,YOKOHAMA 175/50/R13 A539 72V,175/50/R13,4,1,0.03%,"₱22,191.96",4
BRIDGESTONE,BRIDGESTONE 185/R14C DURAVIS R624 102/100R,185/R14C,4,1,0.03%,"₱22,158.04",4
BRIDGESTONE,BRIDGESTONE 265/55/R20 DUELER A/T D693 (RBT) 113V,265/55/R20,1,1,0.01%,"₱22,089.29",1
DUNLOP,DUNLOP 265/60/R18 GRANDTREK AT25 110H,265/60/R18,2,1,0.01%,"₱22,080.36",2
ARIVO,ARIVO 185/70/R14 PREMIO ARZ1 88H,185/70/R14,8,1,0.06%,"₱22,067.5",8
APOLLO,APOLLO 165/80/R13 AMAZER XP 83T,165/80/R13,4,2,0.06%,"₱21,982.14",8
FRONWAY,FRONWAY 265/50/R20 ROCKBLADE AT II 111/S XL,265/50/R20,4,1,0.03%,"₱21,978.21",4
GOODYEAR,GOODYEAR 185/R14C CARGO MARATHON 2 102/100S,185/R14C,4,1,0.03%,"₱21,946.25",4
GOODYEAR,GOODYEAR 185/65/R15 ASSURANCE MAXGUARD 88V,185/65/R15,4,1,0.03%,"₱21,825",4
APOLLO,APOLLO 215/70/R15C ALTRUST GRIP,215/70/R15,4,1,0.03%,"₱21,803.57",4
APOLLO,APOLLO 225/40/R18 ASPIRE 4G+,225/40/R18,4,1,0.03%,"₱21,794.64",4
BRIDGESTONE,BRIDGESTONE 235/50/R18 POTENZA RE004 ADRENALIN 101W,235/50/R18,2,1,0.01%,"₱21,750",2
YOKOHAMA,YOKOHAMA 265/70/R15 GEOLANDAR A/T G015 112H,265/70/R15,2,1,0.01%,"₱21,678.57",2
DUNLOP,DUNLOP 255/65/R17 GRANDTREK AT25 110H,255/65/R17,2,1,0.01%,"₱21,638.57",2
GOODYEAR,GOODYEAR 195/70/R14 ASSURANCE DURAPLUS 2 91H,195/70/R14,4,1,0.03%,"₱21,565.18",4
WESTLAKE,WESTLAKE 195/60/R15 RP36,195/60/R15,4,2,0.06%,"₱21,493.21",8
DUNLOP,DUNLOP 185/55/R16 SPORT LM705 83V,185/55/R16,2,2,0.03%,"₱21,428.57",4
APOLLO,APOLLO 215/70/R16 APTERRA H/L 100H,215/70/R16,4,1,0.03%,"₱21,375",4
VREDESTEIN,VREDESTEIN 205/55/R17 ULTRAC 95V,205/55/R17,4,1,0.03%,"₱21,366.07",4
WESTLAKE,WESTLAKE 235/60/R18 SU318,235/60/R18,2,2,0.03%,"₱21,303.57",4
LAUFENN,LAUFENN 225/60/R18 S FIT AS 100V,225/60/R18,4,1,0.03%,"₱21,288.04",4
CONTINENTAL,CONTINENTAL 205/60/R16 ULTRA CONTACT UC 7 96V,205/60/R16,4,1,0.03%,"₱21,271.96",4
LAUFENN,LAUFENN 185/70/R14 G FIT AS 88T,185/70/R14,4,2,0.06%,"₱21,270.71",8
MICHELIN,MICHELIN 225/55/R17 PRIMACY 4 ST 101W,225/55/R17,2,1,0.01%,"₱21,250",2
FRONWAY,FRONWAY 185/60/R15 ECOGREEN ONE 88H,185/60/R15,2,5,0.07%,"₱21,153.48",10
FRONWAY,FRONWAY 205/45/R17 EURUS 08 88/W XL,205/45/R17,4,2,0.06%,"₱21,141.07",8
ARIVO,ARIVO 265/70/R16 TERRAMAX ARV PRO A/T 112T,265/70/R16,4,1,0.03%,"₱21,132.14",4
MICHELIN,MICHELIN 215/45/R18 PRIMACY 5 93W,215/45/R18,2,1,0.01%,"₱21,098.21",2
MICHELIN,MICHELIN 205/55/R16 PRIMACY 4 ST 91W,205/55/R16,4,1,0.03%,"₱21,093.75",4
FRONWAY,FRONWAY 205/65/R15 ECOGREEN 66 94/H,205/65/R15,8,1,0.06%,"₱21,093.57",8
LAUFENN,LAUFENN 305/30/ZR19 Z FIT EQ 102Y,null,2,1,0.01%,"₱21,044.64",2
PIRELLI,PIRELLI 245/50/R18 POWERGY 100W,245/50/R18,2,1,0.01%,"₱21,008.93",2
BRIDGESTONE,BRIDGESTONE 195/50/R16 TURANZA ER33 84V,195/50/R16,2,2,0.03%,"₱21,000",4
BRIDGESTONE,BRIDGESTONE 265/70/R16 ECOPIA H/L001 112H,265/70/R16,2,1,0.01%,"₱20,982.14",2
FRONWAY,FRONWAY 185/60/R15 ECOGREEN 66 88/H XL,185/60/R15,2,5,0.07%,"₱20,973.21",10
BFGOODRICH,BFGOODRICH 215/55/R16 ADVANTAGE TOURING 97V,215/55/R16,4,1,0.03%,"₱20,910.89",4
ATLAS,ATLAS 185/60/R15 FORCE HP 84/H,185/60/R15,4,2,0.06%,"₱20,884.29",8
APOLLO,APOLLO 215/70/R16C ALTRUST 8PR 108/106S,215/70/R16,4,1,0.03%,"₱20,825.89",4
YOKOHAMA,YOKOHAMA 205/40/R17 ADVAN FLEVA V701 84W,205/40/R17,4,1,0.03%,"₱20,785.71",4
VREDESTEIN,VREDESTEIN 30X9.5/R15 PINZA AT,null,2,1,0.01%,"₱20,750",2
ARIVO,ARIVO 205/55/R15 PREMIO ARZ1,205/55/R15,4,2,0.06%,"₱20,736.43",8
APOLLO,APOLLO 215/70/R16C ALTRUST GRIP,215/70/R16,4,1,0.03%,"₱20,718.75",4
FRONWAY,FRONWAY 265/60/R18 ROADPOWER HT 79 110/H,265/60/R18,2,2,0.03%,"₱20,699.91",4
APOLLO,APOLLO 215/65/R16C ALTRUST 6PR 102/100T,215/65/R16,4,1,0.03%,"₱20,678.57",4
DURATURN,DURATURN 235/50/R19 MOZZO SPORT S2 103W,235/50/R19,4,1,0.03%,"₱20,643.21",4
WESTLAKE,WESTLAKE 185/65/R15 RP36,185/65/R15,2,4,0.06%,"₱20,630",8
NANKANG,NANKANG 205/50/ZR15 NS-2R 89W,null,4,1,0.03%,"₱20,629.82",4
APOLLO,APOLLO 195/R14C ALTRUST 8PR 106/104S,195/R14C,2,2,0.03%,"₱20,571.43",4
NANKANG,NANKANG 225/45/R17 NS-2 94V,225/45/R17,4,1,0.03%,"₱20,560.54",4
VREDESTEIN,VREDESTEIN 255/50/R19 ULTRAC VORTI I,255/50/R19,2,1,0.01%,"₱20,544.64",2
FRONWAY,FRONWAY 265/60/R18 ROCKBLADE AT II 110/T,265/60/R18,4,1,0.03%,"₱20,535.71",4
ARIVO,ARIVO 235/45/R19 ULTRA ARZ4 99W,235/45/R19,2,2,0.03%,"₱20,535.71",4
WESTLAKE,WESTLAKE 165/65/R13 RP36,165/65/R13,2,6,0.09%,"₱20,505.89",12
BRIDGESTONE,BRIDGESTONE 175/65/R14 ECOPIA EP150 82H,175/65/R14,5,1,0.04%,"₱20,479.91",5
WESTLAKE,WESTLAKE 215/70/R16 SL369 A/T,215/70/R16,4,1,0.03%,"₱20,456.61",4
YOKOHAMA,YOKOHAMA 265/70/R16 GEOLANDAR H/T G056 112H,265/70/R16,2,1,0.01%,"₱20,446.43",2
APOLLO,APOLLO 205/65/R16C ALTRUST +,205/65/R16,4,1,0.03%,"₱20,272.32",4
DUNLOP,DUNLOP 225/65/R17 GRANDTREK ST30 102H,225/65/R17,2,1,0.01%,"₱20,267.86",2
WESTLAKE,WESTLAKE 235/55/R18 SU318,235/55/R18,4,1,0.03%,"₱20,228.75",4
PIRELLI,PIRELLI 235/50/R18 POWERGY 97V,235/50/R18,2,1,0.01%,"₱20,205.36",2
MICHELIN,MICHELIN 235/45/ZR19 PILOT SPORT 5 99Y,null,1,1,0.01%,"₱20,200.89",1
WESTLAKE,WESTLAKE 215/35Z/R18 SA07,null,4,1,0.03%,"₱20,160.71",4
ARIVO,ARIVO 225/65/R17 PREMIO ARZ1 102H,225/65/R17,5,1,0.04%,"₱20,133.48",5
FRONWAY,FRONWAY 205/65/R15 ECOGREEN ONE 94H,205/65/R15,4,2,0.06%,"₱20,102.14",8
DUNLOP,DUNLOP 205/65/R15 SPORT LM705 94H,205/65/R15,4,1,0.03%,"₱20,092.86",4
WESTLAKE,WESTLAKE 235/55/R17 SA37,235/55/R17,4,1,0.03%,"₱20,089.29",4
BRIDGESTONE,BRIDGESTONE 185/55/R16 TURANZA ER33 83H,185/55/R16,4,1,0.03%,"₱20,089.29",4
MICHELIN,MICHELIN 235/55/R20 PRIMACY SUV+ 102V TLÊ,235/55/R20,1,1,0.01%,"₱19,937.5",1
WESTLAKE,WESTLAKE 225/45Z/R19 SA37,null,4,1,0.03%,"₱19,915.71",4
WESTLAKE,WESTLAKE 195/50/R15 SA57,195/50/R15,4,2,0.06%,"₱19,885",8
WESTLAKE,WESTLAKE 235/45Z/R19 Z-007,null,4,1,0.03%,"₱19,840.89",4
MICHELIN,MICHELIN 225/50/R18 PRIMACY 4 ST DT RP 95V TL,225/50/R18,2,1,0.01%,"₱19,821.43",2
WESTLAKE,WESTLAKE 235/50/R18 SA37,235/50/R18,4,1,0.03%,"₱19,795.71",4
YOKOHAMA,YOKOHAMA 245/40/R18 ADVAN FLEVA V701 97W,245/40/R18,2,1,0.01%,"₱19,776.79",2
ARIVO,ARIVO 215/45/R17 ULTRA ARZ4 91W,215/45/R17,6,1,0.04%,"₱19,766.07",6
BRIDGESTONE,BRIDGESTONE 175/65/R15 TURANZA ER370 84T,175/65/R15,4,1,0.03%,"₱19,677.14",4
DURATURN,DURATURN 255/45/R18 MOZZO SPORT 103W,255/45/R18,4,1,0.03%,"₱19,642.86",4
FRONWAY,FRONWAY 265/65/R17 ROADPOWER HT 79 112/H,265/65/R17,4,1,0.03%,"₱19,590.54",4
WESTLAKE,WESTLAKE 235/50/R18 SUPERIDE 1,235/50/R18,4,1,0.03%,"₱19,572.5",4
ARIVO,ARIVO 235/60/R18 TERRANO ARV H/T 107H,235/60/R18,4,1,0.03%,"₱19,538.57",4
ARIVO,ARIVO 165/65/R13 PREMIO ARZ1,165/65/R13,4,3,0.09%,"₱19,501.25",12
WESTLAKE,WESTLAKE 245/45Z/R18 SA37,null,4,1,0.03%,"₱19,500",4
LAUFENN,LAUFENN 225/65/R17 X FIT HT 102T,225/65/R17,2,2,0.03%,"₱19,493.57",4
DUNLOP,DUNLOP 185/70/R14 ENASAVE EC300+ 88S,185/70/R14,2,2,0.03%,"₱19,473.21",4
WESTLAKE,WESTLAKE 235/60/R17 SU318,235/60/R17,2,2,0.03%,"₱19,464.29",4
DEESTONE,DEESTONE 215/70/R16C TITANZ T88 8PR 108/106 R,215/70/R16,4,1,0.03%,"₱19,434.64",4
BRIDGESTONE,BRIDGESTONE 175/65/R15 ECOPIA EP300 84H,175/65/R15,4,1,0.03%,"₱19,400",4
DUNLOP,DUNLOP 185/65/R15 ENASAVE 300+ 88T,185/65/R15,4,1,0.03%,"₱19,400",4
WESTLAKE,WESTLAKE 205/45/R17 SA37,205/45/R17,2,3,0.04%,"₱19,392.86",6
LAUFENN,LAUFENN 175/70/R14 G FIT AS 82T,175/70/R14,4,2,0.06%,"₱19,369.29",8
ARIVO,ARIVO 245/40/R20 ULTRA ARZ5 99W,245/40/R20,4,1,0.03%,"₱19,365.36",4
DEESTONE,DEESTONE 185/65/R14 NAKARA R201 86H,185/65/R14,4,2,0.06%,"₱19,305.36",8
DURATURN,DURATURN 225/35/R20 MOZZO SPORT 93Y,225/35/R20,4,1,0.03%,"₱19,178.57",4
DUNLOP,DUNLOP 215/55/R17 SPORT LM705 94V,215/55/R17,3,1,0.02%,"₱19,142.86",3
MICHELIN,MICHELIN 255/40/R18 PILOT SPORT 5 99Y,255/40/R18,2,1,0.01%,"₱19,125",2
YOKOHAMA,YOKOHAMA 205/55/R16 BLUEARTH ES32 91V,205/55/R16,2,2,0.03%,"₱19,122.32",4
WESTLAKE,WESTLAKE 245/40Z/R18 SA37,null,2,2,0.03%,"₱19,035.71",4
YOKOHAMA,YOKOHAMA 195/55/R15 BLUEARTH ES32 85H,195/55/R15,4,1,0.03%,"₱19,031.25",4
ATLAS,ATLAS 235/50/R18 FORCE HP 97/Y,235/50/R18,4,1,0.03%,"₱18,981.61",4
DUNLOP,DUNLOP 185/65/R15 ENASAVE EC300+ 88S,185/65/R15,4,1,0.03%,"₱18,953.57",4
APOLLO,APOLLO 225/45/R17 ASPIRE 4G+,225/45/R17,4,1,0.03%,"₱18,950.89",4
MICHELIN,MICHELIN 265/60/R18 PRIMACY SUV+ 110H,265/60/R18,1,2,0.01%,"₱18,946.43",2
DUNLOP,DUNLOP 235/60/R17 SP LT30A 109T,235/60/R17,1,2,0.01%,"₱18,937.5",2
ARIVO,ARIVO 225/60/R17 PREMIO ARZ1 99H,225/60/R17,5,1,0.04%,"₱18,880.36",5
WESTLAKE,WESTLAKE 235/45/ZR19 SUPERIDE 1,null,4,1,0.03%,"₱18,750",4
ARIVO,ARIVO 175/70/R14 PREMIO ARZ1 84T,175/70/R14,2,4,0.06%,"₱18,723.21",8
DEESTONE,DEESTONE 225/60/R17 ROYAL TOURER 99H,225/60/R17,4,1,0.03%,"₱18,620.54",4
DUNLOP,DUNLOP 185/65/R15 ENASAVE EC300 88T,185/65/R15,4,1,0.03%,"₱18,603.21",4
NANKANG,NANKANG 215/55/R16 NS-2 93V,215/55/R16,4,1,0.03%,"₱18,539.29",4
FRONWAY,FRONWAY 195/65/R15 ECOGREEN ONE 95H,195/65/R15,4,2,0.06%,"₱18,533.93",8
NANKANG,NANKANG 265/35/R18 NS-2R 97Y,265/35/R18,2,1,0.01%,"₱18,527.14",2
MICHELIN,MICHELIN 175/50/R15 ENERGY XM2+ 79H,175/50/R15,4,1,0.03%,"₱18,522.32",4
MICHELIN,MICHELIN 235/45/R18 PILOT SPORT 5 98Y,235/45/R18,2,1,0.01%,"₱18,517.86",2
TOYO,TOYO 265/60/R18 PXST3 114V,265/60/R18,2,1,0.01%,"₱18,491.07",2
DEESTONE,DEESTONE 175/65/R14 NAKARA R201 82H,175/65/R14,4,2,0.06%,"₱18,481.96",8
GOODYEAR,GOODYEAR 255/55/R20 WRANGLER TERRITORY HT 110V,255/55/R20,1,1,0.01%,"₱18,419.64",1
ARIVO,ARIVO 245/40/R19 ULTRA ARZ5 --,245/40/R19,4,1,0.03%,"₱18,415.89",4
NANKANG,NANKANG 175/50/R13 NS-2R 72V,175/50/R13,4,1,0.03%,"₱18,360.71",4
APOLLO,APOLLO 265/65/R17 APTERRA A/T2 112T,265/65/R17,2,1,0.01%,"₱18,321.43",2
FRONWAY,FRONWAY 245/70/R16 ROCKBLADE AT 107/T,245/70/R16,4,1,0.03%,"₱18,274.11",4
BRIDGESTONE,BRIDGESTONE 195/60/R15 ECOPIA EP300 88V,195/60/R15,4,1,0.03%,"₱18,274.11",4
YOKOHAMA,YOKOHAMA 195/50/R15 BLUEARTH ES32 82V,195/50/R15,4,1,0.03%,"₱18,214.29",4
WESTLAKE,WESTLAKE 245/40Z/R18 SA37,null,4,1,0.03%,"₱18,204.82",4
MICHELIN,MICHELIN 215/70/R16C AGILIS 3 108/106T,215/70/R16,2,1,0.01%,"₱18,160.71",2
BFGOODRICH,BFGOODRICH 205/65/R15 ADVANTAGE TOURING 99H,205/65/R15,4,1,0.03%,"₱18,132.14",4
YOKOHAMA,YOKOHAMA 215/60/R17 GEOLANDAR CV G058 96H,215/60/R17,2,1,0.01%,"₱18,116.07",2
ATLAS,ATLAS 225/55/R17 FORCE HP 97W,225/55/R17,4,1,0.03%,"₱18,098.21",4
LAUFENN,LAUFENN 225/60/R17 G FIT AS 99T,225/60/R17,4,1,0.03%,"₱18,031.25",4
ARIVO,ARIVO 185/70/R13 PREMIO ARZ1,185/70/R13,4,2,0.06%,"₱18,028.93",8
BFGOODRICH,BFGOODRICH 265/60/R18 ADVANTAGE TOURING 110H,265/60/R18,2,1,0.01%,"₱18,023.3",2
CONTINENTAL,CONTINENTAL 185/60/R15 COMFORT CONTACT 7 84H,185/60/R15,4,1,0.03%,"₱17,975",4
FRONWAY,FRONWAY 195/55/R15 ECOGREEN 66 85V,195/55/R15,4,2,0.06%,"₱17,944.82",8
MICHELIN,MICHELIN 215/45/R18 PRIMACY 4 ST 93W,215/45/R18,2,1,0.01%,"₱17,857.14",2
TOYO,TOYO 225/55/R18 OPRT 109Q,225/55/R18,2,1,0.01%,"₱17,857.14",2
KINTO,KINTO 215/45/ZR17 FORZA 001 91W,null,4,1,0.03%,"₱17,846.96",4
ARIVO,ARIVO 195/60/R16 PREMIO ARZ1 89H,195/60/R16,2,3,0.04%,"₱17,839.29",6
NANKANG,NANKANG 205/50/R16 NS-2 87V,205/50/R16,4,1,0.03%,"₱17,806.43",4
FRONWAY,FRONWAY 185/65/R15 ECOGREEN ONE 88H,185/65/R15,4,2,0.06%,"₱17,789.11",8
PIRELLI,PIRELLI 195/65/R15 POWERGY 91V,195/65/R15,4,1,0.03%,"₱17,789.11",4
BFGOODRICH,BFGOODRICH 265/50/R20 ADVANTAGE TOURING 111T,265/50/R20,2,1,0.01%,"₱17,741.07",2
LAUFENN,LAUFENN 205/65/R16C X FIT VAN 107/105 T,205/65/R16,4,1,0.03%,"₱17,667.86",4
ATLAS,ATLAS 205/60/R16 FORCE HP 92/V,205/60/R16,5,1,0.04%,"₱17,624.55",5
GOODYEAR,GOODYEAR 235/70/R15 WRANGLER AT SILENTRAC OWL 103T,235/70/R15,2,1,0.01%,"₱17,563.66",2
DURATURN,DURATURN 225/70/R16 TRAVIA A/T 103T,225/70/R16,4,1,0.03%,"₱17,549.82",4
GOODYEAR,GOODYEAR 175/65/R14 ASSURANCE DURAPLUS 2 84H,175/65/R14,4,1,0.03%,"₱17,543.93",4
WESTLAKE,WESTLAKE 215/70/R15 RP36,215/70/R15,5,1,0.04%,"₱17,362.05",5
ARIVO,ARIVO 165/65/R14 PREMIO ARZ1 79T,165/65/R14,4,2,0.06%,"₱17,291.43",8
FRONWAY,FRONWAY 185/55/R15 ECOGREEN ONE 82V,185/55/R15,4,2,0.06%,"₱17,232.14",8
MICHELIN,MICHELIN 225/65/R17 PRIMACY SUV+ 106H,225/65/R17,1,2,0.01%,"₱17,232.14",2
WESTLAKE,WESTLAKE 165/70/R14 RP36,165/70/R14,4,2,0.06%,"₱17,218.21",8
BFGOODRICH,BFGOODRICH 185/65/R15 ADVANTAGE TOURING 88H,185/65/R15,4,1,0.03%,"₱17,217.5",4
DUNLOP,DUNLOP 235/55/R18 SPORT LM705 100V,235/55/R18,2,1,0.01%,"₱17,142.86",2
DUNLOP,DUNLOP 185/R14C SP VAN 01 102R,185/R14C,4,1,0.03%,"₱17,053.57",4
WESTLAKE,WESTLAKE 235/45Z/R18 SA37,null,4,1,0.03%,"₱17,053.57",4
FRONWAY,FRONWAY 235/60/R18 ROADPOWER HT 79 107/H XL,235/60/R18,4,1,0.03%,"₱17,008.93",4
MICHELIN,MICHELIN 215/50/R17 PILOT SPORT 4 95W,215/50/R17,2,1,0.01%,"₱16,964.29",2
PIRELLI,PIRELLI 185/65/R15 POWERGY 88H,185/65/R15,4,1,0.03%,"₱16,957.68",4
BRIDGESTONE,BRIDGESTONE 185/60/R15 ECOPIA EP300 84V,185/60/R15,2,2,0.03%,"₱16,866.07",4
LAUFENN,LAUFENN 215/70/R15C X FIT VAN 109/107S,215/70/R15,4,1,0.03%,"₱16,853.75",4
LAUFENN,LAUFENN 285/30/ZR19 Z FIT EQ 94Y,null,2,1,0.01%,"₱16,852.05",2
WESTLAKE,WESTLAKE 195/R14C SL366,195/R14C,4,1,0.03%,"₱16,816.07",4
ATLAS,ATLAS 225/60/R17 FORCE HP 99H,225/60/R17,4,1,0.03%,"₱16,677.86",4
MICHELIN,MICHELIN 175/70/R13 ENERGY XM2+,175/70/R13,4,1,0.03%,"₱16,553.57",4
BFGOODRICH,BFGOODRICH 185/55/R16 ADVANTAGE TOURING 87H,185/55/R16,4,1,0.03%,"₱16,549.29",4
ATLAS,ATLAS 225/45/R18 FORCE UHP 95/Y,225/45/R18,4,1,0.03%,"₱16,541.96",4
FALKEN,FALKEN 195/60/R15 ZIEX ZE310 ECORUN 88H,195/60/R15,4,1,0.03%,"₱16,539.29",4
WESTLAKE,WESTLAKE 165/80/R13 RP26,165/80/R13,2,4,0.06%,"₱16,508.3",8
BRIDGESTONE,BRIDGESTONE 225/50/R18 TURANZA T005A RFT 95V,225/50/R18,1,1,0.01%,"₱16,500",1
MICHELIN,MICHELIN 255/40/ZR19 PILOT SPORT 5 100Y,null,1,1,0.01%,"₱16,455.36",1
MICHELIN,MICHELIN 265/65/R17 PRIMACY SUV+ 112H,265/65/R17,1,2,0.01%,"₱16,446.43",2
BFGOODRICH,BFGOODRICH 185/60/R15 ADVANTAGE TOURING 84H,185/60/R15,4,1,0.03%,"₱16,390",4
NANKANG,NANKANG 165/40/R17 NS-20 75V,165/40/R17,4,1,0.03%,"₱16,368.75",4
ARISUN,ARISUN 215/60/R17 ARESTA ZG02 96H,215/60/R17,4,1,0.03%,"₱16,307.98",4
VREDESTEIN,VREDESTEIN 205/55/R17 ULTRAC 95V,205/55/R17,2,1,0.01%,"₱16,303.57",2
ARIVO,ARIVO 225/70/R16 TERRANO ARV H/T 103H,225/70/R16,4,1,0.03%,"₱16,282.14",4
WESTLAKE,WESTLAKE 265/65/R17 SL378,265/65/R17,2,1,0.01%,"₱16,276.79",2
WESTLAKE,WESTLAKE 165/65/R14 RP18,165/65/R14,2,4,0.06%,"₱16,264.29",8
APOLLO,APOLLO 235/40/R18 ASPIRE 4G+,235/40/R18,2,1,0.01%,"₱16,258.93",2
ARIVO,ARIVO 235/50/R18 ULTRA ARZ5 97V,235/50/R18,2,2,0.03%,"₱16,232.14",4
FRONWAY,FRONWAY 225/55/R18 EURUS 08 102V,225/55/R18,4,1,0.03%,"₱16,226.25",4
DUNLOP,DUNLOP 175/70/R14 SPORT LM704 84H,175/70/R14,4,1,0.03%,"₱16,178.21",4
DUNLOP,DUNLOP 185/65/R14 SPORT LM705 86H,185/65/R14,4,1,0.03%,"₱16,160.89",4
HANKOOK,HANKOOK 195/65/R15 KINERGY ECO2 91H,195/65/R15,4,1,0.03%,"₱16,074.29",4
APOLLO,APOLLO 195/R15C ALTRUST GRIP,195/R15C,4,1,0.03%,"₱16,071.43",4
YOKOHAMA,YOKOHAMA 205/65/R16 BLUEARTH E70B 95H,205/65/R16,2,1,0.01%,"₱16,071.43",2
BRIDGESTONE,BRIDGESTONE 205/55/R17 ECOPIA EP150,205/55/R17,2,1,0.01%,"₱16,071.43",2
ARIVO,ARIVO 205/65/R16 PREMIO ARZ1,205/65/R16,6,1,0.04%,"₱16,071.43",6
LAUFENN,LAUFENN 205/60/R16 G FIT AS 92V,205/60/R16,2,2,0.03%,"₱16,026.79",4
ARIVO,ARIVO 215/60/R17 PREMIO ARZ1,215/60/R17,2,2,0.03%,"₱16,000",4
WESTLAKE,WESTLAKE 225/50/R17 Z-007,225/50/R17,2,2,0.03%,"₱15,937.5",4
NANKANG,NANKANG 195/R15C CW25 106/104R,195/R15C,4,1,0.03%,"₱15,928.57",4
BFGOODRICH,BFGOODRICH 175/65/R15 ADVANTAGE TOURING 84H,175/65/R15,4,1,0.03%,"₱15,915.18",4
LAUFENN,LAUFENN 205/70/R15C X FIT VAN 106/104R,205/70/R15,4,1,0.03%,"₱15,866.43",4
YOKOHAMA,YOKOHAMA 185/55/R16 BLUEARTH ES32 83V,185/55/R16,1,3,0.02%,"₱15,861.61",3
ARIVO,ARIVO 195/65/R15 PREMIO ARZ1 91V,195/65/R15,2,3,0.04%,"₱15,847.32",6
DUNLOP,DUNLOP 165/65/R14 ENASAVE EC300 79S,165/65/R14,4,1,0.03%,"₱15,835.71",4
DUNLOP,DUNLOP 175/65/R14 SPORT LM705 82H,175/65/R14,4,1,0.03%,"₱15,814.46",4
FRONWAY,FRONWAY 205/65/R15 ECOGREEN ONE 94H,205/65/R15,2,3,0.04%,"₱15,789.29",6
WESTLAKE,WESTLAKE 215/70/R16 SU318,215/70/R16,2,2,0.03%,"₱15,714.29",4
LAUFENN,LAUFENN 195/70/R15C X FIT VAN 104/102R,195/70/R15,4,1,0.03%,"₱15,710.54",4
BRIDGESTONE,BRIDGESTONE 205/50/R17 TURANZA T005A,205/50/R17,2,1,0.01%,"₱15,705.36",2
WESTLAKE,WESTLAKE 225/45/R18 SA37,225/45/R18,4,1,0.03%,"₱15,658.57",4
YOKOHAMA,YOKOHAMA 165/65/R14 BLUEARTH ES32 79T,165/65/R14,4,1,0.03%,"₱15,593.75",4
NANKANG,NANKANG 205/45/R17 NS-2 88V,205/45/R17,4,1,0.03%,"₱15,571.96",4
DUNLOP,DUNLOP 215/45/R17 DIREZZA DZ102 91W,215/45/R17,3,1,0.02%,"₱15,522.32",3
WESTLAKE,WESTLAKE 185/60/R15 RP36,185/60/R15,2,3,0.04%,"₱15,517.86",6
LAUFENN,LAUFENN 205/65/R16 G FIT AS 95H,205/65/R16,2,2,0.03%,"₱15,428.57",4
BRIDGESTONE,BRIDGESTONE 185/70/R14 ECOPIA EP150 88H,185/70/R14,4,1,0.03%,"₱15,365.36",4
ARIVO,ARIVO 165/60/R14 PREMIO ARZ1 75H,165/60/R14,4,2,0.06%,"₱15,346.79",8
VREDESTEIN,VREDESTEIN 205/60/R16 ULTRAC I 92V,205/60/R16,4,1,0.03%,"₱15,290.18",4
ARIVO,ARIVO 225/60/R17 PREMIO ARZ1 99H,225/60/R17,2,2,0.03%,"₱15,270.36",4
FALKEN,FALKEN 185/65/R15 SINCERA SN-832I 88T,185/65/R15,2,2,0.03%,"₱15,267.86",4
FRONWAY,FRONWAY 205/65/R16C VANPLUS 09 107/105/R,205/65/R16,4,1,0.03%,"₱15,242.86",4
WESTLAKE,WESTLAKE 215/70/R16 SU318,215/70/R16,4,1,0.03%,"₱15,242.86",4
ARIVO,ARIVO 215/45/R18 ULTRA ARZ5,215/45/R18,4,1,0.03%,"₱15,222.86",4
DUNLOP,DUNLOP 175/65/R14 ENASAVE EC300+ 82T,175/65/R14,4,1,0.03%,"₱15,178.57",4
WESTLAKE,WESTLAKE 215/50/R17 SA37,215/50/R17,2,2,0.03%,"₱15,178.57",4
ARIVO,ARIVO 215/70/R16 TERRANO ARV H/T 100,215/70/R16,4,1,0.03%,"₱15,178.57",4
PIRELLI,PIRELLI 225/65/R17 POWERGY 102H,225/65/R17,2,1,0.01%,"₱15,151.79",2
PIRELLI,PIRELLI 215/45/R18 POWERGY 93W,215/45/R18,2,1,0.01%,"₱15,151.79",2
ARIVO,ARIVO 225/55/R17 ULTRA ARZ5 101W,225/55/R17,4,1,0.03%,"₱15,084.29",4
WESTLAKE,WESTLAKE 225/55/R18 SU318,225/55/R18,3,1,0.02%,"₱15,067.5",3
LAUFENN,LAUFENN 265/70/R17 X FIT HT 121/118S,265/70/R17,2,1,0.01%,"₱15,035.71",2
CST,CST 205/55/R16 MEDALLION MD-A7 91V,205/55/R16,4,1,0.03%,"₱15,004.29",4
FRONWAY,FRONWAY 215/70/R16 ROADPOWER HT 79 100/H,215/70/R16,2,2,0.03%,"₱15,000",4
YOKOHAMA,YOKOHAMA 265/65/R17 GEOLANDAR A/T 4 G018 112H,265/65/R17,1,1,0.01%,"₱14,982.14",1
MICHELIN,MICHELIN 165/60/R14 ENERGY XM2+ 79T,165/60/R14,4,1,0.03%,"₱14,973.21",4
FALKEN,FALKEN 195/55/R15 SINCERA SN-832I 85H,195/55/R15,4,1,0.03%,"₱14,948.39",4
GOODYEAR,GOODYEAR 195/R15C CARGO MARATHON 2 106S,195/R15C,2,1,0.01%,"₱14,937.5",2
NANKANG,NANKANG 205/45/R16 NS-2 87V,205/45/R16,4,1,0.03%,"₱14,931.07",4
APOLLO,APOLLO 205/55/R16 ALNAC 4G 92V,205/55/R16,4,1,0.03%,"₱14,901.79",4
ARIVO,ARIVO 235/45/R18 ULTRA ARZ4 98W,235/45/R18,4,1,0.03%,"₱14,896.43",4
DUNLOP,DUNLOP 205/60/R17 ENASAVE EC300+ 94H,205/60/R17,1,2,0.01%,"₱14,870.54",2
DUNLOP,DUNLOP 265/55/R20 GRANDTREK AT30 113V,265/55/R20,1,1,0.01%,"₱14,866.07",1
MICHELIN,MICHELIN 185/65/R14 ENERGY XM2+ 86H,185/65/R14,2,1,0.01%,"₱14,830.36",2
WESTLAKE,WESTLAKE 215/55/R16 SA37,215/55/R16,4,1,0.03%,"₱14,809.82",4
ARIVO,ARIVO 235/45/R18 ULTRA ARZ5 98W,235/45/R18,4,1,0.03%,"₱14,807.14",4
APOLLO,APOLLO 185/60/R15 ALNAC 4G 84H,185/60/R15,5,1,0.04%,"₱14,750",5
DEESTONE,DEESTONE 205/65/R15 NAKARA R301 94H,205/65/R15,4,1,0.03%,"₱14,696.43",4
WESTLAKE,WESTLAKE 205/65/R16 RP26,205/65/R16,2,2,0.03%,"₱14,675.8",4
ARIVO,ARIVO 235/60/R16 PREMIO ARZ1 100H,235/60/R16,4,1,0.03%,"₱14,550",4
NANKANG,NANKANG 225/35/R20 NS-2 90Y,225/35/R20,1,1,0.01%,"₱14,464.29",1
BFGOODRICH,BFGOODRICH 175/65/R14 ADVANTAGE TOURING 82H,175/65/R14,4,1,0.03%,"₱14,376.79",4
DUNLOP,DUNLOP 215/60/R17 ENASAVE EC300+ 96H,215/60/R17,2,1,0.01%,"₱14,285.71",2
WESTLAKE,WESTLAKE 225/50/R17 SUPERIDE 1,225/50/R17,4,1,0.03%,"₱14,285.71",4
ARIVO,ARIVO 225/45/R18 ULTRA ARZ5,225/45/R18,4,1,0.03%,"₱14,272.32",4
APOLLO,APOLLO 195/70/R14 ALNAC 91H,195/70/R14,4,1,0.03%,"₱14,223.21",4
FRONWAY,FRONWAY 235/50/R18 EURUS 08 97/V,235/50/R18,2,2,0.03%,"₱14,210.71",4
YOKOHAMA,YOKOHAMA 215/70/R16 GEOLANDAR CV G058 100H,215/70/R16,2,1,0.01%,"₱14,205.36",2
FALKEN,FALKEN 185/55/R15 SINCERA SN-832I 85H,185/55/R15,4,1,0.03%,"₱14,200.89",4
ARIVO,ARIVO 205/50/R17 ULTRA ARZ4,205/50/R17,2,2,0.03%,"₱14,096.43",4
ARIVO,ARIVO 215/55/R17 PREMIO ARZ1 94V,215/55/R17,4,1,0.03%,"₱14,030.36",4
CONTINENTAL,CONTINENTAL 225/50/R18 PREMIUM CONTACT 6 SSR 95W,225/50/R18,1,1,0.01%,"₱14,026.79",1
HANKOOK,HANKOOK 185/65/R14 KINERGY ECO2 86T,185/65/R14,4,1,0.03%,"₱14,010.36",4
LAUFENN,LAUFENN 245/30/ZR20 Z FIT EQ 90Y,null,2,1,0.01%,"₱14,000",2
VREDESTEIN,VREDESTEIN 205/65/R16 ULTRAC I,205/65/R16,4,1,0.03%,"₱13,964.29",4
DUNLOP,DUNLOP 225/45/R17 SPORT LM705 94W,225/45/R17,2,1,0.01%,"₱13,883.93",2
BFGOODRICH,BFGOODRICH 225/55/R18 ADVANTAGE TOURING 98H,225/55/R18,2,1,0.01%,"₱13,877.68",2
ARIVO,ARIVO 225/40/R18 ULTRA ARZ4 92H,225/40/R18,2,2,0.03%,"₱13,875",4
BFGOODRICH,BFGOODRICH 235/75/R15 ALL-TERRAIN T/A KO2 104S,235/75/R15,1,1,0.01%,"₱13,857.14",1
MICHELIN,MICHELIN 215/55/R16 PRIMACY 4 ST 97W,215/55/R16,2,1,0.01%,"₱13,857.14",2
MICHELIN,MICHELIN 235/55/R19 PILOT SPORT 4 SUV 105Y,235/55/R19,1,1,0.01%,"₱13,839.29",1
VREDESTEIN,VREDESTEIN 195/55/R16 ULTRAC I,195/55/R16,4,1,0.03%,"₱13,767.86",4
LAUFENN,LAUFENN 205/45/ZR17 S FIT AS 88W XL,null,2,2,0.03%,"₱13,750",4
BRIDGESTONE,BRIDGESTONE 215/55/R16 POTENZA RE004 ADRENALIN 97W,215/55/R16,2,1,0.01%,"₱13,669.64",2
YOKOHAMA,YOKOHAMA 175/65/R14 BLUEARTH ES32 82T,175/65/R14,2,2,0.03%,"₱13,553.57",4
FRONWAY,FRONWAY 205/70/R15C VANPLUS 09 106/104/R,205/70/R15,4,1,0.03%,"₱13,545.36",4
LAUFENN,LAUFENN 205/55/ZR16 G FIT AS 94V,null,2,2,0.03%,"₱13,474.91",4
FALKEN,FALKEN 185/70/R14 SINCERA SN-832I 88T,185/70/R14,4,1,0.03%,"₱13,474.64",4
NANKANG,NANKANG 165/45/R16 NS-20 74V,165/45/R16,4,1,0.03%,"₱13,404.11",4
DUNLOP,DUNLOP 165/65/R13 SP TOURING R1 77T,165/65/R13,4,1,0.03%,"₱13,392.86",4
ARIVO,ARIVO 215/65/R16 PREMIO ARZ1 98H,215/65/R16,2,2,0.03%,"₱13,392.86",4
DURATURN,DURATURN 195/65/R15 MOZZO 4S+ 91V,195/65/R15,5,1,0.04%,"₱13,333.48",5
LINGLONG,LINGLONG 215/60/R17 COMFORT MASTER 96H,215/60/R17,4,1,0.03%,"₱13,319.46",4
LAUFENN,LAUFENN 265/70/R16 X FIT HT 112T,265/70/R16,2,1,0.01%,"₱13,280.27",2
WESTLAKE,WESTLAKE 195/70/R14 RP36,195/70/R14,5,1,0.04%,"₱13,229.24",5
LAUFENN,LAUFENN 265/60/R18 X FIT HT 110V,265/60/R18,2,1,0.01%,"₱13,214.29",2
WESTLAKE,WESTLAKE 265/40/R22 SA57,265/40/R22,2,1,0.01%,"₱13,213.84",2
ARIVO,ARIVO 195/65/R15 PREMIO ARZ1 91V,195/65/R15,5,1,0.04%,"₱13,207.59",5
DUNLOP,DUNLOP 215/50/R17 SPORT LM705 95V,215/50/R17,1,2,0.01%,"₱13,187.5",2
VREDESTEIN,VREDESTEIN 195/65/R15 ULTRAC I 91V,195/65/R15,4,1,0.03%,"₱13,187.5",4
FRONWAY,FRONWAY 215/45/R18 EURUS 08 93W,215/45/R18,4,1,0.03%,"₱13,164.29",4
ARIVO,ARIVO 155/65/R13 PREMIO ARZ1 73T,155/65/R13,4,2,0.06%,"₱13,160.36",8
WESTLAKE,WESTLAKE 205/50/R16 SA37,205/50/R16,4,1,0.03%,"₱13,111.61",4
HANKOOK,HANKOOK 185/70/R14 KINERGY ECO2 88T,185/70/R14,4,1,0.03%,"₱13,093.57",4
WESTLAKE,WESTLAKE 185/55/R15 RP26,185/55/R15,5,1,0.04%,"₱13,080.36",5
DUNLOP,DUNLOP 225/40/R18 SPORT LM705 92W,225/40/R18,2,1,0.01%,"₱13,062.5",2
FRONWAY,FRONWAY 235/60/R16 ECOGREEN 66 100/H,235/60/R16,4,1,0.03%,"₱13,060.36",4
ARIVO,ARIVO 275/55/R20 TERRAMAX ARV PRO A/T S117,275/55/R20,2,1,0.01%,"₱13,026.79",2
FRONWAY,FRONWAY 215/55/ZR16 EURUS 08 97W,null,4,1,0.03%,"₱13,008.39",4
APOLLO,APOLLO 225/60/R18 APTERRA HT2,225/60/R18,2,1,0.01%,"₱12,946.43",2
FRONWAY,FRONWAY 185//R14C VANPLUS 09 102/100/R,null,5,1,0.04%,"₱12,926.12",5
ARIVO,ARIVO 195/R15C TRANSITO ARZ 6-C 106/104R,195/R15C,4,1,0.03%,"₱12,891.07",4
NANKANG,NANKANG 165/80/R15 CX668 87T,165/80/R15,4,1,0.03%,"₱12,887.14",4
ARIVO,ARIVO 225/45/R17 ULTRA ARZ4,225/45/R17,4,1,0.03%,"₱12,852.5",4
FRONWAY,FRONWAY 195/70/R15C VANPLUS 09 104/102/R,195/70/R15,4,1,0.03%,"₱12,828.57",4
BRIDGESTONE,BRIDGESTONE 205/65/R16 TURANZA T005A,205/65/R16,1,2,0.01%,"₱12,812.5",2
LAUFENN,LAUFENN 265/65/R17 X FIT AT 112T,265/65/R17,2,1,0.01%,"₱12,767.86",2
BRIDGESTONE,BRIDGESTONE 235/65/R16 DURAVIS R660 115T,235/65/R16,1,1,0.01%,"₱12,741.07",1
YOKOHAMA,YOKOHAMA 195/55/R15 BLUEARTH ES32 85H,195/55/R15,2,1,0.01%,"₱12,732.14",2
ATLAS,ATLAS 265/60/R18 PARALLER 4X4 HP 111/V,265/60/R18,2,1,0.01%,"₱12,705.36",2
WESTLAKE,WESTLAKE 195/R14C SC328,195/R14C,4,1,0.03%,"₱12,696.61",4
LAUFENN,LAUFENN 265/70/R16 X FIT AT 112T,265/70/R16,2,1,0.01%,"₱12,687.5",2
NANKANG,NANKANG 165/55/R14 AS-1 72V,165/55/R14,4,1,0.03%,"₱12,644.64",4
LAUFENN,LAUFENN 195/50/R16 S FIT EQ 84V,195/50/R16,2,2,0.03%,"₱12,642.86",4
LAUFENN,LAUFENN 205/45/ZR16 S FIT EQ 83W,null,4,1,0.03%,"₱12,627.32",4
CST,CST 195/55/R15 MARQUIS MR-C5 85V,195/55/R15,4,1,0.03%,"₱12,624.64",4
WESTLAKE,WESTLAKE 155/R12C H550,155/R12C,2,4,0.06%,"₱12,599.64",8
BRIDGESTONE,BRIDGESTONE 205/50/R16 POTENZA RE004 ADRENALIN 87W,205/50/R16,2,1,0.01%,"₱12,589.29",2
FRONWAY,FRONWAY 215/50/R17 EURUS 08 95W,215/50/R17,4,1,0.03%,"₱12,506.07",4
LAUFENN,LAUFENN 195/55/R16 S FIT EQ 87V,195/55/R16,4,1,0.03%,"₱12,436.79",4
APOLLO,APOLLO 235/55/R19 APTERRA HT 2,235/55/R19,1,1,0.01%,"₱12,433.04",1
MICHELIN,MICHELIN 225/50/R18 PRIMACY 4 ST DT RP 95V TL,225/50/R18,1,1,0.01%,"₱12,424.11",1
YOKOHAMA,YOKOHAMA 205/65/R15 BLUEARTH ES32 94H,205/65/R15,2,1,0.01%,"₱12,401.79",2
WESTLAKE,WESTLAKE 265/70/R15 SU318,265/70/R15,2,1,0.01%,"₱12,401.79",2
LAUFENN,LAUFENN 175/70/R14 G FIT AS 82T,175/70/R14,5,1,0.04%,"₱12,384.82",5
FRONWAY,FRONWAY 185/55/R15 ECOGREEN ONE 82V,185/55/R15,2,3,0.04%,"₱12,366.07",6
BRIDGESTONE,BRIDGESTONE 225/55/R18 DUELER H/P SPORT,225/55/R18,1,1,0.01%,"₱12,345.54",1
BRIDGESTONE,BRIDGESTONE 205/60/R16 ECOPIA EP300 92V,205/60/R16,2,1,0.01%,"₱12,342.86",2
WESTLAKE,WESTLAKE 205/70/R14 RP26,205/70/R14,4,1,0.03%,"₱12,294.29",4
DEESTONE,DEESTONE 195/60/R15 NAKARA R201 88V,195/60/R15,4,1,0.03%,"₱12,280.89",4
PIRELLI,PIRELLI 205/55/R17 POWERGY 95W,205/55/R17,2,1,0.01%,"₱12,276.79",2
ATLAS,ATLAS 205/65/R15 FORCE HP 94/H,205/65/R15,4,1,0.03%,"₱12,263.57",4
WESTLAKE,WESTLAKE 185/R14C SC328,185/R14C,4,1,0.03%,"₱12,263.57",4
CONTINENTAL,CONTINENTAL 225/55/R18 CROSS CONTACT LX 2 98V,225/55/R18,1,1,0.01%,"₱12,258.93",1
GOODYEAR,GOODYEAR 195/50/R16 ASSURANCE MAXGUARD 84V,195/50/R16,2,1,0.01%,"₱12,214.29",2
DURATURN,DURATURN 265/60/R18 TRAVIA A/T2 110H,265/60/R18,2,1,0.01%,"₱12,207.05",2
APOLLO,APOLLO 195/70/R15C ALTRUST +,195/70/R15,2,1,0.01%,"₱12,160.71",2
DUNLOP,DUNLOP 215/55/R17 SPORT LM705 94V,215/55/R17,2,1,0.01%,"₱12,035.71",2
WESTLAKE,WESTLAKE 185/R14 H160 C8,null,4,1,0.03%,"₱12,035.71",4
FRONWAY,FRONWAY 195//R14C VANPLUS 09 106/104/R,null,4,1,0.03%,"₱12,034.46",4
WESTLAKE,WESTLAKE 265/70/R16 SU318,265/70/R16,2,1,0.01%,"₱11,991.07",2
ARIVO,ARIVO 205/50/R16 ULTRA ARZ4 91W,205/50/R16,2,2,0.03%,"₱11,955.36",4
WESTLAKE,WESTLAKE 185/70/R14 RP36,185/70/R14,5,1,0.04%,"₱11,908.48",5
YOKOHAMA,YOKOHAMA 185/60/R15 BLUEARTH ES32 84H,185/60/R15,2,1,0.01%,"₱11,892.86",2
FALKEN,FALKEN 175/65/R14 SINCERA SN-832I 82T,175/65/R14,4,1,0.03%,"₱11,849.11",4
ARIVO,ARIVO 205/50/R16 ULTRA ARZ4 91W,205/50/R16,4,1,0.03%,"₱11,847.86",4
LAUFENN,LAUFENN 195/50/R16 S FIT EQ 84V,195/50/R16,4,1,0.03%,"₱11,817.14",4
LAUFENN,LAUFENN 205/65/R15 G FIT AS 94H,205/65/R15,4,1,0.03%,"₱11,817.14",4
ATLAS,ATLAS 195/65/R15 FORCE HP 91/H,195/65/R15,4,1,0.03%,"₱11,813.21",4
WESTLAKE,WESTLAKE 215/70/R16 SU318,215/70/R16,3,1,0.02%,"₱11,785.71",3
ARIVO,ARIVO 265/70/R15 TERRANO ARV H/T,265/70/R15,2,1,0.01%,"₱11,767.86",2
ARIVO,ARIVO 265/60/R18 TERRAMAX ARV PRO A/T,265/60/R18,1,2,0.01%,"₱11,758.93",2
ATLAS,ATLAS 185/55/R16 AS380NB 83/V,185/55/R16,4,1,0.03%,"₱11,743.93",4
FRONWAY,FRONWAY 205/65/R16 ECOGREEN 66 95/H,205/65/R16,4,1,0.03%,"₱11,568.04",4
FRONWAY,FRONWAY 205/55/R16 ECOGREEN 66,205/55/R16,4,1,0.03%,"₱11,550.71",4
DEESTONE,DEESTONE 185/65/R15 NAKARA R201 88H,185/65/R15,4,1,0.03%,"₱11,536.07",4
DEESTONE,DEESTONE 195/55/R15 CARRERAS R702 85 V,195/55/R15,4,1,0.03%,"₱11,536.07",4
BRIDGESTONE,BRIDGESTONE 215/55/R17 TURANZA ER33 94V,215/55/R17,1,2,0.01%,"₱11,535.71",2
BRIDGESTONE,BRIDGESTONE 185/55/R16 ECOPIA EP300 83V,185/55/R16,2,1,0.01%,"₱11,535.71",2
ARIVO,ARIVO 175/55/R15 PREMIO ARZ1,175/55/R15,1,5,0.04%,"₱11,522.32",5
ARIVO,ARIVO 205/50/R16 ULTRA ARZ5 91W,205/50/R16,4,1,0.03%,"₱11,518.75",4
LAUFENN,LAUFENN 165/65/R14 G FIT EQ 79T,165/65/R14,5,1,0.04%,"₱11,497.1",5
ATLAS,ATLAS 185/65/R15 FORCE HP 88/H,185/65/R15,4,1,0.03%,"₱11,466.79",4
WESTLAKE,WESTLAKE 205/55/R17 SA37,205/55/R17,3,1,0.02%,"₱11,450.89",3
YOKOHAMA,YOKOHAMA 185/60/R15 ASPEC DB E70B 84H,185/60/R15,1,2,0.01%,"₱11,433.04",2
WESTLAKE,WESTLAKE 205/55/R17 SA37,205/55/R17,1,3,0.02%,"₱11,383.93",3
VREDESTEIN,VREDESTEIN 185/65/R15 ULTRAC I,185/65/R15,4,1,0.03%,"₱11,325.89",4
YOKOHAMA,YOKOHAMA 175/55/R15 BLUEARTH ES32 77V,175/55/R15,1,3,0.02%,"₱11,303.57",3
ARIVO,ARIVO 175/R14C TRANSITO ARZ 6-M,175/R14C,2,2,0.03%,"₱11,273.3",4
MICHELIN,MICHELIN 255/35/ZR18 PILOT SPORT 5 94Y XL TL,null,1,1,0.01%,"₱11,250",1
YOKOHAMA,YOKOHAMA 195/R14C SUPERVAN Y356 106/104P,195/R14C,2,1,0.01%,"₱11,250",2
ARIVO,ARIVO 215/65/R16 PREMIO ARZ1 98H,215/65/R16,3,1,0.02%,"₱11,250",3
CONTINENTAL,CONTINENTAL 205/60/R16 ULTRA CONTACT UC 7 96V,205/60/R16,2,1,0.01%,"₱11,241.07",2
ARIVO,ARIVO 265/60/R18 TERRANO ARV H/T,265/60/R18,2,1,0.01%,"₱11,187.5",2
DEESTONE,DEESTONE 195/50/R15 CARRERAS R702 85 V,195/50/R15,4,1,0.03%,"₱11,160.71",4
WESTLAKE,WESTLAKE 235/45Z/R19 Z-007,null,2,1,0.01%,"₱11,133.93",2
WESTLAKE,WESTLAKE 225/55/R19 SU318,225/55/R19,2,1,0.01%,"₱11,125",2
PIRELLI,PIRELLI 235/40/R18 POWERGY 95W,235/40/R18,1,1,0.01%,"₱11,111.61",1
DEESTONE,DEESTONE 185/70/R13 VINCENTE R203 86H,185/70/R13,4,1,0.03%,"₱11,099.11",4
FRONWAY,FRONWAY 205/50/R17 EURUS 08 93W XL,205/50/R17,4,1,0.03%,"₱11,095.36",4
FRONWAY,FRONWAY 265/60/R18 ROCKBLADE AT II 110/T,265/60/R18,2,1,0.01%,"₱11,071.43",2
VREDESTEIN,VREDESTEIN 175/65/R14 T-TRAC 2 86T,175/65/R14,4,1,0.03%,"₱11,062.5",4
LAUFENN,LAUFENN 175/65/R14 G FIT AS 82T,175/65/R14,5,1,0.04%,"₱11,042.41",5
FRONWAY,FRONWAY 195/55/R15 ECOGREEN ONE 85V,195/55/R15,5,1,0.04%,"₱11,042.41",5
FRONWAY,FRONWAY 255/60/R18 ROADPOWER HT 79 112H,255/60/R18,2,1,0.01%,"₱10,991.07",2
YOKOHAMA,YOKOHAMA 205/70/R15 GEOLANDAR A/T G015 96H,205/70/R15,2,1,0.01%,"₱10,945.98",2
FRONWAY,FRONWAY 195/60/R16 ECOGREEN ONE 89H,195/60/R16,4,1,0.03%,"₱10,929.82",4
FRONWAY,FRONWAY 195/60/R16 ECOGREEN 66 89H,195/60/R16,4,1,0.03%,"₱10,929.82",4
FRONWAY,FRONWAY 205/70/R15 ECOGREEN ONE 96T,205/70/R15,2,2,0.03%,"₱10,925.45",4
WESTLAKE,WESTLAKE 235/50/R18 Z-007,235/50/R18,2,1,0.01%,"₱10,901.79",2
FRONWAY,FRONWAY 185/65/R15 ECOGREEN 66 88/H,185/65/R15,5,1,0.04%,"₱10,823.21",5
CONTINENTAL,CONTINENTAL 235/50/R18 ULTRA CONTACT UC 7 101W,235/50/R18,1,1,0.01%,"₱10,812.5",1
ATLAS,ATLAS 235/60/R18 FORCE HP 107/V,235/60/R18,2,1,0.01%,"₱10,794.64",2
MICHELIN,MICHELIN 205/50/ZR17 PILOT SPORT 4 ST 93W,null,1,1,0.01%,"₱10,767.86",1
YOKOHAMA,YOKOHAMA 255/70/R15 GEOLANDAR H/T G056 108H,255/70/R15,1,1,0.01%,"₱10,758.93",1
ARIVO,ARIVO 195/60/R15 PREMIO ARZ1,195/60/R15,2,2,0.03%,"₱10,750",4
DEESTONE,DEESTONE 265/50/R20 STORMZ RS 111V,265/50/R20,2,1,0.01%,"₱10,748.57",2
BRIDGESTONE,BRIDGESTONE 225/45/R18 POTENZA RE004 ADRENALIN 95W,225/45/R18,1,1,0.01%,"₱10,741.07",1
FRONWAY,FRONWAY 185/55/R16 ECOGREEN 66 83/V,185/55/R16,2,2,0.03%,"₱10,732.14",4
WESTLAKE,WESTLAKE 195/60/R15 RP36,195/60/R15,2,2,0.03%,"₱10,712.23",4
GOODYEAR,GOODYEAR 235/50/R18 ASSURANCE MAXGUARD SUV 103W,235/50/R18,1,1,0.01%,"₱10,696.43",1
BRIDGESTONE,BRIDGESTONE 205/65/R15 ECOPIA EP300 94V,205/65/R15,2,1,0.01%,"₱10,660.71",2
MICHELIN,MICHELIN 205/45/R17 PILOT SPORT 5 88Y,205/45/R17,1,1,0.01%,"₱10,647.32",1
ARIVO,ARIVO 205/45/R16 ULTRA ARZ4 87W,205/45/R16,4,1,0.03%,"₱10,631.25",4
DUNLOP,DUNLOP 275/55/R20 GRANDTREK AT5 113T,275/55/R20,1,1,0.01%,"₱10,571.43",1
WESTLAKE,WESTLAKE 225/55/R18 SU318,225/55/R18,2,1,0.01%,"₱10,544.64",2
WESTLAKE,WESTLAKE 235/50/R18 SA37,235/50/R18,2,1,0.01%,"₱10,544.64",2
DEESTONE,DEESTONE 175/70/R14 NAKARA R201 84H,175/70/R14,4,1,0.03%,"₱10,514.11",4
KINTO,KINTO 175/65/R14 SC-901 86H,175/65/R14,4,1,0.03%,"₱10,476.79",4
MICHELIN,MICHELIN 185/65/R15 ENERGY XM2+ 88H,185/65/R15,2,1,0.01%,"₱10,464.29",2
WESTLAKE,WESTLAKE 195/60/R14 RP36,195/60/R14,4,1,0.03%,"₱10,447.5",4
ATLAS,ATLAS 175/65/R15 FORCE HP 84/H,175/65/R15,4,1,0.03%,"₱10,444.82",4
NANKANG,NANKANG 175/65/R14 SP-9,175/65/R14,4,1,0.03%,"₱10,432.14",4
BRIDGESTONE,BRIDGESTONE 275/70/R16 DUELER A/T 697 OWT 114S,275/70/R16,1,1,0.01%,"₱10,379.46",1
ATLAS,ATLAS 185/55/R15 FORCE HP 82/V,185/55/R15,4,1,0.03%,"₱10,358.21",4
WESTLAKE,WESTLAKE 195/55/R15 RP36,195/55/R15,4,1,0.03%,"₱10,358.21",4
ARIVO,ARIVO 235/55/R19 ULTRA ARZ4,235/55/R19,2,1,0.01%,"₱10,357.14",2
TOYO,TOYO 225/55/R18 OPRT 98Q,225/55/R18,1,1,0.01%,"₱10,343.75",1
BRIDGESTONE,BRIDGESTONE 195/65/R15 ECOPIA EP300 91V,195/65/R15,2,1,0.01%,"₱10,339.29",2
APOLLO,APOLLO 185/70/R13 ALNAC 86H,185/70/R13,4,1,0.03%,"₱10,339.29",4
CST,CST 185/65/R14 MARQUIS MR-C5 86H,185/65/R14,4,1,0.03%,"₱10,328.21",4
WESTLAKE,WESTLAKE 225/60/R18 SU318,225/60/R18,2,1,0.01%,"₱10,321.43",2
MICHELIN,MICHELIN 225/50/R18 PRIMACY 4 ST 95V,225/50/R18,1,1,0.01%,"₱10,267.86",1
BRIDGESTONE,BRIDGESTONE 265/60/R18 DUELER H/T 684 (RBT) 110H,265/60/R18,1,1,0.01%,"₱10,245.54",1
CONTINENTAL,CONTINENTAL 185/70/R14 COMFORT CONTACT 7 88H,185/70/R14,2,1,0.01%,"₱10,232.14",2
LAUFENN,LAUFENN 175/70/R14 G FIT AS 82T,175/70/R14,2,2,0.03%,"₱10,214.29",4
WESTLAKE,WESTLAKE 225/55/R18 SU318,225/55/R18,1,2,0.01%,"₱10,160.71",2
FRONWAY,FRONWAY 195/50/R16 ECOGREEN ONE 88V,195/50/R16,4,1,0.03%,"₱10,089.64",4
APOLLO,APOLLO 165/65/R13 AMAZER XP 77H,165/65/R13,4,1,0.03%,"₱10,084.82",4
BRIDGESTONE,BRIDGESTONE 175/65/R15 TURANZA ER370 84T,175/65/R15,2,1,0.01%,"₱10,041.43",2
MICHELIN,MICHELIN 255/40/R18 PILOT SPORT 5 99Y,255/40/R18,1,1,0.01%,"₱10,008.93",1
DUNLOP,DUNLOP 185/65/R15 ENASAVE EC300+ 88H,185/65/R15,2,1,0.01%,"₱10,000",2
ATLAS,ATLAS 185/70/R14 CROSSWIND ECO 88/T,185/70/R14,4,1,0.03%,"₱9,939.82",4
LAUFENN,LAUFENN 185/70/R13 G FIT AS 86H,185/70/R13,4,1,0.03%,"₱9,907.86",4
DUNLOP,DUNLOP 185/70/R14 SPORT LM705 88H,185/70/R14,2,1,0.01%,"₱9,830.36",2
WESTLAKE,WESTLAKE 215/55/R18 SA37,215/55/R18,2,1,0.01%,"₱9,821.43",2
WESTLAKE,WESTLAKE 215/45Z/R17 Sport RS,null,2,1,0.01%,"₱9,821.43",2
BRIDGESTONE,BRIDGESTONE 215/55/R18 TURANZA T005A 95V,215/55/R18,1,1,0.01%,"₱9,821.43",1
ATLAS,ATLAS 225/55/R17 FORCE HP 97W,225/55/R17,2,1,0.01%,"₱9,821.43",2
WESTLAKE,WESTLAKE 155/70/R13 RP36,155/70/R13,2,3,0.04%,"₱9,812.5",6
ARIVO,ARIVO 195/45/R15 ULTRA ARZ5 82V,195/45/R15,2,2,0.03%,"₱9,807.86",4
BFGOODRICH,BFGOODRICH 205/65/R16 ADVANTAGE TOURING 95H,205/65/R16,2,1,0.01%,"₱9,803.57",2
WESTLAKE,WESTLAKE 185/70/R14 RP26,185/70/R14,4,1,0.03%,"₱9,786.61",4
ATLAS,ATLAS 185/70/R13 CROSSWIND ECO 86/T,185/70/R13,4,1,0.03%,"₱9,700",4
WESTLAKE,WESTLAKE 195/50/R15 RP36,195/50/R15,4,1,0.03%,"₱9,690",4
FRONWAY,FRONWAY 245/70/R16 ROCKBLADE AT 107/T,245/70/R16,2,1,0.01%,"₱9,687.5",2
DUNLOP,DUNLOP 225/70/R17 GRANDTREK AT5  108S,225/70/R17,1,1,0.01%,"₱9,656.25",1
ARIVO,ARIVO 245/35/R20 ULTRA ARZ5 95W,245/35/R20,2,1,0.01%,"₱9,589.29",2
FRONWAY,FRONWAY 195/65/R15 ECOGREEN 66 91/H,195/65/R15,4,1,0.03%,"₱9,526.79",4
MICHELIN,MICHELIN 215/65/R16 PRIMACY SUV+ 102H,215/65/R16,1,1,0.01%,"₱9,495.54",1
WESTLAKE,WESTLAKE 205/45/R17 SA37,205/45/R17,3,1,0.02%,"₱9,486.61",3
HANKOOK,HANKOOK 205/55/R16 VENTUS PRIME 3 91W,205/55/R16,2,1,0.01%,"₱9,482.14",2
APOLLO,APOLLO 185/65/R15 ALNAC 4G 88H,185/65/R15,1,2,0.01%,"₱9,433.04",2
LAUFENN,LAUFENN 215/70/R16C X FIT VAN 109/107S,215/70/R16,2,1,0.01%,"₱9,387.32",2
WESTLAKE,WESTLAKE 225/70/R16 SU318,225/70/R16,2,1,0.01%,"₱9,383.93",2
MICHELIN,MICHELIN 205/50/R17 PRIMACY 4 ST 93W,205/50/R17,1,1,0.01%,"₱9,375",1
ATLAS,ATLAS 235/70/R15 PARALLER 4X4 HP 106/H,235/70/R15,2,1,0.01%,"₱9,375",2
FRONWAY,FRONWAY 195/60/R15 ECOGREEN 66 88/H,195/60/R15,4,1,0.03%,"₱9,353.57",4
DUNLOP,DUNLOP 185/70/R14 ENASAVE EC300+ 88S,185/70/R14,1,2,0.01%,"₱9,325.89",2
WESTLAKE,WESTLAKE 185/60/R14 RP36,185/60/R14,4,1,0.03%,"₱9,301.61",4
LAUFENN,LAUFENN 225/60/R17 G FIT AS 99T,225/60/R17,2,1,0.01%,"₱9,294.64",2
FRONWAY,FRONWAY 185/55/R16 ECOGREEN ONE 87V,185/55/R16,4,1,0.03%,"₱9,285.71",4
ARIVO,ARIVO 215/60/R16 PREMIO ARZ1,215/60/R16,2,1,0.01%,"₱9,285.71",2
FRONWAY,FRONWAY 185/65/R15 ECOGREEN ONE 88H,185/65/R15,2,2,0.03%,"₱9,245.89",4
MICHELIN,MICHELIN 205/50/R17 PILOT SPORT 4 93W,205/50/R17,1,1,0.01%,"₱9,209.82",1
PIRELLI,PIRELLI 195/55/R15 POWERGY 85V,195/55/R15,2,1,0.01%,"₱9,169.64",2
LAUFENN,LAUFENN 205/65/R16C X FIT VAN 107/105 T,205/65/R16,2,1,0.01%,"₱9,107.14",2
ARIVO,ARIVO 235/60/R17 TERRANO ARV H/T 102H,235/60/R17,2,1,0.01%,"₱9,098.21",2
APOLLO,APOLLO 195/R15C ALTRUST GRIP,195/R15C,2,1,0.01%,"₱9,087.05",2
ARIVO,ARIVO 185/55/R15 PREMIO ARZ1,185/55/R15,1,4,0.03%,"₱9,058.04",4
YOKOHAMA,YOKOHAMA 185/55/R16 BLUEARTH ES32 83V,185/55/R16,2,1,0.01%,"₱9,045.54",2
NANKANG,NANKANG 195/40/R17 AS-1 81H,195/40/R17,2,1,0.01%,"₱9,044.64",2
TOYO,TOYO 245/50/R20 PXST3 102V,245/50/R20,1,1,0.01%,"₱9,044.64",1
BRIDGESTONE,BRIDGESTONE 205/55/R17 ECOPIA EP150,205/55/R17,1,1,0.01%,"₱8,991.07",1
DUNLOP,DUNLOP 245/70/R16 GRANDTREK AT20 111S,245/70/R16,1,1,0.01%,"₱8,964.29",1
CST,CST 175/65/R14 MARQUIS MR-C5 82H,175/65/R14,4,1,0.03%,"₱8,959.11",4
BRIDGESTONE,BRIDGESTONE 195/70/R14 ECOPIA EP150 91H,195/70/R14,2,1,0.01%,"₱8,928.57",2
DEESTONE,DEESTONE 215/65/R16 PAYAK R601 102 XLH,215/65/R16,2,1,0.01%,"₱8,928.57",2
WESTLAKE,WESTLAKE 215/65/R17 SU318,215/65/R17,2,1,0.01%,"₱8,928.57",2
TOYO,TOYO 235/65/R16 NEVA 115S,235/65/R16,1,1,0.01%,"₱8,924.11",1
LINGLONG,LINGLONG 225/55/R19 SPORT MASTER 103Y,225/55/R19,2,1,0.01%,"₱8,909.55",2
ARIVO,ARIVO 205/65/R16 PREMIO ARZ1,205/65/R16,1,3,0.02%,"₱8,906.25",3
DURATURN,DURATURN 225/65/R17 MOZZO STX - H/T 106V,225/65/R17,2,1,0.01%,"₱8,848.21",2
FRONWAY,FRONWAY 185/70/R14 ECOGREEN 66 88/H,185/70/R14,2,2,0.03%,"₱8,839.29",4
FRONWAY,FRONWAY 195/55/R15 ECOGREEN ONE 85V,195/55/R15,4,1,0.03%,"₱8,833.93",4
CST,CST 225/50/R16 MEDALLION MD-A1 92V,225/50/R16,2,1,0.01%,"₱8,830.36",2
ARIVO,ARIVO 195/60/R16 PREMIO ARZ1 89H,195/60/R16,1,3,0.02%,"₱8,741.07",3
LAUFENN,LAUFENN 285/30/ZR19 Z FIT EQ 94Y,null,1,1,0.01%,"₱8,736.61",1
FRONWAY,FRONWAY 175/65/R15 ECOGREEN 66 84/H,175/65/R15,4,1,0.03%,"₱8,730",4
WESTLAKE,WESTLAKE 225/60/R17 SU318,225/60/R17,2,1,0.01%,"₱8,723.21",2
NANKANG,NANKANG 235/85/R16 AT-5 120/116R,235/85/R16,1,1,0.01%,"₱8,691.03",1
BFGOODRICH,BFGOODRICH 185/60/R15 ADVANTAGE TOURING 84H,185/60/R15,2,1,0.01%,"₱8,678.57",2
DURATURN,DURATURN 225/55/R18 MOZZO S360 98V,225/55/R18,2,1,0.01%,"₱8,678.57",2
FRONWAY,FRONWAY 235/60/R18 ROADPOWER HT 79 107/H XL,235/60/R18,2,1,0.01%,"₱8,678.57",2
LAUFENN,LAUFENN 215/60/R17 G FIT AS 96T,215/60/R17,2,1,0.01%,"₱8,642.86",2
BRIDGESTONE,BRIDGESTONE 185/70/R14 ECOPIA EP150 88H,185/70/R14,2,1,0.01%,"₱8,637.5",2
DURATURN,DURATURN 225/55/R17 MOZZO SPORT 101W,225/55/R17,2,1,0.01%,"₱8,598.21",2
MICHELIN,MICHELIN 225/45/R18 PRIMACY 4 ST 95W,225/45/R18,1,1,0.01%,"₱8,598.21",1
CST,CST 155/80/R13 MARQUIS MR61 79T,155/80/R13,4,1,0.03%,"₱8,588.75",4
FRONWAY,FRONWAY 215/60/R17C VANPLUS 09 109/107/T,215/60/R17,2,1,0.01%,"₱8,571.43",2
DUNLOP,DUNLOP 235/55/R18 SPORT LM705 100V,235/55/R18,1,1,0.01%,"₱8,571.43",1
WESTLAKE,WESTLAKE 225/40/R18 SPORT RS,225/40/R18,2,1,0.01%,"₱8,571.43",2
DUNLOP,DUNLOP 245/45/R18 DIREZZA DZ102 100W,245/45/R18,1,1,0.01%,"₱8,558.04",1
ARIVO,ARIVO 225/70/R15C TRANSITO ARZ 6-C 112/110R,225/70/R15,2,1,0.01%,"₱8,526.79",2
ARIVO,ARIVO 225/55/R18 ULTRA ARZ5 102W,225/55/R18,1,2,0.01%,"₱8,517.86",2
ARIVO,ARIVO 165/60/R15 PREMIO ARZ1 81H,165/60/R15,4,1,0.03%,"₱8,504.82",4
ARIVO,ARIVO 215/70/R16 TERRANO ARV H/T 100,215/70/R16,2,1,0.01%,"₱8,500",2
DEESTONE,DEESTONE 195/70/R15C PAYAK R402 8PR 104/102 R,195/70/R15,2,1,0.01%,"₱8,500",2
FRONWAY,FRONWAY 185/70/R14 ECOGREEN 66 88/H,185/70/R14,4,1,0.03%,"₱8,487.5",4
FRONWAY,FRONWAY 185/70/R14 ECOGREEN ONE 88H,185/70/R14,4,1,0.03%,"₱8,487.5",4
LAUFENN,LAUFENN 165/80/R13 G FIT EQ 83T,165/80/R13,4,1,0.03%,"₱8,482.14",4
DEESTONE,DEESTONE 165/R13C KACHA R101 94/92 R,165/R13C,3,1,0.02%,"₱8,477.68",3
MICHELIN,MICHELIN 185/60/R15 ENERGY XM2+ 88H,185/60/R15,2,1,0.01%,"₱8,464.29",2
WESTLAKE,WESTLAKE 235/40/ZR18 SA37,null,1,2,0.01%,"₱8,428.57",2
ARIVO,ARIVO 175/50/R15 PREMIO ARZ1 75H,175/50/R15,2,2,0.03%,"₱8,392.86",4
WESTLAKE,WESTLAKE 185/70/R13 RP36,185/70/R13,4,1,0.03%,"₱8,363.57",4
BRIDGESTONE,BRIDGESTONE 185/65/R15 ECOPIA EP300 88H,185/65/R15,1,2,0.01%,"₱8,357.14",2
ATLAS,ATLAS 175/65/R14 FORCE HP 82/H,175/65/R14,4,1,0.03%,"₱8,303.57",4
WESTLAKE,WESTLAKE 225/55/R17 SA37,225/55/R17,2,1,0.01%,"₱8,285.71",2
HANKOOK,HANKOOK 195/65/R15 KINERGY ECO2 91H,195/65/R15,2,1,0.01%,"₱8,196.43",2
LAUFENN,LAUFENN 205/70/R15C X FIT VAN 106/104R,205/70/R15,2,1,0.01%,"₱8,178.57",2
YOKOHAMA,YOKOHAMA 185/60/R15 ASPEC DB E70B 84H,185/60/R15,2,1,0.01%,"₱8,176.34",2
ARIVO,ARIVO 155/65/R14 PREMIO ARZ1,155/65/R14,4,1,0.03%,"₱8,158.39",4
ATLAS,ATLAS 185/60/R15 FORCE HP 84/H,185/60/R15,3,1,0.02%,"₱8,142.86",3
LINGLONG,LINGLONG 175/55/R15 COMFORT MASTER 77T,175/55/R15,4,1,0.03%,"₱8,141.07",4
FRONWAY,FRONWAY 225/55/R18 EURUS 08 102V,225/55/R18,2,1,0.01%,"₱8,133.93",2
ARIVO,ARIVO 155/65/R14 PREMIO ARZ1,155/65/R14,2,2,0.03%,"₱8,125",4
KINTO,KINTO 205/45/ZR17 FORZA 001 88W,null,2,1,0.01%,"₱8,125",2
ARIVO,ARIVO 225/65/R17 PREMIO ARZ1 102H,225/65/R17,2,1,0.01%,"₱8,121.96",2
FRONWAY,FRONWAY 215/70/R16C VANPLUS 09 108/106/R,215/70/R16,2,1,0.01%,"₱8,107.14",2
BFGOODRICH,BFGOODRICH 185/65/R14 ADVANTAGE TOURING 90H,185/65/R14,2,1,0.01%,"₱8,096.79",2
WESTLAKE,WESTLAKE 205/70/R15 SC328,205/70/R15,2,1,0.01%,"₱8,071.43",2
BLACK,BLACK ARROW 195/55/R15 SUPER DART P03 85V,195/55/R15,4,1,0.03%,"₱8,035.71",4
DEESTONE,DEESTONE 195/R15C KACHA R101 106/104 R,195/R15C,2,1,0.01%,"₱8,035.71",2
CST,CST 205/65/R16 MEDALLION MD-A7 95V,205/65/R16,2,1,0.01%,"₱8,026.79",2
WESTLAKE,WESTLAKE 225/45/R18 SA37,225/45/R18,2,1,0.01%,"₱7,990.71",2
WESTLAKE,WESTLAKE 225/45Z/R18 SA37,null,2,1,0.01%,"₱7,982.14",2
WESTLAKE,WESTLAKE 195/70/R15 SC328,195/70/R15,2,1,0.01%,"₱7,982.14",2
BLACK,BLACK ARROW 185/65/R15 SUPER DART P16 88H,185/65/R15,4,1,0.03%,"₱7,950.54",4
MICHELIN,MICHELIN 205/65/R16 PRIMACY 4ST 95V,205/65/R16,1,1,0.01%,"₱7,933.04",1
DUNLOP,DUNLOP 165/65/R14 ENASAVE EC300 79S,165/65/R14,2,1,0.01%,"₱7,901.79",2
FRONWAY,FRONWAY 175/70/R14 ECOGREEN ONE 84T,175/70/R14,4,1,0.03%,"₱7,881.25",4
DEESTONE,DEESTONE 205/60/R16 PREMIUM TOURER 92H,205/60/R16,2,1,0.01%,"₱7,857.14",2
WESTLAKE,WESTLAKE 225/40Z/R18 SA37,null,2,1,0.01%,"₱7,857.14",2
ARIVO,ARIVO 225/50/R18 ULTRA ARZ5,225/50/R18,2,1,0.01%,"₱7,839.29",2
ARIVO,ARIVO 225/55/R17 ULTRA ARZ5 101W,225/55/R17,2,1,0.01%,"₱7,821.43",2
LAUFENN,LAUFENN 215/60/R16 G FIT AS 95H,215/60/R16,2,1,0.01%,"₱7,812.5",2
LAUFENN,LAUFENN 235/50/R19 S FIT AS 103 XLV,235/50/R19,1,1,0.01%,"₱7,799.11",1
WESTLAKE,WESTLAKE 165/80/R13 RP26,165/80/R13,4,1,0.03%,"₱7,791.96",4
FRONWAY,FRONWAY 185/65/R14 ECOGREEN 66 86/H,185/65/R14,2,2,0.03%,"₱7,785.71",4
ARIVO,ARIVO 175/50/R15 PREMIO ARZ1 75H,175/50/R15,4,1,0.03%,"₱7,705.36",4
YOKOHAMA,YOKOHAMA 185/55/R15 BLUEARTH AE01 82V,185/55/R15,1,2,0.01%,"₱7,704.91",2
YOKOHAMA,YOKOHAMA 185/55/R15 BLUEARTH ES32 82H,185/55/R15,1,2,0.01%,"₱7,696.43",2
YOKOHAMA,YOKOHAMA 185/55/R15 BLUEARTH ES32 82H,185/55/R15,2,1,0.01%,"₱7,696.43",2
WESTLAKE,WESTLAKE 215/65/R16 RP26,215/65/R16,2,1,0.01%,"₱7,689.29",2
ARIVO,ARIVO 175/70/R13 PREMIO ARZ1  82T,175/70/R13,4,1,0.03%,"₱7,653.39",4
KINTO,KINTO 205/55/R16 SC-900 91V/W,205/55/R16,2,1,0.01%,"₱7,645.09",2
FRONWAY,FRONWAY 175/50/R15 ECOGREEN ONE 75H,175/50/R15,2,2,0.03%,"₱7,640.18",4
FRONWAY,FRONWAY 185/65/R14 ECOGREEN 66 86/H,185/65/R14,4,1,0.03%,"₱7,638.75",4
WESTLAKE,WESTLAKE 215/55/R17 SA37,215/55/R17,2,1,0.01%,"₱7,633.93",2
PIRELLI,PIRELLI 205/65/R16 CNT-ROSSO 95H,205/65/R16,1,1,0.01%,"₱7,633.93",1
BLACK,BLACK ARROW 185/65/R15 SUPER DART P16 88H,185/65/R15,2,2,0.03%,"₱7,628.66",4
CST,CST 155/65/R13 MARQUIS MR61 73T,155/65/R13,4,1,0.03%,"₱7,586.79",4
MICHELIN,MICHELIN 185/65/R15 ENERGY XM2+ 88H,185/65/R15,1,1,0.01%,"₱7,562.5",1
DURATURN,DURATURN 205/55/R17 MOZZO S360 95V,205/55/R17,2,1,0.01%,"₱7,544.64",2
FRONWAY,FRONWAY 235/55/R18 EURUS 08 104/V XL,235/55/R18,2,1,0.01%,"₱7,491.07",2
ARIVO,ARIVO 175/70/R13 PREMIO ARZ1 82T,175/70/R13,4,1,0.03%,"₱7,448.21",4
ARIVO,ARIVO 185/65/R15 PREMIO ARZ1 88H,185/65/R15,3,1,0.02%,"₱7,441.87",3
WESTLAKE,WESTLAKE 225/45/R17 SA37,225/45/R17,1,2,0.01%,"₱7,419.64",2
WESTLAKE,WESTLAKE 215/60/R16 RP36,215/60/R16,2,1,0.01%,"₱7,419.64",2
DUNLOP,DUNLOP 205/55/R17 ENASAVE EC300+ 91V,205/55/R17,1,1,0.01%,"₱7,415.18",1
BFGOODRICH,BFGOODRICH 175/65/R14 ADVANTAGE TOURING 82H,175/65/R14,2,1,0.01%,"₱7,414.29",2
BLACK,BLACK ARROW 175/65/R14 SUPER BOW SPORT SP01 82H,175/65/R14,4,1,0.03%,"₱7,344.29",4
LAUFENN,LAUFENN 165/65/R13 G FIT AS 77T,165/65/R13,4,1,0.03%,"₱7,296.25",4
WESTLAKE,WESTLAKE 175/55/R15 RP26,175/55/R15,3,1,0.02%,"₱7,247.77",3
ARIVO,ARIVO 195/50/R15 PREMIO ARZ1 82V,195/50/R15,3,1,0.02%,"₱7,223.21",3
WESTLAKE,WESTLAKE 165/60/R14 RP36,165/60/R14,4,1,0.03%,"₱7,188.39",4
LAUFENN,LAUFENN 185/65/R15 G FIT AS 88H,185/65/R15,2,1,0.01%,"₱7,142.86",2
ARIVO,ARIVO 215/55/R17 PREMIO ARZ1 94V,215/55/R17,2,1,0.01%,"₱7,142.86",2
WESTLAKE,WESTLAKE 205/50/R17 SA37,205/50/R17,2,1,0.01%,"₱7,124.46",2
FRONWAY,FRONWAY 175/70/R13 ECOGREEN ONE 82T,175/70/R13,4,1,0.03%,"₱7,032.5",4
FRONWAY,FRONWAY 175/70/R13 ECOGREEN 66 82/T,175/70/R13,4,1,0.03%,"₱7,029.82",4
FRONWAY,FRONWAY 195/65/R15 ECOGREEN ONE 95H,195/65/R15,3,1,0.02%,"₱7,021.87",3
WESTLAKE,WESTLAKE 205/70/R15 RP36,205/70/R15,2,1,0.01%,"₱6,955.36",2
LAUFENN,LAUFENN 195/R14C X FIT VAN 106/104R,195/R14C,2,1,0.01%,"₱6,937.5",2
FRONWAY,FRONWAY 165/65/R14 ECOGREEN ONE 79T,165/65/R14,4,1,0.03%,"₱6,885.89",4
FALKEN,FALKEN 175/65/R14 SINCERA SN-832I 82T,175/65/R14,2,1,0.01%,"₱6,857.14",2
DUNLOP,DUNLOP 215/65/R16 SPORT LM705 98H,215/65/R16,1,1,0.01%,"₱6,852.68",1
LAUFENN,LAUFENN 215/55/R18 S FIT AS 99V,215/55/R18,1,1,0.01%,"₱6,843.75",1
WESTLAKE,WESTLAKE 205/50/R17 SA37,205/50/R17,1,2,0.01%,"₱6,820.63",2
MICHELIN,MICHELIN 195/65/R15 ENERGY XM2+ 91V,195/65/R15,1,1,0.01%,"₱6,776.79",1
MICHELIN,MICHELIN 225/70/R15 LTX TRAIL 104T,225/70/R15,1,1,0.01%,"₱6,750",1
WESTLAKE,WESTLAKE 195/60/R16 RP36,195/60/R16,2,1,0.01%,"₱6,732.14",2
FRONWAY,FRONWAY 235/60/R16 ECOGREEN 66 100/H,235/60/R16,2,1,0.01%,"₱6,732.14",2
APOLLO,APOLLO 185/60/R15 ALNAC 4G 84H,185/60/R15,2,1,0.01%,"₱6,723.21",2
FRONWAY,FRONWAY 165/60/R14 ECOGREEN 66 75/H,165/60/R14,4,1,0.03%,"₱6,718.04",4
ARIVO,ARIVO 215/55/R16 PREMIO ARZ1,215/55/R16,2,1,0.01%,"₱6,714.29",2
WESTLAKE,WESTLAKE 205/60/R16 RP36,205/60/R16,2,1,0.01%,"₱6,669.64",2
LAUFENN,LAUFENN 175/65/R15 G FIT AS 84H,175/65/R15,2,1,0.01%,"₱6,639.29",2
FRONWAY,FRONWAY 225/40/R18 EURUS 08 92/W XL,225/40/R18,2,1,0.01%,"₱6,625",2
ARIVO,ARIVO 195/R14C TRANSITO ARZ 6-C 106/104R,195/R14C,2,1,0.01%,"₱6,589.29",2
ARIVO,ARIVO 225/45/R17 ULTRA ARZ4,225/45/R17,2,1,0.01%,"₱6,580.36",2
WESTLAKE,WESTLAKE 155/65/R13 RP26,155/65/R13,4,1,0.03%,"₱6,578.21",4
FRONWAY,FRONWAY 215/60/R16 ECOGREEN 66 95/H XL,215/60/R16,2,1,0.01%,"₱6,526.79",2
DEESTONE,DEESTONE 195/55/R15 CARRERAS R702 85 V,195/55/R15,2,1,0.01%,"₱6,473.21",2
FRONWAY,FRONWAY 175/65/R14 ECOGREEN 55 82/T,175/65/R14,4,1,0.03%,"₱6,440.89",4
FRONWAY,FRONWAY 195//R15C VANPLUS 09 106/104/R,null,2,1,0.01%,"₱6,437.5",2
FRONWAY,FRONWAY 225/55/R17 EURUS 08 101/W XL,225/55/R17,2,1,0.01%,"₱6,428.57",2
WESTLAKE,WESTLAKE 255/50/R20 SUPERIDE 1,255/50/R20,1,1,0.01%,"₱6,428.57",1
ARIVO,ARIVO 175/50/R15 PREMIO ARZ1 75H,175/50/R15,3,1,0.02%,"₱6,428.57",3
DUNLOP,DUNLOP 215/55/R17 SPORT LM705 94V,215/55/R17,1,1,0.01%,"₱6,410.71",1
LAUFENN,LAUFENN 195/55/R16 S FIT EQ 87V,195/55/R16,2,1,0.01%,"₱6,410.71",2
ARIVO,ARIVO 215/45/R17 ULTRA ARZ4 91W,215/45/R17,2,1,0.01%,"₱6,408.04",2
FRONWAY,FRONWAY 195/70/R15C VANPLUS 09 104/102/R,195/70/R15,2,1,0.01%,"₱6,339.29",2
WESTLAKE,WESTLAKE 165/80/R13 RP26,165/80/R13,3,1,0.02%,"₱6,285.71",3
ARIVO,ARIVO 265/50/R20 TERRAMAX ARV PRO A/T 111S,265/50/R20,1,1,0.01%,"₱6,276.79",1
NANKANG,NANKANG 195/50/R15 NS-2 82V,195/50/R15,2,1,0.01%,"₱6,267.86",2
ARIVO,ARIVO 195/R15C TRANSITO ARZ 6-C 106/104R,195/R15C,2,1,0.01%,"₱6,250",2
ATLAS,ATLAS 205/65/R15 FORCE HP 94/H,205/65/R15,2,1,0.01%,"₱6,250",2
MICHELIN,MICHELIN 175/65/R15 ENERGY XM2+ 84H,175/65/R15,1,1,0.01%,"₱6,196.43",1
LAUFENN,LAUFENN 195/65/R15 G FIT AS 91V,195/65/R15,2,1,0.01%,"₱6,187.5",2
PIRELLI,PIRELLI 205/55/R17 POWERGY 95W,205/55/R17,1,1,0.01%,"₱6,183.04",1
YOKOHAMA,YOKOHAMA 195/60/R15 BLUEARTH ES32 88H,195/60/R15,1,1,0.01%,"₱6,178.57",1
DEESTONE,DEESTONE 265/50/R20 STORMZ RS 111V,265/50/R20,1,1,0.01%,"₱6,165.18",1
LAUFENN,LAUFENN 225/35/ZR19 Z FIT EQ 88Y,null,1,1,0.01%,"₱6,107.14",1
WESTLAKE,WESTLAKE 205/40Z/R17 SA37,null,2,1,0.01%,"₱6,107.14",2
FRONWAY,FRONWAY 215/65/R16 ECOGREEN 66 98/H,215/65/R16,2,1,0.01%,"₱6,096.43",2
CST,CST 185/60/R15 MARQUIS MR-C5 84H,185/60/R15,2,1,0.01%,"₱6,026.79",2
FRONWAY,FRONWAY 215/55/R17 EURUS 08 98W,215/55/R17,2,1,0.01%,"₱6,016.87",2
FRONWAY,FRONWAY 205/65/R16 ECOGREEN 66 95/H,205/65/R16,2,1,0.01%,"₱6,008.93",2
WESTLAKE,WESTLAKE 205/65/R15 RP36,205/65/R15,2,1,0.01%,"₱6,000",2
FRONWAY,FRONWAY 205/45/R17 EURUS 08 88/W XL,205/45/R17,2,1,0.01%,"₱5,973.21",2
FRONWAY,FRONWAY 195//R14C VANPLUS 09 106/104/R,null,2,1,0.01%,"₱5,973.21",2
ATLAS,ATLAS 185/65/R15 FORCE HP 88/H,185/65/R15,2,1,0.01%,"₱5,910.71",2
ARIVO,ARIVO 205/65/R15 PREMIO ARZ1 94V,205/65/R15,2,1,0.01%,"₱5,848.21",2
DUNLOP,DUNLOP 165/80/R13 SPLT5 94N,165/80/R13,1,1,0.01%,"₱5,834.82",1
FRONWAY,FRONWAY 205/60/R16 ECOGREEN 66 92/V,205/60/R16,2,1,0.01%,"₱5,803.57",2
WESTLAKE,WESTLAKE 195/50/R16 RP26,195/50/R16,2,1,0.01%,"₱5,803.57",2
ARIVO,ARIVO 195/55/R16 PREMIO ARZ1,195/55/R16,2,1,0.01%,"₱5,776.79",2
ARIVO,ARIVO 175/65/R14 PREMIO ARZ1 82H,175/65/R14,1,3,0.02%,"₱5,732.14",3
APOLLO,APOLLO 185/60/R15 ALNAC 4G 84H,185/60/R15,1,2,0.01%,"₱5,732.14",2
WESTLAKE,WESTLAKE 195/65/R15 RP36,195/65/R15,2,1,0.01%,"₱5,719.02",2
YOKOHAMA,YOKOHAMA 175/55/R15 BLUEARTH AE01 77V,175/55/R15,1,1,0.01%,"₱5,700.89",1
ARIVO,ARIVO 185/55/R16 PREMIO ARZ1 83V,185/55/R16,1,2,0.01%,"₱5,678.57",2
ARIVO,ARIVO 185/55/R16 PREMIO ARZ1 83V,185/55/R16,2,1,0.01%,"₱5,669.64",2
FRONWAY,FRONWAY 215/45/R17 EURUS 08 91/W XL,215/45/R17,2,1,0.01%,"₱5,651.79",2
ATLAS,ATLAS 195/55/R15 GREEN 85/V,195/55/R15,2,1,0.01%,"₱5,651.79",2
ARIVO,ARIVO 195/50/R16 ULTRA ARZ5 84V,195/50/R16,2,1,0.01%,"₱5,651.79",2
CST,CST 185/65/R15 MARQUIS MR-C5 88H,185/65/R15,2,1,0.01%,"₱5,629.29",2
CST,CST 185/70/R13 MARQUIS MR61 86H,185/70/R13,2,1,0.01%,"₱5,625",2
WESTLAKE,WESTLAKE 185/80/R14 RP26,185/80/R14,2,1,0.01%,"₱5,612.95",2
BRIDGESTONE,BRIDGESTONE 195/60/R16 ECOPIA EP150 89H,195/60/R16,1,1,0.01%,"₱5,544.64",1
DUNLOP,DUNLOP 215/65/R16 GRANDTREK ST20 98H,215/65/R16,1,1,0.01%,"₱5,540.18",1
FRONWAY,FRONWAY 265/60/R18 ROCKBLADE AT II 110/T,265/60/R18,1,1,0.01%,"₱5,535.71",1
ARIVO,ARIVO 175/65/R14 PREMIO ARZ1 82H,175/65/R14,3,1,0.02%,"₱5,531.25",3
LAUFENN,LAUFENN 185/60/R15 G FIT AS 84H,185/60/R15,2,1,0.01%,"₱5,524.55",2
BRIDGESTONE,BRIDGESTONE 205/55/R16 ECOPIA EP300 91V,205/55/R16,1,1,0.01%,"₱5,464.29",1
LINGLONG,LINGLONG 205/65/R15 COMFORT MASTER 94V,205/65/R15,2,1,0.01%,"₱5,418.04",2
FRONWAY,FRONWAY 255/60/R18 ROADPOWER HT 79 112H,255/60/R18,1,1,0.01%,"₱5,406.25",1
CST,CST 185/65/R14 MARQUIS MR-C5 86H,185/65/R14,2,1,0.01%,"₱5,392.86",2
DUNLOP,DUNLOP 185/55/R16 SPORT LM705 83V,185/55/R16,1,1,0.01%,"₱5,379.46",1
CST,CST 185/70/R14 MARQUIS MR-C5 88H,185/70/R14,2,1,0.01%,"₱5,364.11",2
FRONWAY,FRONWAY 255/65/R17 ROADPOWER HT 79 110H,255/65/R17,1,1,0.01%,"₱5,325.89",1
ARIVO,ARIVO 195/50/R15 PREMIO ARZ1 82V,195/50/R15,2,1,0.01%,"₱5,321.43",2
DEESTONE,DEESTONE 175/70/R14 NAKARA R201 84H,175/70/R14,2,1,0.01%,"₱5,267.86",2
BRIDGESTONE,BRIDGESTONE 195/50/R16 TURANZA ER33 84V,195/50/R16,1,1,0.01%,"₱5,250",1
FRONWAY,FRONWAY 205/65/R15 ECOGREEN 66 94/H,205/65/R15,2,1,0.01%,"₱5,232.14",2
WESTLAKE,WESTLAKE 185/65/R14 RP36,185/65/R14,2,1,0.01%,"₱5,193.13",2
WESTLAKE,WESTLAKE 185/55/R15 RP26,185/55/R15,2,1,0.01%,"₱5,179.82",2
DURATURN,DURATURN 255/40/R19 MOZZO SPORT 100W,255/40/R19,1,1,0.01%,"₱5,120.54",1
FRONWAY,FRONWAY 175/65/R14 ECOGREEN 66 82/T,175/65/R14,3,1,0.02%,"₱5,075.89",3
BRIDGESTONE,BRIDGESTONE 175/65/R15 TURANZA ER370 84T,175/65/R15,1,1,0.01%,"₱5,071.43",1
WESTLAKE,WESTLAKE 225/60/R18 SU318,225/60/R18,1,1,0.01%,"₱5,071.43",1
ARIVO,ARIVO 185/65/R15 PREMIO ARZ1 88H,185/65/R15,1,2,0.01%,"₱5,062.5",2
WESTLAKE,WESTLAKE 215/55/R18 SA37,215/55/R18,1,1,0.01%,"₱5,049.11",1
WESTLAKE,WESTLAKE 175/70/R14 RP36,175/70/R14,2,1,0.01%,"₱5,026.79",2
ARIVO,ARIVO 235/45/R19 ULTRA ARZ4 99W,235/45/R19,1,1,0.01%,"₱5,022.32",1
DUNLOP,DUNLOP 185/65/R15 ENASAVE EC300+ 88H,185/65/R15,1,1,0.01%,"₱5,000",1
FRONWAY,FRONWAY 205/40/R17 EURUS 08 84/W XL,205/40/R17,2,1,0.01%,"₱4,982.68",2
BRIDGESTONE,BRIDGESTONE 175/65/R15 ECOPIA EP300 84H,175/65/R15,1,1,0.01%,"₱4,910.71",1
WESTLAKE,WESTLAKE 185/70/R14 RP36,185/70/R14,2,1,0.01%,"₱4,910.71",2
FRONWAY,FRONWAY 195/55/R15 ECOGREEN ONE 85V,195/55/R15,2,1,0.01%,"₱4,865.18",2
CST,CST 175/65/R14 MARQUIS MR-C5 82H,175/65/R14,2,1,0.01%,"₱4,848.21",2
DEESTONE,DEESTONE 165/65/R14 VINCENTE R203 79T,165/65/R14,2,1,0.01%,"₱4,835.09",2
ATLAS,ATLAS 215/55/R18 HP010 99H,215/55/R18,1,1,0.01%,"₱4,821.43",1
WESTLAKE,WESTLAKE 185/60/R14 RP36,185/60/R14,2,1,0.01%,"₱4,746.7",2
ARISUN,ARISUN 195/65/R15 AGGRESSOR ZP01 91H,195/65/R15,2,1,0.01%,"₱4,744.64",2
DEESTONE,DEESTONE 175/65/R14 NAKARA R201 82H,175/65/R14,2,1,0.01%,"₱4,696.43",2
ATLAS,ATLAS 215/55/R17 FORCE HP 94/V,215/55/R17,1,1,0.01%,"₱4,638.39",1
FALKEN,FALKEN 205/60/R16 ZIEX ZE310 ECORUN  92H,205/60/R16,1,1,0.01%,"₱4,616.07",1
WESTLAKE,WESTLAKE 175/55/R15 RP26,175/55/R15,1,2,0.01%,"₱4,598.21",2
LAUFENN,LAUFENN 175/70/R13 G FIT AS 82T,175/70/R13,2,1,0.01%,"₱4,596.43",2
WESTLAKE,WESTLAKE 175/50/R15 RP26,175/50/R15,1,2,0.01%,"₱4,580.36",2
LINGLONG,LINGLONG 185/60/R15 COMFORT MASTER 84H,185/60/R15,2,1,0.01%,"₱4,552.23",2
YOKOHAMA,YOKOHAMA 185/R14C SUPERVAN Y356 102/100P,185/R14C,1,1,0.01%,"₱4,517.86",1
NANKANG,NANKANG 215/60/R15 SP-9 94H,215/60/R15,1,1,0.01%,"₱4,473.21",1
APOLLO,APOLLO 215/50/R17 ASPIRE 4G+,215/50/R17,1,1,0.01%,"₱4,464.29",1
ARIVO,ARIVO 185/60/R15 PREMIO ARZ1 88H,185/60/R15,1,2,0.01%,"₱4,428.57",2
GOODYEAR,GOODYEAR 175/65/R14 ASSURANCE DURAPLUS 2 84H,175/65/R14,1,1,0.01%,"₱4,410.71",1
CST,CST 155/80/R13 MARQUIS MR61 79T,155/80/R13,2,1,0.01%,"₱4,383.93",2
FRONWAY,FRONWAY 195/50/R15 ECOGREEN 66 82/V,195/50/R15,2,1,0.01%,"₱4,383.93",2
FRONWAY,FRONWAY 175/65/R15 ECOGREEN ONE 84H,175/65/R15,2,1,0.01%,"₱4,375",2
ARIVO,ARIVO 235/50/R18 ULTRA ARZ5 97V,235/50/R18,1,1,0.01%,"₱4,375",1
WESTLAKE,WESTLAKE 165/70/R14 RP36,165/70/R14,2,1,0.01%,"₱4,357.14",2
ARISUN,ARISUN 185/65/R15 AGGRESSOR ZP01 88H,185/65/R15,2,1,0.01%,"₱4,337.5",2
BRIDGESTONE,BRIDGESTONE 185/55/R15 ECOPIA EP300 82V,185/55/R15,1,1,0.01%,"₱4,334.82",1
LINGLONG,LINGLONG 165/60/R15 COMFORT MASTER 77H,165/60/R15,2,1,0.01%,"₱4,207.5",2
DURATURN,DURATURN 225/35/R20 MOZZO SPORT 93Y,225/35/R20,1,1,0.01%,"₱4,165.18",1
WESTLAKE,WESTLAKE 225/55/R17 SA37,225/55/R17,1,1,0.01%,"₱4,142.86",1
FRONWAY,FRONWAY 195/55/R15 ECOGREEN 66 85V,195/55/R15,2,1,0.01%,"₱4,107.14",2
LAUFENN,LAUFENN 155/70/R13 G FIT EQ 75T,155/70/R13,2,1,0.01%,"₱4,089.29",2
DURATURN,DURATURN 225/40/R19 MOZZO SPORT 93W,225/40/R19,1,1,0.01%,"₱4,075.89",1
HANKOOK,HANKOOK 195/65/R15 KINERGY ECO2 91H,195/65/R15,1,1,0.01%,"₱4,053.57",1
ARIVO,ARIVO 165/65/R14 PREMIO ARZ1 79T,165/65/R14,2,1,0.01%,"₱4,035.71",2
YOKOHAMA,YOKOHAMA 185/65/R15 BLUEARTH ES32 88H,185/65/R15,1,1,0.01%,"₱3,999.78",1
ARIVO,ARIVO 175/70/R13 PREMIO ARZ1  82T,175/70/R13,2,1,0.01%,"₱3,991.07",2
ARIVO,ARIVO 165/80/R13 PREMIO ARZ1 83T,165/80/R13,2,1,0.01%,"₱3,973.21",2
MAXXIS,MAXXIS 185/60/R15 MAP5 84H,185/60/R15,1,1,0.01%,"₱3,925.89",1
FRONWAY,FRONWAY 185/65/R14 ECOGREEN ONE 86H,185/65/R14,2,1,0.01%,"₱3,915.8",2
BRIDGESTONE,BRIDGESTONE 175/65/R14 ECOPIA EP150 82H,175/65/R14,1,1,0.01%,"₱3,897.32",1
BLACK,BLACK ARROW 195/55/R15 SUPER DART P03 85V,195/55/R15,2,1,0.01%,"₱3,883.93",2
ARIVO,ARIVO 215/45/R18 ULTRA ARZ5,215/45/R18,1,1,0.01%,"₱3,857.14",1
ARIVO,ARIVO 225/45/R18 ULTRA ARZ4,225/45/R18,1,1,0.01%,"₱3,781.25",1
FRONWAY,FRONWAY 235/55/R18 EURUS 08 104/V XL,235/55/R18,1,1,0.01%,"₱3,660.71",1
ARIVO,ARIVO 225/65/R17 PREMIO ARZ1 102H,225/65/R17,1,1,0.01%,"₱3,660.71",1
ARIVO,ARIVO 215/60/R17 PREMIO ARZ1,215/60/R17,1,1,0.01%,"₱3,602.68",1
WESTLAKE,WESTLAKE 175/R14 SL312 C8,null,1,1,0.01%,"₱3,598.21",1
WESTLAKE,WESTLAKE 215/55/R17 SA37,215/55/R17,1,1,0.01%,"₱3,571.43",1
FRONWAY,FRONWAY 175/70/R13 ECOGREEN ONE 82T,175/70/R13,2,1,0.01%,"₱3,535.71",2
ARIVO,ARIVO 225/40/R18 ULTRA ARZ4 92H,225/40/R18,1,1,0.01%,"₱3,526.79",1
ARIVO,ARIVO 205/45/R17 ULTRA ARZ4,205/45/R17,1,1,0.01%,"₱3,500",1
LAUFENN,LAUFENN 205/55/ZR16 G FIT AS 94V,null,1,1,0.01%,"₱3,486.61",1
NANKANG,NANKANG 165/45/R16 NS-20 74V,165/45/R16,1,1,0.01%,"₱3,477.68",1
DEESTONE,DEESTONE 205/65/R15 NAKARA R301 94H,205/65/R15,1,1,0.01%,"₱3,464.29",1
CST,CST 185/60/R15 MARQUIS MR-C5 84H,185/60/R15,1,1,0.01%,"₱3,459.82",1
ARIVO,ARIVO 155/70/R13 PREMIO ARZ1,155/70/R13,2,1,0.01%,"₱3,455.36",2
ARIVO,ARIVO 165/65/R13 PREMIO ARZ1,165/65/R13,2,1,0.01%,"₱3,366.07",2
FRONWAY,FRONWAY 175/65/R14 ECOGREEN 55 82/T,175/65/R14,2,1,0.01%,"₱3,366.07",2
DEESTONE,DEESTONE 195/55/R15 CARRERAS R702 85 V,195/55/R15,1,1,0.01%,"₱3,330.36",1
FRONWAY,FRONWAY 155/70/R13 ECOGREEN 66 75/T,155/70/R13,2,1,0.01%,"₱3,330.36",2
ARIVO,ARIVO 205/50/R17 ULTRA ARZ5,205/50/R17,1,1,0.01%,"₱3,267.86",1
ARIVO,ARIVO 205/50/R17 ULTRA ARZ4,205/50/R17,1,1,0.01%,"₱3,267.86",1
ATLAS,ATLAS 185/55/R16 AS380NB 83/V,185/55/R16,1,1,0.01%,"₱3,250",1
NANKANG,NANKANG 165/55/R14 AS-1 72V,165/55/R14,1,1,0.01%,"₱3,214.29",1
FRONWAY,FRONWAY 195//R15C VANPLUS 09 106/104/R,null,1,1,0.01%,"₱3,129.46",1
FRONWAY,FRONWAY 215/65/R16 ECOGREEN 66 98/H,215/65/R16,1,1,0.01%,"₱3,125",1
FRONWAY,FRONWAY 165/65/R13 ECOGREEN 55 77/T,165/65/R13,2,1,0.01%,"₱3,071.43",2
WESTLAKE,WESTLAKE 205/45/R17 SA37,205/45/R17,1,1,0.01%,"₱3,053.57",1
WESTLAKE,WESTLAKE 155/65/R13 RP26,155/65/R13,2,1,0.01%,"₱3,053.57",2
FRONWAY,FRONWAY 205/50/R17 EURUS 08 93W XL,205/50/R17,1,1,0.01%,"₱3,035.71",1
LAUFENN,LAUFENN 185/55/R16 S FIT EQ 83V,185/55/R16,1,1,0.01%,"₱2,973.21",1
ARIVO,ARIVO 185/70/R14 PREMIO ARZ1 88H,185/70/R14,1,1,0.01%,"₱2,919.64",1
ARIVO,ARIVO 195/55/R16 PREMIO ARZ1,195/55/R16,1,1,0.01%,"₱2,843.75",1
DEESTONE,DEESTONE 185/60/R15  PREMIUM TOURER RA01 84H,185/60/R15,1,1,0.01%,"₱2,834.82",1
ARIVO,ARIVO 205/65/R15 PREMIO ARZ1 94V,205/65/R15,1,1,0.01%,"₱2,834.82",1
FRONWAY,FRONWAY 195//R14C VANPLUS 09 106/104/R,null,1,1,0.01%,"₱2,816.96",1
SAILUN,SAILUN 215/40/R17 ATREZZO ZSR 87W,215/40/R17,1,1,0.01%,"₱2,812.5",1
ATLAS,ATLAS 185/60/R15 FORCE HP 84/H,185/60/R15,1,1,0.01%,"₱2,714.29",1
ATLAS,ATLAS 185/55/R15 FORCE HP 82/V,185/55/R15,1,1,0.01%,"₱2,669.64",1
FRONWAY,FRONWAY 185/70/R14 ECOGREEN 66 88/H,185/70/R14,1,1,0.01%,"₱2,633.93",1
LAUFENN,LAUFENN 155/70/R13 G FIT EQ 75T,155/70/R13,1,1,0.01%,"₱2,491.07",1
ARIVO,ARIVO 195/50/R15 PREMIO ARZ1 82V,195/50/R15,1,1,0.01%,"₱2,437.5",1
WESTLAKE,WESTLAKE 185/65/R14 RP36,185/65/R14,1,1,0.01%,"₱2,397.32",1
FRONWAY,FRONWAY 195/65/R15 ECOGREEN ONE 95H,195/65/R15,1,1,0.01%,"₱2,388.39",1
WESTLAKE,WESTLAKE 185/60/R15 RP36,185/60/R15,1,1,0.01%,"₱2,366.07",1
ARIVO,ARIVO 185/70/R13 PREMIO ARZ1,185/70/R13,1,1,0.01%,"₱2,334.82",1
WESTLAKE,WESTLAKE 165/70/R14 RP36,165/70/R14,1,1,0.01%,"₱2,267.86",1
FRONWAY,FRONWAY 185/55/R15 ECOGREEN ONE 82V,185/55/R15,1,1,0.01%,"₱2,232.14",1
FRONWAY,FRONWAY 175/65/R15 ECOGREEN ONE 84H,175/65/R15,1,1,0.01%,"₱2,187.5",1
FRONWAY,FRONWAY 175/65/R14 ECOGREEN 66 82/T,175/65/R14,1,1,0.01%,"₱2,138.39",1
ARIVO,ARIVO 175/50/R15 PREMIO ARZ1 75H,175/50/R15,1,1,0.01%,"₱2,053.57",1
ARIVO,ARIVO 165/80/R13 PREMIO ARZ1 83T,165/80/R13,1,1,0.01%,"₱1,941.96",1
FRONWAY,FRONWAY 175/65/R14 ECOGREEN ONE 82V,175/65/R14,1,1,0.01%,"₱1,718.75",1
FRONWAY,FRONWAY 165/65/R14 ECOGREEN ONE 79T,165/65/R14,1,1,0.01%,"₱1,709.82",1