BRAND1,SKU,tire size,quantity,Orders,% Tires quantity,Net Sales of VAT,quantity
MICHELIN,MICHELIN 265/65/R17 PRIMACY SUV+ 112H,265/65/R17,4,21,0.007704,744116.0714285714,84
MICHELIN,MICHELIN 265/60/R18 PRIMACY SUV+ 110H,265/60/R18,4,17,0.006237,690468.75,68
MICHELIN,MICHELIN 235/50/R19 PRIMACY 5 103W,235/50/R19,4,13,0.004769,597196.4285714285,52
MICHELIN,MICHELIN 185/60/R15 ENERGY XM2+ 88H,185/60/R15,4,29,0.010639,544294.6428571428,116
BFGOODRICH,BFGOODRICH 225/55/R18 ADVANTAGE TOURING 98H,225/55/R18,4,23,0.008438,528429.2857142858,92
BRIDGESTONE,BRIDGESTONE 265/60/R18 DUELER H/T 684 (RBT) 110H,265/60/R18,4,13,0.004769,514079.2857142856,52
MICHELIN,MICHELIN 235/60/R18 E PRIMACY ST 103H,235/60/R18,4,13,0.004769,499919.6428571428,52
MICHELIN,MICHELIN 235/50/R18 PRIMACY 5 97W,235/50/R18,4,13,0.004769,492348.21428571426,52
MICHELIN,MICHELIN 225/65/R17 PRIMACY SUV+ 106H,225/65/R17,4,15,0.005503,486183.03571428574,60
MICHELIN,MICHELIN 225/55/R19 PRIMACY SUV+ 99V,225/55/R19,4,13,0.004769,477785.71428571414,52
MICHELIN,MICHELIN 265/50/R20 PILOT SPORT 4 SUV 107V,265/50/R20,4,12,0.004402,473325.89285714284,48
MICHELIN,MICHELIN 235/50/R19 PILOT SPORT 4 SUV S1 99V,235/50/R19,4,8,0.002935,460366.07142857136,32
MICHELIN,MICHELIN 175/65/R14 ENERGY XM2+,175/65/R14,4,29,0.010639,449633.21428571414,116
MICHELIN,MICHELIN 235/55/R18 PRIMACY 5 104W,235/55/R18,4,12,0.004402,439093.75,48
MICHELIN,MICHELIN 225/55/R18 PRIMACY 5 102V,225/55/R18,4,12,0.004402,433379.4642857143,48
MICHELIN,MICHELIN 255/50/R20 PRIMACY SUV+ 109V,255/50/R20,4,8,0.002935,433285.71428571426,32
MICHELIN,MICHELIN 215/55/R18 PRIMACY 5 99V,215/55/R18,4,10,0.003669,418999.99999999994,40
MICHELIN,MICHELIN 205/55/R17 PRIMACY 5 95W,205/55/R17,4,13,0.004769,403629.4642857142,52
MICHELIN,MICHELIN 205/65/R16 PRIMACY 5 95W,205/65/R16,4,18,0.006604,401138.3928571428,72
MICHELIN,MICHELIN 215/60/R17 PRIMACY 5 100V,215/60/R17,4,12,0.004402,389638.3928571428,48
MICHELIN,MICHELIN 255/40/ZR19 PILOT SPORT 5 100Y,null,4,8,0.002935,386924.1071428571,32
MICHELIN,MICHELIN 235/40/ZR18 PILOT SPORT 5 95Y XL TL,null,4,9,0.003302,386218.74999999994,36
MICHELIN,MICHELIN 235/60/R18 PRIMACY SUV+ 103V,235/60/R18,4,9,0.003302,368758.9285714286,36
MICHELIN,MICHELIN 225/60/R17 PRIMACY 5 103V,225/60/R17,4,9,0.003302,339678.5714285714,36
MICHELIN,MICHELIN 185/55/R15 ENERGY XM2+ 86V,185/55/R15,4,17,0.006237,334473.2142857143,68
DUNLOP,DUNLOP 215/60/R17 ENASAVE EC300+ 96H,215/60/R17,4,12,0.004402,331767.14285714284,48
MICHELIN,MICHELIN 245/40/ZR18 PILOT SPORT 5 97Y XL TL,null,4,8,0.002935,330999.99999999994,32
MICHELIN,MICHELIN 195/60/R16 PRIMACY 5 93V,195/60/R16,4,12,0.004402,330133.9285714285,48
MICHELIN,MICHELIN 215/55/R17 PRIMACY 5 94V,215/55/R17,4,10,0.003669,328352.6785714285,40
MICHELIN,MICHELIN 185/55/R16 ENERGY XM2+ 83V,185/55/R16,4,14,0.005136,323223.21428571426,56
BRIDGESTONE,BRIDGESTONE 185/65/R15 ECOPIA EP300 88H,185/65/R15,4,19,0.006971,308274.1071428571,76
MICHELIN,MICHELIN 205/55/R16 ENERGY XM2+ 91V,205/55/R16,4,13,0.004769,290660.71428571426,52
BRIDGESTONE,BRIDGESTONE 215/55/R17 TURANZA ER33 94V,215/55/R17,4,13,0.004769,289834.2857142857,52
MICHELIN,MICHELIN 175/65/R15 ENERGY XM2+ 84H,175/65/R15,4,16,0.00587,288193.9285714286,64
YOKOHAMA,YOKOHAMA 185/60/R15 BLUEARTH ES32 84H,185/60/R15,4,16,0.00587,274108.21428571426,64
BRIDGESTONE,BRIDGESTONE 195/60/R16 ECOPIA EP150 89H,195/60/R16,4,12,0.004402,259497.5,48
BFGOODRICH,BFGOODRICH 235/55/R18 ADVANTAGE TOURING 104H,235/55/R18,4,11,0.004036,259028.21428571426,44
MICHELIN,MICHELIN 225/50/R18 PRIMACY 5 99W,225/50/R18,4,7,0.002568,257308.03571428568,28
MICHELIN,MICHELIN 225/45/R17 PRIMACY 5 94W XL,225/45/R17,4,8,0.002935,256566.96428571426,32
MICHELIN,MICHELIN 205/50/R17 PRIMACY 5 93W,205/50/R17,4,9,0.003302,255334.82142857142,36
DUNLOP,DUNLOP 265/60/R18 GRANDTREK AT20 110H,265/60/R18,4,6,0.002201,236541.42857142855,24
BRIDGESTONE,BRIDGESTONE 255/60/R18 DUELER H/T 684 RB 108S,255/60/R18,4,6,0.002201,236386.42857142852,24
MICHELIN,MICHELIN 245/45/R18 PRIMACY 3 ZP 100Y,245/45/R18,4,4,0.001467,234321.42857142852,16
MICHELIN,MICHELIN 225/55/R17 PRIMACY 5 101W,225/55/R17,4,7,0.002568,233803.57142857142,28
MICHELIN,MICHELIN 205/60/R16 PRIMACY 5 96W XL,205/60/R16,4,9,0.003302,228415.17857142858,36
MICHELIN,MICHELIN 275/45/R21 LATITUDE SPORT 3 107Y,275/45/R21,4,2,0.000734,227999.99999999997,8
YOKOHAMA,YOKOHAMA 255/50/R20 GEOLANDAR X-CV G057 109W,255/50/R20,4,5,0.001834,224750,20
BFGOODRICH,BFGOODRICH 185/60/R15 ADVANTAGE TOURING 84H,185/60/R15,4,17,0.006237,222930.71428571426,68
MICHELIN,MICHELIN 215/55/R16 PRIMACY 5 97W XL TL,215/55/R16,4,7,0.002568,210357.1428571428,28
MICHELIN,MICHELIN 245/50/R20 PRIMACY SUV+ 102V TL,245/50/R20,4,4,0.001467,207657.14285714284,16
BFGOODRICH,BFGOODRICH 225/60/R17 ADVANTAGE TOURING 99H,225/60/R17,4,10,0.003669,205460.8928571428,40
BRIDGESTONE,BRIDGESTONE 185/60/R15 ECOPIA EP300 84V,185/60/R15,4,12,0.004402,204979.82142857142,48
ARIVO,ARIVO 185/60/R15 PREMIO COMFORT 6 88H,185/60/R15,4,21,0.007704,196422.85714285713,84
MICHELIN,MICHELIN 245/40/ZR19 PILOT SPORT 5 98Y,null,4,4,0.001467,195232.14285714284,16
MICHELIN,MICHELIN 265/70/R16 LTX TRAIL 112T,265/70/R16,24,1,0.002201,193749.99999999997,24
MICHELIN,MICHELIN 255/45/ZR19 PILOT SPORT 5 104Y XL TL,null,4,4,0.001467,193178.57142857142,16
MICHELIN,MICHELIN 245/35/ZR20 PILOT SPORT 4S 95Y XL TL,null,8,1,0.000734,190178.57142857142,8
MICHELIN,MICHELIN 265/60/R18 LTX TRAIL 110T,265/60/R18,4,4,0.001467,189571.42857142855,16
ARIVO,"ARIVO 185/55/R15 PREMIO COMFORT 6 ",185/55/R15,4,20,0.007337,188025.8928571428,80
MICHELIN,MICHELIN 255/40/ZR20 PILOT SPORT 4S 101Y,null,4,2,0.000734,185714.28571428568,8
VREDESTEIN,VREDESTEIN 265/65/R17 PINZA AT 112H,265/65/R17,4,7,0.002568,182584.82142857142,28
MICHELIN,MICHELIN 225/45/R18 PRIMACY 5 95Y,225/45/R18,4,5,0.001834,181205.3571428571,20
APOLLO,APOLLO 185/65/R15 ALNAC 4G 88H,185/65/R15,4,13,0.004769,180901.7857142857,52
BFGOODRICH,BFGOODRICH 205/60/R16 ADVANTAGE TOURING 92H,205/60/R16,4,10,0.003669,180423.39285714284,40
MICHELIN,MICHELIN 205/55/R16 PRIMACY 5 91W,205/55/R16,4,8,0.002935,179232.14285714284,32
BFGOODRICH,BFGOODRICH 215/55/R17 ADVANTAGE TOURING 94V,215/55/R17,4,9,0.003302,175700.5357142857,36
BFGOODRICH,BFGOODRICH 235/55/R19 ADVANTAGE TOURING 101H,235/55/R19,4,6,0.002201,174697.8571428571,24
MICHELIN,MICHELIN 235/55/R19 PILOT SPORT 4 SUV 105Y,235/55/R19,4,3,0.001101,173495.53571428568,12
YOKOHAMA,YOKOHAMA 225/60/R17 GEOLANDAR CV G058 99H,225/60/R17,4,5,0.001834,172170,20
BFGOODRICH,BFGOODRICH 185/65/R15 ADVANTAGE TOURING 88H,185/65/R15,4,12,0.004402,171662.1428571428,48
BFGOODRICH,BFGOODRICH 185/55/R16 ADVANTAGE TOURING 87H,185/55/R16,4,13,0.004769,169685.01785714287,52
MICHELIN,MICHELIN 255/40/ZR20 PILOT SPORT 4 ZP 101Y,null,4,2,0.000734,169642.85714285713,8
MICHELIN,MICHELIN 275/50/ZR20 PILOT SPORT 4 SUV 113Y,null,4,2,0.000734,169227.67857142855,8
BFGOODRICH,BFGOODRICH 215/60/R17 ADVANTAGE TOURING 96H,215/60/R17,4,8,0.002935,168109.1071428571,32
MICHELIN,MICHELIN 265/35/ZR18 PILOT SPORT 5 97Y,null,4,4,0.001467,167464.2857142857,16
MICHELIN,MICHELIN 205/45/R17 PILOT SPORT 5 88Y,205/45/R17,4,5,0.001834,167116.07142857142,20
MICHELIN,MICHELIN 305/40/R20 PILOT SPORT 4 SUV 112Y,305/40/R20,4,2,0.000734,167038.39285714284,8
BFGOODRICH,BFGOODRICH 225/65/R17 ADVANTAGE TOURING 102H,225/65/R17,4,7,0.002568,165865,28
YOKOHAMA,YOKOHAMA 185/55/R15 BLUEARTH ES32 82H,185/55/R15,4,10,0.003669,163386.07142857142,40
MICHELIN,MICHELIN 225/50/R17 PRIMACY 3 ZP 94W,225/50/R17,4,3,0.001101,163191.96428571426,12
ARIVO,ARIVO 175/65/R14 PREMIO COMFORT 6 82H,175/65/R14,4,22,0.008071,161996.78571428568,88
ARIVO,ARIVO 265/60/R18 TERRAMAX ARV PRO A/T,265/60/R18,4,7,0.002568,161135.35714285713,28
ARIVO,ARIVO 265/65/R17 TERRAMAX ARV PRO A/T,265/65/R17,4,7,0.002568,160533.5714285714,28
ARIVO,ARIVO 185/65/R15 PREMIO COMFORT 6 88H,185/65/R15,4,16,0.00587,159948.17857142855,64
MICHELIN,MICHELIN 265/50/R20 PRIMACY 5 111V,265/50/R20,4,4,0.001467,159714.2857142857,16
MICHELIN,MICHELIN 285/60/R18 PRIMACY SUV+ 116V TL,285/60/R18,4,3,0.001101,159008.92857142858,12
MICHELIN,MICHELIN 225/60/R18 PRIMACY SUV+ 100H,225/60/R18,4,4,0.001467,157910.71428571426,16
BFGOODRICH,BFGOODRICH 215/50/R17 ADVANTAGE TOURING 95V,215/50/R17,4,8,0.002935,156860.17857142855,32
MICHELIN,MICHELIN 285/35/ZR20 PILOT SPORT 4S 104Y XL TL,null,4,1,0.000367,156249.99999999997,4
BFGOODRICH,BFGOODRICH 265/50/R20 ADVANTAGE TOURING 111T,265/50/R20,4,5,0.001834,151582.32142857142,20
MICHELIN,MICHELIN 215/65/R16 ENERGY XM2+ 98H,215/65/R16,4,6,0.002201,151258.92857142858,24
WESTLAKE,WESTLAKE 185/65/R15 RP36,185/65/R15,4,15,0.005503,150315.71428571426,60
MICHELIN,MICHELIN 235/55/R17 PRIMACY 5 103W,235/55/R17,4,4,0.001467,149441.96428571426,16
BFGOODRICH,BFGOODRICH 225/55/R17 ADVANTAGE TOURING 97V,225/55/R17,4,7,0.002568,148984.2857142857,28
MICHELIN,MICHELIN 235/45/R18 PRIMACY 5 98Y,235/45/R18,4,4,0.001467,146142.85714285713,16
BFGOODRICH,BFGOODRICH 235/60/R18 ADVANTAGE TOURING 103H,235/60/R18,4,5,0.001834,146113.74999999997,20
MICHELIN,MICHELIN 215/70/R16C AGILIS 3 108/106T,215/70/R16,4,5,0.001834,141446.42857142855,20
MICHELIN,MICHELIN 245/45/R19 PRIMACY 5 102W,245/45/R19,4,3,0.001101,140477.67857142855,12
MICHELIN,MICHELIN 275/45/R21 LATITUDE SPORT 3 107Y,275/45/R21,8,1,0.000734,140178.57142857142,8
BFGOODRICH,BFGOODRICH 205/65/R16 ADVANTAGE TOURING 95H,205/65/R16,4,8,0.002935,138026.24999999997,32
MICHELIN,MICHELIN 245/50/R19 PILOT SPORT 4 SUV 105W,245/50/R19,4,2,0.000734,136620.5357142857,8
BRIDGESTONE,BRIDGESTONE 285/60/R18 DUELER A/T 693 RBT 116V,285/60/R18,4,2,0.000734,136110.35714285713,8
YOKOHAMA,YOKOHAMA 175/65/R14 BLUEARTH ES32 82T,175/65/R14,4,9,0.003302,135581.9642857143,36
VREDESTEIN,VREDESTEIN 265/60/R18 PINZA AT 110H,265/60/R18,4,5,0.001834,129732.14285714284,20
PIRELLI,PIRELLI 275/45/R20 P-ZERO RFT 110Y,275/45/R20,4,1,0.000367,129464.2857142857,4
MICHELIN,MICHELIN 215/50/R17 PRIMACY 5 95W XL,215/50/R17,4,4,0.001467,128383.92857142855,16
BFGOODRICH,BFGOODRICH 265/65/R17 ADVANTAGE TOURING 112H,265/65/R17,4,4,0.001467,127168.39285714284,16
MICHELIN,MICHELIN 235/65/R17 PRIMACY SUV+ 108V,235/65/R17,4,3,0.001101,126075.89285714284,12
MICHELIN,MICHELIN 225/45/ZR18 PILOT SPORT 5 95Y XL TL,null,4,3,0.001101,122812.49999999999,12
YOKOHAMA,YOKOHAMA 205/65/R16 BLUEARTH E70B 95H,205/65/R16,4,5,0.001834,122405.53571428571,20
MICHELIN,MICHELIN 215/50/R18 PRIMACY SUV+ 92V TL,215/50/R18,4,4,0.001467,120156.24999999999,16
DUNLOP,DUNLOP 205/55/R17 ENASAVE EC300+ 91V,205/55/R17,4,4,0.001467,119584.2857142857,16
MICHELIN,MICHELIN 235/55/R20 PRIMACY SUV+ 102V TLÊ,235/55/R20,4,2,0.000734,119031.24999999999,8
LAUFENN,LAUFENN 215/60/R17 G FIT AS 96T,215/60/R17,4,7,0.002568,118546.42857142855,28
YOKOHAMA,YOKOHAMA 185/55/R15 BLUEARTH AE01 82V,185/55/R15,4,7,0.002568,118486.07142857142,28
BFGOODRICH,BFGOODRICH 285/60/R20 ALL-TERRAIN T/A KO3 125/122S,285/60/R20,5,1,0.000459,117857.14285714284,5
MICHELIN,MICHELIN 265/50/R20 PRIMACY SUV+ 111V,265/50/R20,4,3,0.001101,116857.14285714286,12
DUNLOP,DUNLOP 265/60/R18 GRANDTREK AT25 110H,265/60/R18,4,3,0.001101,116168.57142857142,12
LAUFENN,LAUFENN 235/65/R17 X FIT HT 104T,235/65/R17,4,6,0.002201,115514.2857142857,24
BRIDGESTONE,BRIDGESTONE 255/60/R18 DUELER H/T 684 RB 108S,255/60/R18,2,6,0.001101,115047.14285714284,12
YOKOHAMA,YOKOHAMA 215/60/R17 GEOLANDAR CV G058 96H,215/60/R17,4,4,0.001467,114347.85714285713,16
MICHELIN,MICHELIN 225/55/R18 PRIMACY SUV+ 98V,225/55/R18,4,3,0.001101,114285.71428571428,12
DUNLOP,DUNLOP 265/65/R17 GRANDTREK AT25 112S,265/65/R17,4,3,0.001101,113680.35714285713,12
BFGOODRICH,BFGOODRICH 175/65/R14 ADVANTAGE TOURING 82H,175/65/R14,4,10,0.003669,113144.10714285713,40
YOKOHAMA,YOKOHAMA 185/60/R15 ASPEC DB E70B 84H,185/60/R15,4,6,0.002201,112666.7857142857,24
MICHELIN,MICHELIN 215/65/R16 PRIMACY 5 102V XL,215/65/R16,4,4,0.001467,112638.39285714284,16
MICHELIN,MICHELIN 275/60/R20 PRIMACY SUV+ 115H,275/60/R20,8,1,0.000734,112160.71428571428,8
MICHELIN,MICHELIN 225/55/R19 PILOT SPORT 4 SUV 99V,225/55/R19,4,2,0.000734,111022.32142857142,8
MICHELIN,MICHELIN 235/65/R17 LTX TRAIL 108T,235/65/R17,4,3,0.001101,109928.57142857142,12
MICHELIN,MICHELIN 185/65/R15 ENERGY XM2+ 88H,185/65/R15,4,5,0.001834,109758.92857142855,20
YOKOHAMA,YOKOHAMA 205/55/R16 BLUEARTH ES32 91V,205/55/R16,4,5,0.001834,108697.85714285713,20
YOKOHAMA,YOKOHAMA 205/45/R17 ADVAN FLEVA V701 88W,205/45/R17,4,5,0.001834,108672.32142857142,20
YOKOHAMA,YOKOHAMA 195/55/R15 ADVAN FLEVA V701 85V,195/55/R15,4,5,0.001834,107904.2857142857,20
MICHELIN,MICHELIN 255/60/R18 PRIMACY SUV+ 112H,255/60/R18,4,2,0.000734,107169.64285714284,8
BFGOODRICH,BFGOODRICH 185/55/R15 ADVANTAGE TOURING 86V,185/55/R15,4,8,0.002935,107153.21428571428,32
MICHELIN,MICHELIN 265/40/ZR21 PILOT SPORT 4S 105Y XL TL,null,4,1,0.000367,107035.71428571428,4
HANKOOK,HANKOOK 265/65/R17 DYNAPRO HT2 RH14 112T,265/65/R17,4,4,0.001467,106497.14285714286,16
BRIDGESTONE,BRIDGESTONE 175/65/R14 ECOPIA EP150 82H,175/65/R14,4,7,0.002568,106361.96428571428,28
YOKOHAMA,YOKOHAMA 185/65/R15 BLUEARTH ES32 88H,185/65/R15,4,6,0.002201,105069.46428571429,24
YOKOHAMA,YOKOHAMA 185/55/R16 BLUEARTH ES32 83V,185/55/R16,4,5,0.001834,104633.92857142855,20
WESTLAKE,WESTLAKE 175/65/R14 RP36,175/65/R14,4,12,0.004402,103109.64285714284,48
MICHELIN,MICHELIN 275/35/ZR21 PILOT SPORT 4S 103Y XL TL,null,4,1,0.000367,102678.57142857142,4
MICHELIN,MICHELIN 205/65/R15 ENERGY XM2+ 99V,205/65/R15,4,5,0.001834,102093.74999999999,20
LAUFENN,LAUFENN 185/55/R15 S FIT EQ 86V,185/55/R15,4,9,0.003302,101764.46428571426,36
MICHELIN,MICHELIN 285/45/R22 PILOT SPORT 4 SUV 114Y,285/45/R22,4,1,0.000367,101196.42857142857,4
MICHELIN,MICHELIN 305/35/ZR20 PILOT SPORT 4S 104Y TL,null,4,1,0.000367,100892.85714285713,4
YOKOHAMA,YOKOHAMA 205/50/R17 BLUEARTH GT AE51 93W,205/50/R17,4,4,0.001467,100306.25,16
MICHELIN,MICHELIN 235/55/R19 PRIMACY 4 SUV 105W,235/55/R19,4,2,0.000734,99776.78571428571,8
MICHELIN,MICHELIN 255/50/R21 PILOT SPORT EV 109W,255/50/R21,4,1,0.000367,98214.28571428571,4
ARIVO,ARIVO 195/55/R15 PREMIO COMFORT 6 85V,195/55/R15,4,10,0.003669,97790.71428571428,40
MICHELIN,MICHELIN 245/45/R18 PRIMACY 3 ZP 100Y,245/45/R18,8,1,0.000734,96803.57142857142,8
ARIVO,"ARIVO 205/60/R16 PREMIO COMFORT 6 ",205/60/R16,4,8,0.002935,94779.82142857142,32
BRIDGESTONE,BRIDGESTONE 195/R15C DURAVIS R624 106/104S,195/R15C,4,4,0.001467,94667.14285714284,16
BFGOODRICH,BFGOODRICH 235/85/R16 ALL-TERRAIN T/A KO3 120/116S,235/85/R16,5,1,0.000459,94642.85714285713,5
APOLLO,APOLLO 185/55/R15 ALNAC 4G 88H,185/55/R15,4,7,0.002568,94075.89285714284,28
BFGOODRICH,BFGOODRICH 205/50/R17 ADVANTAGE TOURING 93V,205/50/R17,4,5,0.001834,94004.99999999999,20
MICHELIN,MICHELIN 255/40/ZR19 PILOT SPORT 4S 100Y,null,4,1,0.000367,93749.99999999999,4
YOKOHAMA,YOKOHAMA 245/40/R18 ADVAN FLEVA V701 97W,245/40/R18,4,3,0.001101,93023.03571428571,12
CONTINENTAL,CONTINENTAL 245/40/ZR20 PREMIUM CONTACT 6 SSR 99Y,null,4,1,0.000367,92857.14285714286,4
BRIDGESTONE,BRIDGESTONE 265/60/R18 AT002 114S,265/60/R18,4,2,0.000734,92748.57142857142,8
BLACK,BLACK ARROW 205/55/R16 DART P15 91V,205/55/R16,4,10,0.003669,92712.49999999999,40
MICHELIN,MICHELIN 225/40/ZR18 PILOT SPORT 5 92Y XL TL,null,4,2,0.000734,89906.25,8
YOKOHAMA,YOKOHAMA 30/9.5/R15 GEOLANDAR A/T 4 G018 104S,null,5,2,0.000917,89741.51785714286,10
DUNLOP,DUNLOP 215/65/R16 GRANDTREK ST20 98H,215/65/R16,4,4,0.001467,89695.71428571428,16
MICHELIN,MICHELIN 265/65/R17 LTX TRAIL 112T,265/65/R17,4,2,0.000734,89513.39285714286,8
WESTLAKE,WESTLAKE 205/55/R16 SA37,205/55/R16,4,7,0.002568,88674.10714285713,28
MICHELIN,MICHELIN 265/70/R17 PRIMACY SUV+ 115H,265/70/R17,4,2,0.000734,88486.60714285713,8
LAUFENN,LAUFENN 225/60/R17 G FIT AS 99T,225/60/R17,4,5,0.001834,88448.39285714286,20
MICHELIN,MICHELIN 235/40/ZR19 PILOT SPORT 4S 96Y XL TL,null,4,1,0.000367,88392.85714285713,4
ARIVO,ARIVO 265/65/R17 TERRANO ARV H/T 112H,265/65/R17,4,4,0.001467,88371.24999999999,16
WESTLAKE,WESTLAKE 205/55/R17 SA37,205/55/R17,4,6,0.002201,88010.71428571428,24
PIRELLI,PIRELLI 205/40/R18 P-ZERO RFT 87W,205/40/R18,4,1,0.000367,87499.99999999999,4
MICHELIN,MICHELIN 265/40/ZR20 PILOT SPORT 4S 104Y XL TL,null,4,1,0.000367,87499.99999999999,4
LAUFENN,LAUFENN 225/55/R19 S FIT AS 99V,225/55/R19,4,3,0.001101,86844.82142857143,12
YOKOHAMA,YOKOHAMA 225/45/R19 ADVAN DB V553 96W,225/45/R19,4,2,0.000734,86742.5,8
ARIVO,ARIVO 255/60/R18 TERRAMAX ARV PRO A/T,255/60/R18,4,4,0.001467,86042.85714285713,16
YOKOHAMA,YOKOHAMA 175/55/R15 BLUEARTH ES32 77V,175/55/R15,4,5,0.001834,85061.42857142857,20
ARIVO,ARIVO 265/60/R18 TERRANO ARV H/T,265/60/R18,4,4,0.001467,84486.24999999999,16
FRONWAY,FRONWAY 215/55/R17 EURUS 08 98W,215/55/R17,4,7,0.002568,84434.82142857142,28
MICHELIN,MICHELIN 265/35/ZR18 PILOT SPORT CUP 2 CONNECT 97Y XL,null,4,1,0.000367,83928.57142857142,4
BRIDGESTONE,BRIDGESTONE 185/55/R15 ECOPIA EP300 82V,185/55/R15,4,5,0.001834,83908.57142857143,20
MICHELIN,MICHELIN 245/55/R19 PRIMACY SUV+ 103H,245/55/R19,4,2,0.000734,83732.14285714284,8
BRIDGESTONE,BRIDGESTONE 265/65/R17 DUELER A/T 002 112S,265/65/R17,4,2,0.000734,83334.64285714286,8
YOKOHAMA,YOKOHAMA P235/75/R15 GEOLANDAR A/T G015 108T,235/75/R15,5,2,0.000917,82071.42857142857,10
BRIDGESTONE,BRIDGESTONE 265/60/R18 DUELER H/T 684 (RBT) 110H,265/60/R18,2,4,0.000734,81913.57142857142,8
MICHELIN,MICHELIN 195/55/R15 ENERGY XM2+ 85V,195/55/R15,4,4,0.001467,80973.21428571428,16
FRONWAY,FRONWAY 185/65/R15 ECOGREEN ONE 88H,185/65/R15,4,9,0.003302,80665.17857142857,36
BFGOODRICH,BFGOODRICH 285/70/R17 8PR ALL-TERRAIN T/A KO3 121/118S,285/70/R17,5,1,0.000459,80658.48214285713,5
GOODYEAR,GOODYEAR LT315/70/R17 WRANGLER TERRITORY MT 113/110S,315/70/R17,4,1,0.000367,80357.14285714286,4
BFGOODRICH,BFGOODRICH 195/60/R16 ADVANTAGE TOURING 89H,195/60/R16,4,5,0.001834,79494.64285714286,20
MICHELIN,MICHELIN 245/45/R18 PRIMACY 5 100W,245/45/R18,4,2,0.000734,79464.28571428571,8
MICHELIN,MICHELIN 235/45/ZR18 PILOT SPORT 5 98Y XL TL,null,4,2,0.000734,79303.57142857142,8
LAUFENN,LAUFENN 185/65/R15 G FIT AS 88H,185/65/R15,4,7,0.002568,79234.64285714286,28
WESTLAKE,WESTLAKE 185/55/R15 RP26,185/55/R15,4,8,0.002935,78998.92857142857,32
BRIDGESTONE,BRIDGESTONE 265/50/R20 DUELER A/T 002 111S,265/50/R20,5,1,0.000459,78830.13392857142,5
MICHELIN,MICHELIN 265/70/R16 LTX TRAIL 112T,265/70/R16,4,2,0.000734,77999.99999999999,8
COOPER,COOPER 295/70/R17 STRONGHOLD A/T 128/125R,295/70/R17,4,1,0.000367,77080.35714285713,4
ARIVO,ARIVO 275/55/R20 TERRAMAX ARV PRO A/T S117,275/55/R20,4,3,0.001101,76788.39285714286,12
WESTLAKE,WESTLAKE 225/60/R18 SU318,225/60/R18,4,4,0.001467,76170.71428571428,16
LAUFENN,LAUFENN 225/65/R17 X FIT HT 102T,225/65/R17,4,4,0.001467,75831.78571428571,16
YOKOHAMA,YOKOHAMA 255/50/R20 GEOLANDAR X-CV G057 109W,255/50/R20,2,3,0.00055,75742.67857142857,6
BRIDGESTONE,BRIDGESTONE 265/65/R17 DUELER H/T 684 (RBT) 112S,265/65/R17,4,2,0.000734,75642.67857142857,8
LAUFENN,LAUFENN 205/60/R16 G FIT AS 92V,205/60/R16,4,5,0.001834,74991.42857142855,20
BRIDGESTONE,BRIDGESTONE 185/70/R14 ECOPIA EP150 88H,185/70/R14,4,5,0.001834,74957.5,20
WESTLAKE,WESTLAKE 265/60/R18 SL369 A/T,265/60/R18,4,3,0.001101,74871.07142857142,12
WESTLAKE,WESTLAKE 195/55/R15 SA57,195/55/R15,4,7,0.002568,73235.53571428571,28
MICHELIN,MICHELIN 235/60/R17 PRIMACY SUV+ 102V,235/60/R17,4,2,0.000734,72982.14285714284,8
BRIDGESTONE,BRIDGESTONE 205/50/R16 POTENZA RE004 ADRENALIN 87W,205/50/R16,4,3,0.001101,72466.07142857142,12
YOKOHAMA,YOKOHAMA 215/75/R15 GEOLANDAR A/T 4 G018 100S,215/75/R15,4,2,0.000734,72114.64285714284,8
BFGOODRICH,BFGOODRICH 225/55/R18 ADVANTAGE TOURING 98H,225/55/R18,2,6,0.001101,72030.17857142857,12
APOLLO,APOLLO 235/50/R18 ASPIRE 4G+,235/50/R18,4,3,0.001101,71776.78571428571,12
DEESTONE,DEESTONE 265/60/R18 STORMZ RS  111 XLV,265/60/R18,4,3,0.001101,70678.75,12
LAUFENN,LAUFENN 215/55/R18 S FIT AS 99V,215/55/R18,2,6,0.001101,70538.39285714287,12
MICHELIN,MICHELIN 185/70/R14 ENERGY XM2+ 88H,185/70/R14,4,4,0.001467,70239.91071428571,16
LAUFENN,LAUFENN 265/65/R17 X FIT HT 108H,265/65/R17,4,3,0.001101,70184.64285714286,12
PIRELLI,PIRELLI 255/60/R18 XL S-AT+ 112H,255/60/R18,4,1,0.000367,70029.10714285714,4
DUNLOP,DUNLOP 215/60/R17 ENASAVE EC300+ 96H,215/60/R17,5,2,0.000917,69971.875,10
MICHELIN,MICHELIN 255/50/R19 PILOT SPORT 4 SUV 103Y,255/50/R19,4,1,0.000367,68892.85714285713,4
MICHELIN,MICHELIN 255/55/R18 LATITUDE SPORT 3 ZP 109V,255/55/R18,4,1,0.000367,68678.57142857142,4
ARIVO,ARIVO 195/60/R16 PREMIO COMFORT 6 89H,195/60/R16,4,6,0.002201,68228.66071428571,24
YOKOHAMA,YOKOHAMA 175/65/R15 BLUEARTH ES32 84H,175/65/R15,4,4,0.001467,67927.5,16
MICHELIN,MICHELIN 255/45/R19 PILOT SPORT EV ACOUSTIC 104W XL TL,255/45/R19,4,1,0.000367,67638.39285714286,4
BRIDGESTONE,BRIDGESTONE 205/60/R16 ECOPIA EP300 92V,205/60/R16,4,3,0.001101,67505,12
TOYO,TOYO 225/55/R18 PXST3 102V,225/55/R18,4,2,0.000734,67185.89285714286,8
BRIDGESTONE,BRIDGESTONE 205/55/R16 ECOPIA EP300 91V,205/55/R16,4,3,0.001101,66789.82142857142,12
FRONWAY,FRONWAY 205/55/R16 ECOGREEN ONE 91V,205/55/R16,4,6,0.002201,66625,24
MICHELIN,MICHELIN 235/50/R20 PILOT SPORT 4 SUV JLR 104Y XL TL,235/50/R20,4,1,0.000367,66071.42857142857,4
BRIDGESTONE,BRIDGESTONE 205/65/R16 ECOPIA EP300 95V,205/65/R16,4,3,0.001101,65879.28571428571,12
MICHELIN,MICHELIN 265/60/R18 LTX TRAIL 110T,265/60/R18,6,1,0.00055,65803.57142857142,6
BRIDGESTONE,BRIDGESTONE 265/65/R17 DUELER A/T 002 112S,265/65/R17,2,3,0.00055,65596.33928571429,6
CONTINENTAL,CONTINENTAL 235/55/R19 CROSS CONTACT RX 105H,235/55/R19,2,2,0.000367,65299.2857142857,4
LAUFENN,LAUFENN 185/60/R15 G FIT AS 84H,185/60/R15,4,6,0.002201,65226.964285714275,24
TOYO,TOYO 275/55/R20 OPRT 115Q,275/55/R20,4,1,0.000367,65178.57142857142,4
BFGOODRICH,BFGOODRICH 235/75/R15 ALL-TERRAIN T/A KO2 104S,235/75/R15,5,1,0.000459,65178.57142857142,5
WESTLAKE,WESTLAKE 225/55/R19 SU318,225/55/R19,4,3,0.001101,64658.21428571429,12
MICHELIN,MICHELIN 225/50/R17 PRIMACY 5 98W XL,225/50/R17,4,2,0.000734,64598.21428571428,8
BRIDGESTONE,BRIDGESTONE 195/60/R16 ECOPIA EP150 89H,195/60/R16,2,6,0.001101,64479.64285714285,12
BFGOODRICH,BFGOODRICH 285/70/R17 8PR ALL-TERRAIN T/A KO3 121/118S,285/70/R17,4,1,0.000367,64374.99999999999,4
WESTLAKE,WESTLAKE 215/45Z/R17 SA37,null,4,5,0.001834,64369.64285714285,20
MICHELIN,MICHELIN 255/50/R20 PILOT SPORT 4 SUV 109Y,255/50/R20,4,1,0.000367,64285.71428571428,4
MICHELIN,MICHELIN 225/55/R19 PRIMACY SUV+ 99V,225/55/R19,2,3,0.00055,63187.49999999999,6
CONTINENTAL,CONTINENTAL 235/55/R19 CROSS CONTACT RX 105H,235/55/R19,4,1,0.000367,62499.99999999999,4
MICHELIN,MICHELIN 245/35/ZR20 PILOT SPORT 5 95Y,null,4,1,0.000367,62499.99999999999,4
ARIVO,"ARIVO 205/65/R16 PREMIO COMFORT 6 ",205/65/R16,4,5,0.001834,62013.92857142857,20
YOKOHAMA,YOKOHAMA 215/70/R16 GEOLANDAR A/T 4 G018 100H,215/70/R16,4,2,0.000734,61607.142857142855,8
TOYO,TOYO 275/50/R21 PXST3 113V,275/50/R21,4,1,0.000367,60624.99999999999,4
TOYO,TOYO 265/50/R20 OPRT 110Q,265/50/R20,4,1,0.000367,60521.07142857143,4
MICHELIN,MICHELIN 235/40/ZR19 PILOT SPORT 5 96Y XL TL,null,4,1,0.000367,60160.71428571428,4
MICHELIN,MICHELIN 225/45/ZR17 PILOT SPORT 5 94Y XL TL,null,5,1,0.000459,59857.142857142855,5
BFGOODRICH,BFGOODRICH 215/70/R16 ADVANTAGE TOURING 100T,215/70/R16,4,3,0.001101,59313.392857142855,12
YOKOHAMA,YOKOHAMA 195/65/R15 BLUEARTH ES32 91H,195/65/R15,4,3,0.001101,58753.928571428565,12
MICHELIN,MICHELIN 235/55/R20 PILOT SPORT EV 105Y,235/55/R20,4,1,0.000367,58580.35714285714,4
WESTLAKE,WESTLAKE 175/65/R15 RP26,175/65/R15,4,6,0.002201,58449.642857142855,24
MICHELIN,MICHELIN 255/50/R19 LATITUDE SPORT 3 ZP 107W,255/50/R19,4,1,0.000367,58035.71428571428,4
YOKOHAMA,YOKOHAMA 225/50/R18 ADVAN FLEVA V701 99W,225/50/R18,4,2,0.000734,57931.96428571428,8
MICHELIN,MICHELIN 175/70/R14 ENERGY XM2+ 88T,175/70/R14,4,3,0.001101,57883.92857142857,12
MICHELIN,MICHELIN 275/60/R20 PRIMACY SUV+ 115H,275/60/R20,4,1,0.000367,57803.57142857142,4
HANKOOK,HANKOOK 215/55/R17 VENTUS PRIME 4 94W,215/55/R17,4,3,0.001101,57714.82142857142,12
ARIVO,ARIVO 185/65/R14 PREMIO COMFORT 6,185/65/R14,4,7,0.002568,57573.0357142857,28
BFGOODRICH,BFGOODRICH 225/45/R18 ADVANTAGE TOURING 95V,225/45/R18,4,3,0.001101,57507.85714285713,12
PIRELLI,PIRELLI 245/45/R18 CINTURATO P7 RFT 100Y XL,245/45/R18,3,1,0.000275,57238.12499999999,3
ARIVO,ARIVO 215/55/R17 PREMIO SPORT 6 89W,215/55/R17,4,4,0.001467,57117.5,16
LAUFENN,LAUFENN 245/35/ZR19 Z FIT EQ 93Y,null,4,2,0.000734,57075.98214285713,8
VREDESTEIN,VREDESTEIN 265/70/R17 PINZA AT 115T,265/70/R17,4,2,0.000734,56879.46428571428,8
PIRELLI,PIRELLI 285/50/R20 SCORPION A/T PLUS 116T,285/50/R20,2,1,0.000183,56518.39285714285,2
YOKOHAMA,YOKOHAMA 205/60/R16 BLUEARTH GT AE51 92V,205/60/R16,4,2,0.000734,56492.85714285714,8
MICHELIN,MICHELIN 225/60/R18 PRIMACY SUV+ 100H,225/60/R18,5,1,0.000459,56249.99999999999,5
MICHELIN,MICHELIN 165/65/R14 ENERGY XM2+ 79H,165/65/R14,4,4,0.001467,55901.78571428571,16
MICHELIN,MICHELIN 205/50/ZR16 PILOT SPORT 4 ST 91W XL TL,null,4,2,0.000734,55892.85714285714,8
ATLAS,ATLAS 215/50/R17 FORCE UHP 95/W,215/50/R17,4,4,0.001467,55646.42857142857,16
BFGOODRICH,BFGOODRICH 205/55/R16 ADVANTAGE TOURING 91V,205/55/R16,4,3,0.001101,55519.28571428571,12
MICHELIN,MICHELIN 245/35/ZR18 PILOT SPORT 5 92Y,null,4,1,0.000367,55446.428571428565,4
MICHELIN,MICHELIN 265/60/R18 PRIMACY SUV+ 110H,265/60/R18,5,1,0.000459,55357.142857142855,5
MICHELIN,MICHELIN 235/45/ZR19 PILOT SPORT 5 99Y,null,4,1,0.000367,55138.392857142855,4
YOKOHAMA,YOKOHAMA 195/55/R15 BLUEARTH ES32 85H,195/55/R15,4,3,0.001101,55015.178571428565,12
WESTLAKE,WESTLAKE 285/60/R18 SL399 A/T,285/60/R18,4,2,0.000734,54974.28571428571,8
ARIVO,ARIVO 195/50/R16 ULTRA ARZ5 84V,195/50/R16,4,5,0.001834,54944.10714285713,20
ARIVO,ARIVO 185/55/R16 PREMIO COMFORT 6 83V,185/55/R16,4,5,0.001834,54912.678571428565,20
MICHELIN,MICHELIN 245/45/ZR19 PILOT SPORT 5 102Y XL TL,null,4,1,0.000367,54830.35714285714,4
LAUFENN,LAUFENN 255/60/R18 X FIT HT 112 XLV,255/60/R18,4,2,0.000734,54615.714285714275,8
APOLLO,APOLLO 265/65/R17 APTERRA H/T2 112H,265/65/R17,4,2,0.000734,54589.28571428571,8
MICHELIN,MICHELIN 225/50/R18 PRIMACY 3 ZP 95W,225/50/R18,4,1,0.000367,54272.32142857142,4
MICHELIN,MICHELIN 225/45/ZR19 PILOT SPORT 5 96Y XL TL,null,4,1,0.000367,54174.10714285714,4
MICHELIN,MICHELIN 265/70/R18 PRIMACY SUV+ 116H TL,265/70/R18,4,1,0.000367,54026.78571428571,4
BFGOODRICH,BFGOODRICH 265/65/R17 ALL-TERRAIN T/A KO3 116/113S,265/65/R17,4,1,0.000367,54017.85714285714,4
YOKOHAMA,YOKOHAMA 225/45/R18 ADVAN FLEVA V701 95W,225/45/R18,4,2,0.000734,53995.71428571428,8
BRIDGESTONE,BRIDGESTONE 175/65/R14 ECOPIA EP150 82H,175/65/R14,2,7,0.001284,53961.07142857142,14
APOLLO,APOLLO 215/55/R16 ALNAC 4G,215/55/R16,4,3,0.001101,53959.82142857142,12
MICHELIN,MICHELIN 245/35/R21 PILOT SUPER SPORT ZP 96Y,245/35/R21,2,1,0.000183,53571.428571428565,2
MICHELIN,MICHELIN 245/35/ZR19 PILOT SPORT 5 93Y XL TL,null,4,1,0.000367,53571.428571428565,4
YOKOHAMA,YOKOHAMA LT245/75/R16 GEOLANDAR M/T G003 120Q,245/75/R16,4,1,0.000367,53470.53571428571,4
BRIDGESTONE,BRIDGESTONE 245/70/R16 DUELER H/T 689 (RBT) 111S,245/70/R16,4,2,0.000734,53343.39285714285,8
ARIVO,ARIVO 185/60/R15 PREMIO COMFORT 6 88H,185/60/R15,2,11,0.002018,53257.23214285713,22
BRIDGESTONE,BRIDGESTONE 205/65/R16 ECOPIA EP300 95V,205/65/R16,2,5,0.000917,52995.89285714285,10
YOKOHAMA,YOKOHAMA 215/70/R16 GEOLANDAR CV G058 100H,215/70/R16,4,2,0.000734,52794.642857142855,8
ARIVO,ARIVO 195/65/R15 PREMIO COMFORT 6 91V,195/65/R15,4,5,0.001834,52555.892857142855,20
BFGOODRICH,BFGOODRICH 225/60/R17 ADVANTAGE TOURING 99H,225/60/R17,5,2,0.000917,51976.5625,10
YOKOHAMA,YOKOHAMA 215/45/R18 ADVAN FLEVA V701 93W,215/45/R18,4,2,0.000734,51848.21428571428,8
GOODYEAR,GOODYEAR 255/65/R18 WRANGLER TERRITORY HT 111H,255/65/R18,4,1,0.000367,51785.71428571428,4
ARIVO,"ARIVO 195/60/R15 PREMIO COMFORT 6 ",195/60/R15,4,5,0.001834,50916.96428571428,20
DEESTONE,DEESTONE 175/70/R14 NAKARA R201 84H,175/70/R14,4,5,0.001834,50883.74999999999,20
DEESTONE,DEESTONE 265/70/R16 POWERCRUZ AT404 6PR 112 T,265/70/R16,4,2,0.000734,50797.142857142855,8
ARIVO,ARIVO 235/50/R18 PREMIO SPORT 6,235/50/R18,4,3,0.001101,50673.214285714275,12
APOLLO,APOLLO 185/60/R15 ALNAC 4G 84H,185/60/R15,4,4,0.001467,50589.28571428571,16
COOPER,"COOPER 265/65/R18 ROAD + TRAIL 8 PLY ",265/65/R18,4,1,0.000367,50392.85714285714,4
HANKOOK,HANKOOK 205/55/R16 VENTUS PRIME 4 91W,205/55/R16,4,3,0.001101,50291.96428571428,12
ARIVO,ARIVO 265/60/R18 ROCK TRAK R/T,265/60/R18,4,2,0.000734,50208.57142857142,8
YOKOHAMA,YOKOHAMA 265/70/R17 GEOLANDAR A/T 4 G018 113T,265/70/R17,4,1,0.000367,50065.71428571428,4
MICHELIN,MICHELIN 255/55/R19 PRIMACY SUV+ 111V XL TL,255/55/R19,4,1,0.000367,49999.99999999999,4
FRONWAY,FRONWAY 215/50/R17 EURUS 08 95W,215/50/R17,4,4,0.001467,49884.28571428571,16
FRONWAY,FRONWAY 205/55/ZR17 EURUS 08 95W,null,4,4,0.001467,49654.46428571428,16
VREDESTEIN,VREDESTEIN 265/65/R17 PINZA HT 112T,265/65/R17,4,2,0.000734,49642.85714285714,8
ARIVO,ARIVO 265/70/R17 TERRAMAX ARV PRO A/T 112T,265/70/R17,4,2,0.000734,49505.35714285714,8
WESTLAKE,WESTLAKE 155/70/R13 RP36,155/70/R13,4,8,0.002935,49422.14285714285,32
WESTLAKE,WESTLAKE 265/65/R17 SL399 A/T,265/65/R17,4,2,0.000734,49399.99999999999,8
DUNLOP,DUNLOP 265/60/R18 GRANDTREK AT5 110H,265/60/R18,5,1,0.000459,49279.46428571428,5
YOKOHAMA,YOKOHAMA 225/60/R18 GEOLANDAR CV G058 100H,225/60/R18,4,1,0.000367,49107.142857142855,4
MICHELIN,MICHELIN 255/55/R18 PILOT SPORT 4 SUV 109Y XL TL,255/55/R18,4,1,0.000367,49107.142857142855,4
CONTINENTAL,CONTINENTAL 215/55/R18 ULTRA CONTACT UC 6 99W,215/55/R18,2,2,0.000367,48509.99999999999,4
YOKOHAMA,YOKOHAMA 215/45/R17 ADVAN FLEVA V701 91W,215/45/R17,4,2,0.000734,48187.678571428565,8
BRIDGESTONE,BRIDGESTONE 195/R14C DURAVIS R624 106/104S,195/R14C,8,1,0.000734,47391.428571428565,8
APOLLO,APOLLO 235/55/R18 ASPIRE 4G+,235/55/R18,4,2,0.000734,46964.28571428571,8
GOODYEAR,GOODYEAR LT285/70/R17 WRANGLER DURATRAC RT 122/119R,285/70/R17,2,1,0.000183,46936.60714285714,2
WESTLAKE,WESTLAKE 255/60/R18 SU318,255/60/R18,4,2,0.000734,46875,8
MICHELIN,MICHELIN 245/45/R20 PILOT SPORT 4 SUV FRV 103V XL TL,245/45/R20,4,1,0.000367,46794.642857142855,4
LAUFENN,LAUFENN 265/50/R20 S FIT AS 107V,265/50/R20,4,2,0.000734,46770.357142857145,8
YOKOHAMA,YOKOHAMA 265/60/R18 GEOLANDAR H/T G056 110H,265/60/R18,4,1,0.000367,46687.49999999999,4
ARIVO,ARIVO 265/50/R20 TERRAMAX ARV PRO A/T 111S,265/50/R20,4,2,0.000734,46493.928571428565,8
BRIDGESTONE,BRIDGESTONE 265/50/R20 DUELER H/T 684 RBT 107S,265/50/R20,4,1,0.000367,46386.78571428571,4
FRONWAY,FRONWAY 195/65/R15 ECOGREEN ONE 95H,195/65/R15,4,5,0.001834,46200.89285714285,20
BRIDGESTONE,BRIDGESTONE 215/60/R17 ALENZA 001 96H,215/60/R17,4,1,0.000367,46038.928571428565,4
BRIDGESTONE,BRIDGESTONE 205/50/R17 TURANZA T005A,205/50/R17,1,6,0.00055,45906.25,6
GOODYEAR,GOODYEAR 225/55/R17 EAGLE F1 SPORT 101W,225/55/R17,5,1,0.000459,45535.71428571428,5
BRIDGESTONE,BRIDGESTONE 205/55/R17 ECOPIA EP150,205/55/R17,1,6,0.00055,45428.57142857143,6
BFGOODRICH,BFGOODRICH 205/65/R15 ADVANTAGE TOURING 99H,205/65/R15,4,3,0.001101,45423.03571428571,12
ARIVO,ARIVO 235/50/R18 ULTRA ARZ5 97V,235/50/R18,4,3,0.001101,45371.428571428565,12
BRIDGESTONE,BRIDGESTONE 205/55/R16 ECOPIA EP300 91V,205/55/R16,2,4,0.000734,45350.267857142855,8
LAUFENN,LAUFENN 175/65/R14 G FIT AS 82T,175/65/R14,4,5,0.001834,45204.642857142855,20
MICHELIN,MICHELIN 235/60/R18 PILOT SPORT 4 SUV 107W,235/60/R18,4,1,0.000367,45160.71428571428,4
WESTLAKE,WESTLAKE 165/65/R14 RP18,165/65/R14,4,6,0.002201,45103.57142857142,24
WESTLAKE,WESTLAKE 195/65/R15 RP36,195/65/R15,4,4,0.001467,44783.21428571428,16
GOODYEAR,GOODYEAR 255/70/R15C WRANGLER AT SILENTRAC OWL 112/110S,255/70/R15,4,1,0.000367,44761.78571428571,4
KINTO,KINTO 205/55/R16 SC-900 91V/W,205/55/R16,4,3,0.001101,44754.46428571428,12
BRIDGESTONE,BRIDGESTONE 265/70/R17 DUELER A/T 002 115S,265/70/R17,4,1,0.000367,44724.46428571428,4
TOYO,TOYO 265/60/R18 OPRT 96Q,265/60/R18,4,1,0.000367,44642.85714285714,4
MICHELIN,MICHELIN 275/30/R19 PILOT SPORT 4 ZP 96Y,275/30/R19,2,1,0.000183,44642.85714285714,2
DUNLOP,DUNLOP 235/40/R18 SPORTSMAXX LUX 95W,235/40/R18,4,1,0.000367,44642.85714285714,4
YOKOHAMA,YOKOHAMA 185/65/R15 BLUEARTH ES32 88H,185/65/R15,5,2,0.000917,44236.830357142855,10
BFGOODRICH,BFGOODRICH 265/60/R18 ADVANTAGE TOURING 110H,265/60/R18,5,1,0.000459,44206.24999999999,5
WESTLAKE,WESTLAKE 215/50/R17 SA37,215/50/R17,4,3,0.001101,44161.60714285714,12
YOKOHAMA,YOKOHAMA 205/45/R16 ADVAN FLEVA V701 87W,205/45/R16,4,2,0.000734,44129.46428571428,8
BRIDGESTONE,BRIDGESTONE 265/70/R16 DUELER A/T 002 112S,265/70/R16,4,1,0.000367,44119.642857142855,4
MICHELIN,MICHELIN 255/45/R20 PILOT SPORT EV 105W,255/45/R20,4,1,0.000367,44035.71428571428,4
YOKOHAMA,YOKOHAMA 265/50/R20 GEOLANDAR X-CV G057 111W,265/50/R20,4,1,0.000367,43978.21428571428,4
ARIVO,ARIVO 225/45/R18 ULTRA ARZ5,225/45/R18,4,3,0.001101,43807.142857142855,12
WESTLAKE,WESTLAKE 245/45Z/R19 SA37,null,4,2,0.000734,43406.07142857143,8
MICHELIN,MICHELIN 245/50/R18 PRIMACY 5 104W,245/50/R18,4,1,0.000367,43285.71428571428,4
HANKOOK,HANKOOK 235/35/ZR19 VENTUS S1 EVO 3 91Y,null,4,1,0.000367,43241.78571428571,4
DUNLOP,DUNLOP 215/75/R15 GRANDTREK AT5 100S,215/75/R15,4,1,0.000367,43171.60714285714,4
BRIDGESTONE,BRIDGESTONE 185/55/R16 ECOPIA EP300 83V,185/55/R16,4,2,0.000734,42615.714285714275,8
DUNLOP,DUNLOP 215/60/R17 ENASAVE EC300+ 96H,215/60/R17,2,3,0.00055,42539.017857142855,6
TOYO,TOYO 255/45/R20 PXST3 102V,255/45/R20,4,1,0.000367,42385.53571428571,4
YOKOHAMA,YOKOHAMA 235/45/R18 ADVAN DB V553 98W,235/45/R18,4,1,0.000367,42331.60714285714,4
LAUFENN,LAUFENN 225/60/R17 G FIT AS 99T,225/60/R17,8,1,0.000734,42310.178571428565,8
VREDESTEIN,VREDESTEIN 205/55/R17 ULTRAC 95V,205/55/R17,4,2,0.000734,41857.142857142855,8
BFGOODRICH,BFGOODRICH 195/55/R16 ADVANTAGE TOURING 87V,195/55/R16,4,3,0.001101,41822.678571428565,12
BFGOODRICH,BFGOODRICH 225/45/R17 ADVANTAGE TOURING 94V,225/45/R17,4,2,0.000734,41809.28571428571,8
MICHELIN,MICHELIN 215/60/R17 PRIMACY 5 100V,215/60/R17,5,1,0.000459,41660.71428571428,5
WESTLAKE,WESTLAKE 235/45/ZR19 SUPERIDE 1,null,4,2,0.000734,41021.07142857142,8
ARIVO,ARIVO 245/40/R19 PREMIO SPORT 6,245/40/R19,4,2,0.000734,40983.03571428571,8
FRONWAY,FRONWAY 265/65/R17 ROCKBLADE AT II 112/T,265/65/R17,4,2,0.000734,40937.678571428565,8
LAUFENN,LAUFENN 225/55/R18 S FIT AS 98W,225/55/R18,4,2,0.000734,40917.678571428565,8
MICHELIN,MICHELIN 205/55/R17 PRIMACY 5 95W,205/55/R17,5,1,0.000459,40821.428571428565,5
COOPER,COOPER 215/65/R16 DISCOVERER ATT 102H,215/65/R16,4,2,0.000734,40635,8
YOKOHAMA,YOKOHAMA 225/60/R17 GEOLANDAR G95A 99V,225/60/R17,4,1,0.000367,40513.392857142855,4
BRIDGESTONE,BRIDGESTONE 235/60/R17 DURAVIS R660 109T,235/60/R17,3,1,0.000275,40446.428571428565,3
RADAR,RADAR 275/55/R20 RENEGADE H/T PRO EV-C 117T,275/55/R20,4,1,0.000367,40390.35714285714,4
MICHELIN,MICHELIN 265/70/R16 PRIMACY SUV+ 112H,265/70/R16,4,1,0.000367,40263.392857142855,4
MICHELIN,MICHELIN 175/50/R15 ENERGY XM2+ 79H,175/50/R15,4,2,0.000734,40205.35714285714,8
BRIDGESTONE,BRIDGESTONE 195/50/R16 TURANZA ER33 84V,195/50/R16,4,2,0.000734,40203.928571428565,8
MICHELIN,MICHELIN 205/55/R17 PRIMACY 3 ZP 95W,205/55/R17,4,1,0.000367,40178.57142857143,4
ARIVO,ARIVO 175/65/R14 PREMIO COMFORT 6 82H,175/65/R14,2,11,0.002018,40094.82142857142,22
COOPER,COOPER 255/55/R19 DISCOVERER ATT 111H,255/55/R19,4,1,0.000367,39839.28571428571,4
YOKOHAMA,YOKOHAMA 265/75/R16 GEOLANDAR H/T G056 116H,265/75/R16,4,1,0.000367,39624.99999999999,4
LAUFENN,LAUFENN 155/70/R13 G FIT EQ 75T,155/70/R13,4,5,0.001834,39545.357142857145,20
FRONWAY,FRONWAY 175/65/R14 ECOGREEN ONE 82V,175/65/R14,4,6,0.002201,39481.428571428565,24
MICHELIN,MICHELIN 245/45/R18 PRIMACY 5 100W XL,245/45/R18,4,1,0.000367,39285.71428571428,4
MICHELIN,MICHELIN 255/65/R17 PRIMACY SUV+ 110H,255/65/R17,4,1,0.000367,39241.07142857143,4
MICHELIN,MICHELIN 245/45/R18 PRIMACY 3 ZP 100Y,245/45/R18,2,1,0.000183,39160.71428571428,2
YOKOHAMA,YOKOHAMA 205/65/R15 BLUEARTH ES32 94H,205/65/R15,4,2,0.000734,39080.178571428565,8
BFGOODRICH,BFGOODRICH 215/65/R16 ADVANTAGE TOURING 98T,215/65/R16,4,2,0.000734,39077.142857142855,8
WESTLAKE,WESTLAKE 195/50/R15 RP36,195/50/R15,4,4,0.001467,39025.35714285714,16
FRONWAY,FRONWAY 175/70/R14 ECOGREEN ONE 84T,175/70/R14,4,5,0.001834,38941.07142857142,20
WESTLAKE,WESTLAKE 205/60/R16 RP36,205/60/R16,4,3,0.001101,38801.25,12
APOLLO,APOLLO 205/65/R16 ALNAC 4G 94H,205/65/R16,4,2,0.000734,38785.71428571428,8
WESTLAKE,WESTLAKE 215/70/R16 SL369 A/T,215/70/R16,4,2,0.000734,38635,8
ARIVO,"ARIVO 205/65/R16 PREMIO COMFORT 6 ",205/65/R16,2,6,0.001101,38582.678571428565,12
YOKOHAMA,YOKOHAMA P265/65/R17 GEOLANDAR H/T G056 110T,265/65/R17,4,1,0.000367,38555.892857142855,4
WESTLAKE,WESTLAKE 205/50/R16 SA37,205/50/R16,4,3,0.001101,38546.24999999999,12
MICHELIN,MICHELIN 235/60/R17 AGILIS 3 117/115T,235/60/R17,4,1,0.000367,38392.85714285714,4
DUNLOP,DUNLOP 275/55/R20 GRANDTREK AT5 113T,275/55/R20,4,1,0.000367,38332.32142857142,4
WESTLAKE,WESTLAKE 195/R14C SC328,195/R14C,4,3,0.001101,38237.142857142855,12
VREDESTEIN,VREDESTEIN 285/65/R18 PINZA AT,285/65/R18,4,1,0.000367,38209.82142857143,4
WESTLAKE,WESTLAKE 195/60/R16 RP36,195/60/R16,4,3,0.001101,38205.71428571428,12
APOLLO,APOLLO 185/70/R14 AMAZER XP 88H,185/70/R14,4,3,0.001101,38178.57142857143,12
MICHELIN,MICHELIN 215/50/ZR17 PILOT SPORT 5 95Y XL TL,null,4,1,0.000367,38176.78571428571,4
APOLLO,APOLLO 215/55/R16 ALNAC 4G,215/55/R16,8,1,0.000734,37968.75,8
WESTLAKE,WESTLAKE 225/50/R18 SUPERIDE1,225/50/R18,4,2,0.000734,37598.21428571428,8
MICHELIN,MICHELIN 245/60/R18 PRIMACY SUV+ 105V,245/60/R18,4,1,0.000367,37098.21428571428,4
ARIVO,ARIVO 205/70/R15 PREMIO COMFORT 6 96H,205/70/R15,4,3,0.001101,37003.21428571428,12
YOKOHAMA,YOKOHAMA 235/60/R17C BLUEARTH VAN RY55 109T,235/60/R17,4,1,0.000367,36964.28571428571,4
LAUFENN,LAUFENN 195/50/R16 S FIT EQ 84V,195/50/R16,4,3,0.001101,36727.85714285714,12
CONTINENTAL,CONTINENTAL 205/45/R17 MAX CONTACT MC7 88W,205/45/R17,4,1,0.000367,36666.07142857143,4
MICHELIN,MICHELIN 265/70/R15 LTX TRAIL 112T,265/70/R15,4,1,0.000367,36607.142857142855,4
BFGOODRICH,BFGOODRICH 215/45/R17 ADVANTAGE TOURING 91V,215/45/R17,4,2,0.000734,36375,8
ARIVO,ARIVO 185/55/R15 PREMIO ARZ1,185/55/R15,4,4,0.001467,36348.928571428565,16
MICHELIN,MICHELIN 225/50/R17 PRIMACY 5 98W XL,225/50/R17,5,1,0.000459,36276.78571428571,5
WESTLAKE,WESTLAKE 245/40Z/R18 SA37,null,4,2,0.000734,36141.78571428571,8
YOKOHAMA,YOKOHAMA 235/65/R16C BLUEARTH VAN RY55 115/113T,235/65/R16,4,1,0.000367,36094.642857142855,4
LAUFENN,LAUFENN 215/70/R16 X FIT HT 100H,215/70/R16,4,2,0.000734,36065.71428571428,8
MICHELIN,MICHELIN 185/60/R14 ENERGY XM2+ 82H,185/60/R14,4,2,0.000734,36022.32142857142,8
FRONWAY,FRONWAY 195//R14C VANPLUS 09 106/104/R,null,4,3,0.001101,35972.678571428565,12
NANKANG,NANKANG 235/65/R16C CW25,235/65/R16,5,1,0.000459,35714.28571428571,5
MICHELIN,MICHELIN 215/40/ZR17 PILOT SPORT 5 87Y XL TL,null,4,1,0.000367,35714.28571428571,4
MICHELIN,MICHELIN 245/45/R17 PRIMACY 5 99Y,245/45/R17,4,1,0.000367,35714.28571428571,4
MICHELIN,MICHELIN 235/45/R17 PRIMACY 5 97W,235/45/R17,4,1,0.000367,35642.85714285714,4
ARIVO,ARIVO 195/55/R16 PREMIO COMFORT 6,195/55/R16,4,3,0.001101,35622.32142857142,12
LAUFENN,LAUFENN 235/40/ZR18 S FIT A/Z FIT E 95Y,null,4,2,0.000734,35572.15178571429,8
MICHELIN,MICHELIN 225/60/R16 PRIMACY 4 ST 98W,225/60/R16,4,1,0.000367,35531.25,4
MICHELIN,MICHELIN 195/60/R16 PRIMACY 5 93V,195/60/R16,5,1,0.000459,35495.53571428571,5
BFGOODRICH,BFGOODRICH 205/65/R16 ADVANTAGE TOURING 95H,205/65/R16,2,4,0.000734,35449.553571428565,8
ARIVO,ARIVO 205/45/R17 ULTRA ARZ5,205/45/R17,4,3,0.001101,35438.21428571428,12
LINGLONG,LINGLONG 185/60/R15 COMFORT MASTER 84H,185/60/R15,4,4,0.001467,35280.357142857145,16
WESTLAKE,WESTLAKE 185/65/R15 RP36,185/65/R15,2,7,0.001284,35276.60714285714,14
TOYO,TOYO 265/60/R18 PXST3 114V,265/60/R18,4,1,0.000367,35093.21428571428,4
MICHELIN,MICHELIN 215/40/ZR18 PILOT SPORT 5 89Y,null,4,1,0.000367,34986.60714285714,4
YOKOHAMA,YOKOHAMA 235/65/R17 GEOLANDAR CV G058 108V,235/65/R17,4,1,0.000367,34955.35714285714,4
LAUFENN,LAUFENN 255/40/ZR19 Z FIT EQ 100Y,null,4,1,0.000367,34866.60714285714,4
FALKEN,FALKEN 275/65/R18 WILDPEAK A/T 4W 116T,275/65/R18,2,1,0.000183,34724.19642857143,2
TOYO,TOYO 225/55/R19 PXST3 99V,225/55/R19,4,1,0.000367,34691.42857142857,4
DEESTONE,DEESTONE 265/75/R16 POWERCRUZ MT431 10PR 119/116 Q,265/75/R16,4,1,0.000367,34642.85714285714,4
HANKOOK,HANKOOK 205/70/R15C VANTRA RA18 106/104R,205/70/R15,4,2,0.000734,34606.78571428571,8
YOKOHAMA,YOKOHAMA 225/55/R17 BLUEARTH XT AE61 97W,225/55/R17,4,1,0.000367,34566.96428571428,4
LAUFENN,LAUFENN 235/35/ZR19 Z FIT EQ 91Y,null,4,1,0.000367,34322.94642857142,4
GOODYEAR,GOODYEAR 225/45/R17 EAGLE F1 ASYMMETRIC 6 94Y,225/45/R17,4,1,0.000367,34321.428571428565,4
BRIDGESTONE,BRIDGESTONE 215/55/R17 TURANZA ER33 94V,215/55/R17,2,3,0.00055,34222.85714285714,6
BRIDGESTONE,BRIDGESTONE 205/60/R16 ECOPIA EP300 92V,205/60/R16,2,3,0.00055,34077.142857142855,6
MICHELIN,MICHELIN 235/45/ZR19 PILOT SPORT 5 99Y,null,2,1,0.000183,33928.57142857143,2
BRIDGESTONE,BRIDGESTONE 185/65/R15 ECOPIA EP300 88H,185/65/R15,2,4,0.000734,33579.99999999999,8
LAUFENN,LAUFENN 245/35/ZR20 Z FIT EQ 95Y,null,4,1,0.000367,33468.21428571428,4
YOKOHAMA,YOKOHAMA 185/55/R15 BLUEARTH ES32 82H,185/55/R15,2,4,0.000734,33376.07142857143,8
APOLLO,APOLLO 175/65/R14 AMAZER XP 82T,175/65/R14,4,3,0.001101,33294.642857142855,12
MICHELIN,MICHELIN 225/50/R18 PRIMACY 5 99W,225/50/R18,1,3,0.000275,33294.642857142855,3
BRIDGESTONE,BRIDGESTONE 235/60/R17 DURAVIS R660 109T,235/60/R17,2,1,0.000183,33279.91071428571,2
FRONWAY,FRONWAY 185/55/R15 ECOGREEN ONE 82V,185/55/R15,4,4,0.001467,33214.28571428571,16
ARIVO,ARIVO 225/55/R18 ULTRA ARZ5 102W,225/55/R18,4,2,0.000734,33212.5,8
BFGOODRICH,BFGOODRICH 225/60/R18 ADVANTAGE TOURING 104H,225/60/R18,4,1,0.000367,33170.53571428571,4
MICHELIN,MICHELIN 195/80/R15C AGILIS 3 108S,195/80/R15,5,1,0.000459,33098.21428571428,5
FRONWAY,FRONWAY 205/65/R16 ECOGREEN ONE 95H,205/65/R16,4,3,0.001101,33058.21428571428,12
LAUFENN,LAUFENN 255/55/R20 X FIT HP 107V,255/55/R20,4,1,0.000367,33010.53571428571,4
APOLLO,APOLLO 235/60/R18 APTERRA HP,235/60/R18,5,1,0.000459,33008.928571428565,5
DEESTONE,DEESTONE 185/60/R15  PREMIUM TOURER RA01 84H,185/60/R15,4,3,0.001101,32863.392857142855,12
YOKOHAMA,YOKOHAMA 215/50/R17 ADVAN DB V551 91V,215/50/R17,4,1,0.000367,32464.28571428571,4
TOYO,TOYO 225/65/R17 PXST3 106V,225/65/R17,4,1,0.000367,32333.392857142855,4
LAUFENN,LAUFENN 215/65/R16 G FIT AS 98H,215/65/R16,4,2,0.000734,32315.714285714283,8
ARIVO,ARIVO 185/R14C TRANSITO ARZ 6-C,185/R14C,4,3,0.001101,32219.10714285714,12
WESTLAKE,WESTLAKE 215/60/R17 SU318,215/60/R17,4,2,0.000734,32166.42857142857,8
BFGOODRICH,BFGOODRICH 265/60/R18 ADVANTAGE TOURING 110H,265/60/R18,4,1,0.000367,32079.285714285714,4
ARIVO,ARIVO 225/65/R17 PREMIO COMFORT 6 102H,225/65/R17,4,2,0.000734,31981.78571428571,8
LAUFENN,LAUFENN 235/50/R19 S FIT AS 103 XLV,235/50/R19,2,2,0.000367,31878.392857142855,4
HANKOOK,HANKOOK 265/60/R18 DYNAPRO AT2 XTREME RF12 114T,265/60/R18,4,1,0.000367,31836.78571428571,4
WESTLAKE,WESTLAKE 195/70/R14 RP36,195/70/R14,4,3,0.001101,31750.178571428565,12
MICHELIN,MICHELIN 235/35/ZR19 PILOT SPORT 5 91Y XL TL,null,2,1,0.000183,31732.142857142855,2
ARIVO,ARIVO 285/70/R17 TERRAMAX ARV PRO A/T 121/118Q,285/70/R17,4,1,0.000367,31715.535714285714,4
MICHELIN,MICHELIN 215/45/R18 PRIMACY 5 93W,215/45/R18,4,1,0.000367,31602.67857142857,4
WESTLAKE,WESTLAKE 235/40/ZR18 SA37,null,4,2,0.000734,31584.999999999993,8
APOLLO,APOLLO 265/50/R20 APTERRA AT 2,265/50/R20,4,1,0.000367,31566.964285714283,4
DEESTONE,DEESTONE 265/70/R16 POWERCRUZ AT404 6PR 112 T,265/70/R16,5,1,0.000459,31391.071428571424,5
HANKOOK,HANKOOK 225/55/R19 VENTUS PRIME 4 99V,225/55/R19,4,1,0.000367,31281.071428571428,4
BFGOODRICH,BFGOODRICH 195/60/R15 ADVANTAGE TOURING 88H,195/60/R15,4,2,0.000734,31257.857142857138,8
MICHELIN,MICHELIN 215/50/R18 PRIMACY SUV+ 92V,215/50/R18,4,1,0.000367,31191.964285714283,4
ARIVO,ARIVO 215/70/R16C TRANSITO ARZ 6-X,215/70/R16,4,2,0.000734,31158.571428571424,8
LAUFENN,LAUFENN 255/45/ZR20 S FIT AS 105 XLW,null,4,1,0.000367,30943.39285714285,4
PIRELLI,PIRELLI 205/45/R17 CINTURATO P7 RFT 88W,205/45/R17,2,1,0.000183,30910.98214285714,2
HANKOOK,HANKOOK 265/60/R18 DYNAPRO HT2 RH14 110T,265/60/R18,4,1,0.000367,30901.42857142857,4
LAUFENN,LAUFENN 205/65/R16 G FIT AS 95H,205/65/R16,4,2,0.000734,30850.714285714286,8
MICHELIN,MICHELIN 175/70/R13 ENERGY XM2+,175/70/R13,4,2,0.000734,30794.642857142855,8
MICHELIN,MICHELIN 195/55/R16 PRIMACY 3 ZP 91V,195/55/R16,4,1,0.000367,30727.67857142857,4
DEESTONE,DEESTONE 245/75/R16 POWERCRUZ XT421 116/113Q,245/75/R16,4,1,0.000367,30533.75,4
ARIVO,ARIVO 285/45/R22 ULTRA SPORT ARV7 114V,285/45/R22,4,1,0.000367,30516.42857142857,4
GOODYEAR,GOODYEAR 255/65/R18 WRANGLER TERRITORY HT 111H,255/65/R18,1,2,0.000183,30339.28571428571,2
CONTINENTAL,CONTINENTAL 205/40/R18 PREMIUM CONTACT 6 SSR 86W,205/40/R18,2,1,0.000183,30159.642857142855,2
WESTLAKE,WESTLAKE 185/60/R15 RP36,185/60/R15,4,3,0.001101,30152.85714285714,12
GOODYEAR,GOODYEAR 255/65/R18 WRANGLER TERRITORY HT 111H,255/65/R18,2,1,0.000183,30035.89285714285,2
MICHELIN,MICHELIN 205/55/R16 ENERGY XM2+ 91V,205/55/R16,5,1,0.000459,30035.714285714283,5
MICHELIN,MICHELIN 205/50/R17 PILOT SPORT 4 93Y,205/50/R17,4,1,0.000367,29910.714285714283,4
MICHELIN,MICHELIN 185/65/R15 ENERGY XM2+ 88H,185/65/R15,5,1,0.000459,29892.85714285714,5
BFGOODRICH,BFGOODRICH 195/50/R16 ADVANTAGE TOURING 88V,195/50/R16,4,2,0.000734,29851.78571428571,8
MICHELIN,MICHELIN 245/70/R16 LTX TRAIL 111T,245/70/R16,4,1,0.000367,29776.78571428571,4
MICHELIN,MICHELIN 165/60/R14 ENERGY XM2+ 79T,165/60/R14,4,2,0.000734,29767.85714285714,8
BRIDGESTONE,BRIDGESTONE 205/50/R17 TURANZA T005A,205/50/R17,2,2,0.000367,29742.767857142855,4
BRIDGESTONE,BRIDGESTONE 195/R15C DURAVIS R624 106/104S,195/R15C,5,1,0.000459,29619.642857142855,5
YOKOHAMA,YOKOHAMA 225/50/R18 ADVAN FLEVA V701 99W,225/50/R18,2,2,0.000367,29577.946428571428,4
WESTLAKE,WESTLAKE 215/70/R16 SU318,215/70/R16,4,2,0.000734,29573.214285714283,8
BRIDGESTONE,BRIDGESTONE 205/55/R17 ECOPIA EP150,205/55/R17,4,1,0.000367,29481.071428571428,4
LAUFENN,LAUFENN 265/70/R17 X FIT HT 115T,265/70/R17,4,1,0.000367,29394.464285714286,4
APOLLO,APOLLO 265/65/R17 APTERRA A/T2 112T,265/65/R17,4,1,0.000367,29374.64285714285,4
APOLLO,APOLLO 195/60/R16 ALNAC 4G,195/60/R16,4,2,0.000734,29237.857142857138,8
WESTLAKE,WESTLAKE 215/55/R16 SA37,215/55/R16,4,2,0.000734,29217.85714285714,8
BFGOODRICH,BFGOODRICH 215/60/R17 ADVANTAGE TOURING 96H,215/60/R17,3,2,0.00055,29187.67857142857,6
BRIDGESTONE,BRIDGESTONE 205/50/R17 TURANZA T005A,205/50/R17,4,1,0.000367,29176.607142857138,4
HANKOOK,HANKOOK 265/70/R16 DYNAPRO AT2 XTREME RF12 112T,265/70/R16,4,1,0.000367,29169.28571428571,4
ARIVO,ARIVO 185/70/R14 PREMIO ARZ1 88H,185/70/R14,4,3,0.001101,29100.714285714283,12
APOLLO,APOLLO 195/50/R15 ALNAC 4G 82V,195/50/R15,4,2,0.000734,29098.214285714283,8
FRONWAY,FRONWAY 205/60/R16 ECOGREEN ONE 96V,205/60/R16,5,1,0.000459,29017.85714285714,5
ARIVO,ARIVO 225/60/R17 PREMIO COMFORT 6 99H,225/60/R17,4,2,0.000734,28975.35714285714,8
YOKOHAMA,YOKOHAMA 215/65/R16 GEOLANDAR CV G058 98H,215/65/R16,4,1,0.000367,28910.714285714283,4
GOODYEAR,GOODYEAR 205/60/R16 ASSURANCE MAXGUARD 92V,205/60/R16,4,1,0.000367,28840.17857142857,4
ARIVO,ARIVO 215/65/R16 PREMIO COMFORT 6 98H,215/65/R16,4,2,0.000734,28784.28571428571,8
YOKOHAMA,YOKOHAMA 215/60/R17 GEOLANDAR CV G058 96H,215/60/R17,2,2,0.000367,28748.66071428571,4
APOLLO,APOLLO 265/60/R18 APTERRA AT 2,265/60/R18,4,1,0.000367,28741.071428571428,4
DUNLOP,DUNLOP 195/60/R16 ENASAVE EC300+ 89H,195/60/R16,4,1,0.000367,28571.42857142857,4
WESTLAKE,WESTLAKE 215/55/R17 SA37,215/55/R17,4,2,0.000734,28438.392857142855,8
BFGOODRICH,BFGOODRICH 195/55/R15 ADVANTAGE TOURING 89V,195/55/R15,4,2,0.000734,28435.357142857138,8
WESTLAKE,WESTLAKE 195/R15C SC328,195/R15C,4,2,0.000734,28386.42857142857,8
WESTLAKE,WESTLAKE 185/70/R14 RP36,185/70/R14,4,3,0.001101,28357.142857142855,12
ARIVO,"ARIVO 185/55/R15 PREMIO COMFORT 6 ",185/55/R15,2,6,0.001101,28248.125,12
LINGLONG,"LINGLONG 225/65/R17 COMFORT MASTER ",225/65/R17,4,2,0.000734,28245.892857142855,8
VREDESTEIN,VREDESTEIN 265/65/R18 PINZA AT,265/65/R18,4,1,0.000367,28113.214285714283,4
DUNLOP,DUNLOP 215/55/R17 BLUE RESPONSE TG 94V,215/55/R17,4,1,0.000367,28095.35714285714,4
YOKOHAMA,YOKOHAMA 215/50/R17 BLUEARTH GT AE51 95W,215/50/R17,4,1,0.000367,28053.571428571428,4
APOLLO,APOLLO 245/70/R16 APTERRA A/T 2,245/70/R16,4,1,0.000367,28044.642857142855,4
DEESTONE,DEESTONE 175/65/R14 NAKARA R201 82H,175/65/R14,4,3,0.001101,28028.749999999996,12
CST,CST 195/60/R16 MARQUIS MR-C5 89H,195/60/R16,4,2,0.000734,27975.357142857138,8
DUNLOP,DUNLOP 215/65/R16 ENASAVE EC300+ 98S,215/65/R16,4,1,0.000367,27940.714285714283,4
DUNLOP,DUNLOP 215/65/R16 SPORT LM705 98H,215/65/R16,4,1,0.000367,27940.714285714283,4
VREDESTEIN,VREDESTEIN 275/70/R18 PINZA AT,275/70/R18,2,1,0.000183,27830.35714285714,2
WESTLAKE,WESTLAKE 205/50/R17 SA37,205/50/R17,2,4,0.000734,27694.294642857138,8
BRIDGESTONE,BRIDGESTONE 205/55/R16 ECOPIA EP300 91V,205/55/R16,5,1,0.000459,27678.571428571428,5
VREDESTEIN,VREDESTEIN 255/45/R18 ULTRAC VORTI I,255/45/R18,4,1,0.000367,27595.267857142855,4
ARIVO,"ARIVO 215/60/R17 PREMIO COMFORT 6 ",215/60/R17,4,2,0.000734,27585,8
MICHELIN,MICHELIN 235/45/ZR18 PILOT SPORT 5 98Y XL TL,null,2,1,0.000183,27562.499999999996,2
MICHELIN,MICHELIN 215/65/R15 ENERGY XM2+ 96H,215/65/R15,4,1,0.000367,27495.53571428571,4
BFGOODRICH,BFGOODRICH 185/55/R16 ADVANTAGE TOURING 87H,185/55/R16,2,4,0.000734,27449.821428571428,8
BFGOODRICH,BFGOODRICH 235/60/R18 ADVANTAGE TOURING 103H,235/60/R18,2,2,0.000367,27385.892857142855,4
YOKOHAMA,YOKOHAMA 205/70/R15 GEOLANDAR G046 96T,205/70/R15,5,1,0.000459,27312.499999999996,5
WESTLAKE,WESTLAKE 185/65/R14 RP36,185/65/R14,4,3,0.001101,27190.53571428571,12
CST,CST 175/65/R14 MARQUIS MR-C5 82H,175/65/R14,4,3,0.001101,27189.821428571428,12
ARIVO,ARIVO 285/40/R22 ULTRA SPORT ARV7,285/40/R22,2,2,0.000367,27186.589285714283,4
YOKOHAMA,YOKOHAMA 225/45/R18 ADVAN FLEVA V701 95W,225/45/R18,2,2,0.000367,27052.85714285714,4
YOKOHAMA,YOKOHAMA 225/50/R17 BLUEARTH GT AE51 98W,225/50/R17,4,1,0.000367,26942.142857142855,4
YOKOHAMA,YOKOHAMA 225/40/R18 BLUEARTH GT AE51 92W,225/40/R18,4,1,0.000367,26810.357142857138,4
WESTLAKE,WESTLAKE 265/70/R17 SL399 A/T,265/70/R17,4,1,0.000367,26785.714285714283,4
LAUFENN,LAUFENN 245/30/ZR20 Z FIT EQ 90Y,null,4,1,0.000367,26785.714285714283,4
ATLAS,ATLAS 265/60/R18 PARALLER AT 2 114/Q,265/60/R18,4,1,0.000367,26785.714285714283,4
GOODYEAR,GOODYEAR 195/60/R16 ASSURANCE MAXGUARD 89V,195/60/R16,4,1,0.000367,26785.714285714283,4
LAUFENN,LAUFENN 205/55/ZR16 G FIT AS 94V,null,4,2,0.000734,26697.67857142857,8
YOKOHAMA,YOKOHAMA 225/45/R17 BLUEARTH ES32 94V,225/45/R17,4,1,0.000367,26624.999999999996,4
YOKOHAMA,YOKOHAMA 255/65/R17 GEOLANDAR A/T 4 G018 110H,255/65/R17,2,1,0.000183,26588.392857142855,2
LAUFENN,LAUFENN 205/70/R15 G FIT AS 96T,205/70/R15,4,2,0.000734,26554.28571428571,8
MICHELIN,MICHELIN 245/40/R18 PRIMACY 3 ZP 97Y,245/40/R18,2,1,0.000183,26535.714285714283,2
FRONWAY,FRONWAY 175/65/R15 ECOGREEN ONE 84H,175/65/R15,4,3,0.001101,26531.071428571428,12
WESTLAKE,WESTLAKE 175/50/R15 RP26,175/50/R15,4,3,0.001101,26523.75,12
LINGLONG,LINGLONG 185/55/R15 COMFORT MASTER 82H,185/55/R15,4,3,0.001101,26506.25,12
MICHELIN,MICHELIN 205/70/R15 AGILIS 3 106S,205/70/R15,4,1,0.000367,26410.714285714283,4
YOKOHAMA,YOKOHAMA 205/70/R15C BLUEARTH VAN RY55 106S,205/70/R15,4,1,0.000367,26392.85714285714,4
PIRELLI,PIRELLI 225/45/R17 POWERGY 94W,225/45/R17,4,1,0.000367,26339.28571428571,4
DUNLOP,DUNLOP 185/60/R16 ENASAVE EC300+ 86H,185/60/R16,4,1,0.000367,26315.892857142855,4
GOODYEAR,GOODYEAR 205/60/R17 ASSURANCE MAXGUARD 94V,205/60/R17,4,1,0.000367,26269.821428571428,4
FRONWAY,FRONWAY 195/55/R15 ECOGREEN ONE 85V,195/55/R15,4,3,0.001101,26233.928571428572,12
APOLLO,APOLLO 235/60/R18 APTERRA HP,235/60/R18,4,1,0.000367,26223.214285714283,4
MICHELIN,MICHELIN 245/45/ZR19 PILOT SPORT 5 102Y XL TL,null,2,1,0.000183,26116.071428571428,2
WESTLAKE,WESTLAKE 265/40/R22 SA57,265/40/R22,4,1,0.000367,26068.749999999996,4
LAUFENN,LAUFENN 265/60/R18 X FIT AT 114 XLT,265/60/R18,4,1,0.000367,26032.67857142857,4
APOLLO,APOLLO 225/65/R17 APTERRA H/T 2,225/65/R17,4,1,0.000367,25901.78571428571,4
VREDESTEIN,VREDESTEIN 245/40/R18 ULTRAC VORTI I,245/40/R18,4,1,0.000367,25892.85714285714,4
PIRELLI,PIRELLI 225/50/R18 CINTURATO P7 RFT 95W,225/50/R18,1,1,0.000092,25879.464285714283,1
APOLLO,APOLLO 245/45/R18 ASPIRE 4G+,245/45/R18,4,1,0.000367,25874.999999999996,4
BRIDGESTONE,BRIDGESTONE 235/70/R15 ECOPIA H/L 001 103S,235/70/R15,4,1,0.000367,25807.5,4
APOLLO,APOLLO 225/60/R17 APTERRA H/P 99H,225/60/R17,4,1,0.000367,25794.642857142855,4
ARIVO,ARIVO 235/55/R18 PREMIO SPORT 6 100V,235/55/R18,2,3,0.00055,25764.642857142855,6
DEESTONE,DEESTONE 265/50/R20 STORMZ RS 111V,265/50/R20,4,1,0.000367,25718.392857142855,4
YOKOHAMA,YOKOHAMA 215/45/R18 BLUEARTH GT AE51 93W,215/45/R18,4,1,0.000367,25714.28571428571,4
BFGOODRICH,BFGOODRICH 175/65/R15 ADVANTAGE TOURING 84H,175/65/R15,4,2,0.000734,25714.28571428571,8
YOKOHAMA,YOKOHAMA 195/60/R16 BLUEARTH ES32 89H,195/60/R16,4,1,0.000367,25705.35714285714,4
ATLAS,ATLAS 175/65/R14 FORCE HP 82/H,175/65/R14,4,3,0.001101,25699.642857142855,12
MICHELIN,MICHELIN 235/60/R18 E PRIMACY ST 103H,235/60/R18,2,1,0.000183,25618.660714285714,2
FRONWAY,FRONWAY 185/70/R14 ECOGREEN ONE 88H,185/70/R14,4,3,0.001101,25491.071428571428,12
ARIVO,ARIVO 205/55/R16 ULTRA ARZ4 94W,205/55/R16,4,2,0.000734,25481.78571428571,8
FRONWAY,FRONWAY 175/65/R14 ECOGREEN 55 82/T,175/65/R14,4,4,0.001467,25447.499999999996,16
YOKOHAMA,YOKOHAMA 215/55/R16 BLUEARTH GT AE51 97W,215/55/R16,4,1,0.000367,25446.42857142857,4
WESTLAKE,WESTLAKE 255/50/R20 SUPERIDE 1,255/50/R20,4,1,0.000367,25443.749999999996,4
FRONWAY,FRONWAY 195/50/R15 ECOGREEN ONE 82V,195/50/R15,4,3,0.001101,25379.821428571424,12
MICHELIN,MICHELIN 215/60/R17 PRIMACY 4 ST 96H,215/60/R17,4,1,0.000367,25357.142857142855,4
CONTINENTAL,CONTINENTAL 205/60/R16 ULTRA CONTACT UC 7 96V,205/60/R16,2,2,0.000367,25336.78571428571,4
LAUFENN,LAUFENN 195/55/R16 S FIT EQ 87V,195/55/R16,4,2,0.000734,25295.17857142857,8
LINGLONG,"LINGLONG 205/50/R17 SPORT MASTER ",205/50/R17,4,2,0.000734,25192.67857142857,8
NANKANG,NANKANG 215/45/R17 NS-2R 91W,215/45/R17,4,1,0.000367,25186.60714285714,4
DUNLOP,DUNLOP 205/45/R17 SPORT LM705 88W,205/45/R17,4,1,0.000367,25116.071428571428,4
VREDESTEIN,VREDESTEIN 235/65/R16 PINZA HT 121/119R,235/65/R16,4,1,0.000367,25084.821428571428,4
HANKOOK,HANKOOK 225/50/R18 VENTUS PRIME 4 99W,225/50/R18,4,1,0.000367,25081.42857142857,4
VREDESTEIN,VREDESTEIN 265/70/R16 PINZA HT 112T,265/70/R16,4,1,0.000367,25031.249999999996,4
LAUFENN,LAUFENN 275/65/R18 X FIT AT 116T,275/65/R18,4,1,0.000367,24999.999999999996,4
MICHELIN,MICHELIN 255/55/R18 PILOT SPORT 4 SUV,255/55/R18,2,1,0.000183,24910.714285714283,2
HANKOOK,HANKOOK 235/60/R18 DYNAPRO HPX RA43 107V,235/60/R18,4,1,0.000367,24906.78571428571,4
LAUFENN,LAUFENN 265/65/R17 X FIT AT 112T,265/65/R17,4,1,0.000367,24882.142857142855,4
ARIVO,ARIVO 175/50/R15 PREMIO COMFORT 6 75H,175/50/R15,4,3,0.001101,24865.53571428571,12
WESTLAKE,WESTLAKE 275/70/R16 SU318,275/70/R16,4,1,0.000367,24856.249999999996,4
FRONWAY,FRONWAY 195/70/R15C VANPLUS 09 104/102/R,195/70/R15,4,2,0.000734,24856.249999999996,8
MAXXIS,MAXXIS 185/65/R15 MAP5 88H,185/65/R15,4,2,0.000734,24792.142857142855,8
HANKOOK,HANKOOK 225/60/R18 VENTUS PRIME 4 102H,225/60/R18,4,1,0.000367,24788.214285714283,4
ATLAS,ATLAS 265/65/R17 PARALLER AT 2 116/Q,265/65/R17,4,1,0.000367,24553.571428571428,4
APOLLO,APOLLO 7.50-15 VIHAAN RIB 121/117K 14PR TT,null,4,1,0.000367,24508.92857142857,4
DUNLOP,DUNLOP 185/65/R15 ENASAVE EC300+ 88H,185/65/R15,4,1,0.000367,24492.499999999996,4
BRIDGESTONE,BRIDGESTONE 205/65/R16 TURANZA T005A,205/65/R16,4,1,0.000367,24454.464285714283,4
WESTLAKE,WESTLAKE 195/55/R16 RP36,195/55/R16,4,2,0.000734,24441.78571428571,8
WESTLAKE,WESTLAKE 255/70/R16 SU318,255/70/R16,4,1,0.000367,24285.714285714283,4
APOLLO,APOLLO 215/70/R16C ALTRUST GRIP,215/70/R16,4,1,0.000367,24227.67857142857,4
GOODYEAR,GOODYEAR 175/70/R14 ASSURANCE DURAPLUS 2 84H,175/70/R14,5,1,0.000459,24147.321428571428,5
GOODYEAR,GOODYEAR 205/65/R15 ASSURANCE MAXGUARD 94V,205/65/R15,4,1,0.000367,24144.642857142855,4
MICHELIN,MICHELIN 195/80/R15C AGILIS 3 108S,195/80/R15,4,1,0.000367,24133.92857142857,4
APOLLO,APOLLO 175/70/R14 AMAZER XP 84T,175/70/R14,4,2,0.000734,24098.214285714283,8
GOODYEAR,GOODYEAR 195/65/R15 ASSURANCE MAXGUARD 91V,195/65/R15,4,1,0.000367,24076.785714285714,4
HANKOOK,HANKOOK 235/40/R18 VENTUS PRIME 4 95W,235/40/R18,4,1,0.000367,24038.214285714283,4
APOLLO,APOLLO 225/50/R18 ASPIRE 4G+ 99Y,225/50/R18,4,1,0.000367,23919.642857142855,4
YOKOHAMA,YOKOHAMA 215/40/R17 ADVAN FLEVA V701 87W,215/40/R17,4,1,0.000367,23865.714285714283,4
VREDESTEIN,VREDESTEIN 235/65/R17 PINZA AT,235/65/R17,4,1,0.000367,23794.642857142855,4
FRONWAY,FRONWAY 205/50/R17 EURUS 08 93W XL,205/50/R17,4,2,0.000734,23764.999999999996,8
CONTINENTAL,CONTINENTAL 275/45/R19 PREMIUM CONTACT 6 108Y,275/45/R19,1,1,0.000092,23758.92857142857,1
HANKOOK,HANKOOK 235/70/R16 DYNAPRO AT2 XTREME RF12 109T,235/70/R16,4,1,0.000367,23730.35714285714,4
BRIDGESTONE,BRIDGESTONE 265/60/R18 AT002 114S,265/60/R18,2,1,0.000183,23724.642857142855,2
PIRELLI,PIRELLI 275/40/R22 SCORPION VERDE ALL SEASON 108Y,275/40/R22,1,1,0.000092,23718.749999999996,1
NITTO,NITTO 205/50/R15 NTNEO 89V,205/50/R15,4,1,0.000367,23660.714285714283,4
VREDESTEIN,VREDESTEIN 225/65/R17 PINZA HT 102H,225/65/R17,4,1,0.000367,23660.714285714283,4
LAUFENN,LAUFENN 265/70/R16 X FIT HT 112T,265/70/R16,4,1,0.000367,23574.464285714286,4
KINTO,KINTO 235/60/R18 ST-51 107V,235/60/R18,4,1,0.000367,23574.464285714286,4
BFGOODRICH,BFGOODRICH 205/65/R15 ADVANTAGE TOURING 99H,205/65/R15,2,3,0.00055,23544.196428571428,6
FRONWAY,FRONWAY 185/60/R15 ECOGREEN ONE 88H,185/60/R15,4,3,0.001101,23521.60714285714,12
BFGOODRICH,BFGOODRICH 225/50/R17 ADVANTAGE TOURING 98V,225/50/R17,4,1,0.000367,23521.071428571424,4
NANKANG,NANKANG 235/40/R18 NS-2 95H,235/40/R18,4,1,0.000367,23453.214285714283,4
HANKOOK,HANKOOK 225/55/R17 VENTUS PRIME 4 101W,225/55/R17,4,1,0.000367,23383.92857142857,4
DEESTONE,DEESTONE 185/55/R15 VINCENTE R203 82V,185/55/R15,4,2,0.000734,23367.85714285714,8
WESTLAKE,WESTLAKE 255/65/R17 SU318,255/65/R17,4,1,0.000367,23310.714285714283,4
WESTLAKE,WESTLAKE 185/55/R16 RP26,185/55/R16,4,2,0.000734,23293.928571428572,8
LINGLONG,LINGLONG 265/40/R22 GREEN-MAX 106V,265/40/R22,4,1,0.000367,23275.892857142855,4
WESTLAKE,WESTLAKE 265/50/R20 SA37,265/50/R20,4,1,0.000367,23262.67857142857,4
ARIVO,ARIVO 205/45/R16 PREMIO SPORT 6 87W,205/45/R16,4,2,0.000734,23235.357142857138,8
MICHELIN,MICHELIN 185/60/R15 ENERGY XM2+ 88H,185/60/R15,5,1,0.000459,23214.285714285714,5
MICHELIN,MICHELIN 235/60/R18 PILOT SPORT 4 SUV 107W,235/60/R18,2,1,0.000183,23214.285714285714,2
MICHELIN,MICHELIN 235/55/R18 PRIMACY 5 104W,235/55/R18,2,1,0.000183,23214.285714285714,2
YOKOHAMA,YOKOHAMA 205/55/R16 ADVAN FLEVA V701 91W,205/55/R16,4,1,0.000367,23200.892857142855,4
BRIDGESTONE,BRIDGESTONE 185/55/R16 TURANZA ER370 83H,185/55/R16,2,2,0.000367,23141.25,4
ATLAS,ATLAS 265/65/R17 PARALLER 4X4 HP 112/T,265/65/R17,4,1,0.000367,23051.42857142857,4
LAUFENN,LAUFENN 225/35/ZR19 Z FIT EQ 88Y,null,4,1,0.000367,23035.714285714283,4
DEESTONE,DEESTONE 195/55/R15 CARRERAS R702 85 V,195/55/R15,4,2,0.000734,22938.214285714283,8
ARIVO,ARIVO 265/70/R16 TERRAMAX ARV PRO A/T 112T,265/70/R16,2,2,0.000367,22893.749999999996,4
HANKOOK,HANKOOK 185/65/R15 KINERGY ECO2 88T,185/65/R15,4,2,0.000734,22861.42857142857,8
GOODYEAR,GOODYEAR LT285/70/R17 WRANGLER DURATRAC RT 122/119R,285/70/R17,1,1,0.000092,22794.642857142855,1
DURATURN,DURATURN 265/65/R17 TRAVIA H/T 112H,265/65/R17,4,1,0.000367,22742.321428571428,4
YOKOHAMA,YOKOHAMA 195/50/R16 ADVAN FLEVA V701 84V,195/50/R16,4,1,0.000367,22629.464285714283,4
BRIDGESTONE,BRIDGESTONE 195/55/R15 POTENZA RE004 ADRENALIN 85W,195/55/R15,4,1,0.000367,22621.785714285714,4
KINTO,KINTO 235/50/ZR18 PRESTIGE P07 101W,null,4,1,0.000367,22566.42857142857,4
ARIVO,ARIVO 205/65/R15 PREMIO COMFORT 6 94V,205/65/R15,4,2,0.000734,22522.499999999996,8
BFGOODRICH,BFGOODRICH 235/75/R15 ADVANTAGE TOURING 109T,235/75/R15,4,1,0.000367,22501.964285714283,4
YOKOHAMA,YOKOHAMA 175/65/R14 BLUEARTH ES32 82T,175/65/R14,2,3,0.00055,22500.714285714283,6
DURATURN,DURATURN 255/50/R20 MOZZO SPORT S2 109W,255/50/R20,4,1,0.000367,22418.571428571428,4
LAUFENN,LAUFENN 195/55/R15 G FIT AS 85V,195/55/R15,4,2,0.000734,22402.5,8
DURATURN,DURATURN 265/50/R20 MOZZO STX - H/T 111V,265/50/R20,4,1,0.000367,22363.214285714283,4
LAUFENN,LAUFENN 195/50/R15 S FIT EQ 85V,195/50/R15,4,2,0.000734,22361.964285714283,8
BLACK,BLACK ARROW 205/55/R16 DART P15 91V,205/55/R16,2,5,0.000917,22355.357142857138,10
KINTO,KINTO 245/45/ZR18 V-36 100W,null,4,1,0.000367,22321.42857142857,4
YOKOHAMA,YOKOHAMA 195/55/R16 BLUEARTH GT AE51 87V,195/55/R16,4,1,0.000367,22321.42857142857,4
NANKANG,NANKANG 215/35/R18 NS2 84H,215/35/R18,4,1,0.000367,22321.42857142857,4
YOKOHAMA,YOKOHAMA 195/70/R14 BLUEARTH ES32 91H,195/70/R14,5,1,0.000459,22321.42857142857,5
BRIDGESTONE,BRIDGESTONE 215/60/R16 ECOPIA EP300 95V,215/60/R16,4,1,0.000367,22321.42857142857,4
FRONWAY,FRONWAY 205/60/R16 ECOGREEN ONE 96V,205/60/R16,4,2,0.000734,22289.28571428571,8
FRONWAY,FRONWAY 185/65/R15 ECOGREEN ONE 88H,185/65/R15,2,5,0.000917,22243.03571428571,10
COOPER,"COOPER 265/65/R17 ROAD + TRAIL 8 PLY ",265/65/R17,2,1,0.000183,22168.92857142857,2
DUNLOP,DUNLOP 195/R15C SP VAN01 106S,195/R15C,4,1,0.000367,22142.85714285714,4
LAUFENN,LAUFENN 215/55/R18 S FIT AS 99V,215/55/R18,4,1,0.000367,22098.214285714283,4
LAUFENN,LAUFENN 215/60/R17 G FIT AS 96T,215/60/R17,5,1,0.000459,22084.821428571428,5
COMFORSER,COMFORSER 205/55/R16 CF510 94W,205/55/R16,4,2,0.000734,22046.071428571424,8
WESTLAKE,WESTLAKE 205/65/R16 RP26,205/65/R16,2,3,0.00055,21902.41071428571,6
MICHELIN,MICHELIN 195/50/R15 PILOT SPORT 3 82V,195/50/R15,4,1,0.000367,21857.142857142855,4
WESTLAKE,WESTLAKE 195/60/R15 RP36,195/60/R15,4,2,0.000734,21761.071428571428,8
FRONWAY,FRONWAY 195/60/R16 ECOGREEN ONE 89H,195/60/R16,4,2,0.000734,21729.642857142855,8
VREDESTEIN,VREDESTEIN 175/65/R14 T-TRAC 2 86T,175/65/R14,4,2,0.000734,21723.214285714283,8
FRONWAY,FRONWAY 205/45/R17 EURUS 08 88/W XL,205/45/R17,4,2,0.000734,21718.392857142855,8
ARIVO,ARIVO 255/45/R20 ULTRA ARZ5 105W,255/45/R20,4,1,0.000367,21606.42857142857,4
LAUFENN,LAUFENN 225/60/R18 S FIT AS 100V,225/60/R18,4,1,0.000367,21558.392857142855,4
ARIVO,ARIVO 205/50/R15 PREMIO ARZ1 86V,205/50/R15,4,2,0.000734,21491.78571428571,8
NANKANG,NANKANG 205/55/R17 AS-1 91V,205/55/R17,4,1,0.000367,21461.964285714286,4
TOYO,TOYO 235/60/R18 PXR45 103H,235/60/R18,2,1,0.000183,21454.73214285714,2
FRONWAY,FRONWAY 265/50/R20 ROCKBLADE AT II 111/S XL,265/50/R20,4,1,0.000367,21443.92857142857,4
APOLLO,APOLLO 165/65/R14 AMAZER XP 79T,165/65/R14,4,2,0.000734,21428.571428571428,8
YOKOHAMA,YOKOHAMA 195/50/R16 BLUEARTH ES32 84V,195/50/R16,4,1,0.000367,21428.571428571428,4
GOODYEAR,GOODYEAR 185/60/R15 ASSURANCE MAXGUARD 84H,185/60/R15,4,1,0.000367,21405.17857142857,4
HANKOOK,HANKOOK 215/50/R17 VENTUS PRIME 4 95W,215/50/R17,4,1,0.000367,21391.964285714283,4
APOLLO,APOLLO 215/50/R17 ASPIRE 4G+,215/50/R17,4,1,0.000367,21374.999999999996,4
HANKOOK,HANKOOK 225/50/R17 VENTUS PRIME 4 98W,225/50/R17,4,1,0.000367,21373.214285714283,4
HANKOOK,HANKOOK 215/70/R16C VANTRA RA18 110/108S,215/70/R16,4,1,0.000367,21337.321428571428,4
PIRELLI,PIRELLI 235/55/R17 POWERGY 99V,235/55/R17,2,1,0.000183,21329.196428571428,2
YOKOHAMA,YOKOHAMA 215/60/R17 GEOLANDAR CV G058 96H,215/60/R17,3,1,0.000275,21245.35714285714,3
LAUFENN,LAUFENN 175/65/R15 G FIT AS 84H,175/65/R15,4,2,0.000734,21232.357142857138,8
KINTO,KINTO 225/45/ZR18 FORZA 001 95W,null,4,1,0.000367,21184.821428571428,4
WESTLAKE,WESTLAKE 235/40Z/R18 Sport RS,null,4,1,0.000367,21166.78571428571,4
WESTLAKE,WESTLAKE 195/60/R14 RP36,195/60/R14,4,2,0.000734,21118.214285714286,8
ARIVO,ARIVO 195/65/R15 PREMIO COMFORT 6 91V,195/65/R15,2,4,0.000734,21112.23214285714,8
MICHELIN,MICHELIN 195/70/R14 ENERGY XM2+ 91H,195/70/R14,4,1,0.000367,20973.214285714283,4
YOKOHAMA,YOKOHAMA 205/70/R15 GEOLANDAR G046 96T,205/70/R15,4,1,0.000367,20938.392857142855,4
ARIVO,ARIVO 245/40/R20 ULTRA ARZ5 99W,245/40/R20,4,1,0.000367,20898.30357142857,4
LAUFENN,LAUFENN 255/35/ZR18 Z FIT EQ 94Y,null,4,1,0.000367,20872.321428571428,4
HANKOOK,HANKOOK 225/40/R18 VENTUS PRIME 4 92W,225/40/R18,4,1,0.000367,20870.892857142855,4
DUNLOP,DUNLOP 215/60/R17 ENASAVE EC300+ 96H,215/60/R17,1,3,0.000275,20727.678571428572,3
BFGOODRICH,BFGOODRICH 205/70/R15 ADVANTAGE TOURING 96T,205/70/R15,4,1,0.000367,20720.35714285714,4
KINTO,KINTO 175/65/R14 SC-901 86H,175/65/R14,4,2,0.000734,20689.999999999996,8
YOKOHAMA,YOKOHAMA 185/60/R15 BLUEARTH ES32 84H,185/60/R15,2,2,0.000367,20577.946428571428,4
FRONWAY,FRONWAY 185/55/R16 ECOGREEN ONE 87V,185/55/R16,4,2,0.000734,20577.85714285714,8
PIRELLI,PIRELLI 225/50/R18 POWERGY 99W,225/50/R18,2,1,0.000183,20466.428571428572,2
LINGLONG,LINGLONG 205/55/R15 COMFORT MASTER 88V,205/55/R15,4,2,0.000734,20435.357142857138,8
BFGOODRICH,BFGOODRICH 185/55/R15 ADVANTAGE TOURING 86V,185/55/R15,2,3,0.00055,20422.142857142855,6
ARIVO,ARIVO 185/65/R14 PREMIO COMFORT 6,185/65/R14,5,2,0.000917,20377.23214285714,10
YOKOHAMA,YOKOHAMA 215/55/R17 BLUEARTH GT AE51 94V,215/55/R17,2,1,0.000183,20299.285714285714,2
APOLLO,APOLLO 165/65/R13 AMAZER XP 77H,165/65/R13,4,2,0.000734,20214.28571428571,8
LAUFENN,LAUFENN 225/50/ZR16 G FIT AS 92V,null,4,1,0.000367,20196.785714285714,4
APOLLO,APOLLO 225/55/R17 ASPIRE 4G+,225/55/R17,4,1,0.000367,20156.249999999996,4
BFGOODRICH,BFGOODRICH 225/60/R17 ADVANTAGE TOURING 99H,225/60/R17,2,2,0.000367,20135,4
FRONWAY,FRONWAY 265/60/R18 ROADPOWER HT 79 110/H,265/60/R18,4,1,0.000367,20110.178571428572,4
MICHELIN,MICHELIN 255/50/R19 LATITUDE SPORT 3 ZP 107W,255/50/R19,1,1,0.000092,20089.285714285714,1
ARIVO,ARIVO 235/55/R19 ULTRA ARZ4,235/55/R19,4,1,0.000367,20048.214285714283,4
BRIDGESTONE,BRIDGESTONE 215/55/R18 TURANZA T005A 95V,215/55/R18,1,2,0.000183,20044.642857142855,2
FRONWAY,FRONWAY 205/65/R15 ECOGREEN ONE 94H,205/65/R15,4,2,0.000734,20003.571428571428,8
YOKOHAMA,YOKOHAMA 185/55/R15 BLUEARTH AE01 82V,185/55/R15,1,4,0.000367,19973.214285714283,4
BLACK,BLACK ARROW 265/70/R16 SUPER DART A/T A25 112S,265/70/R16,4,1,0.000367,19950.35714285714,4
VREDESTEIN,VREDESTEIN 255/50/R19 ULTRAC VORTI I,255/50/R19,2,1,0.000183,19919.642857142855,2
ARIVO,ARIVO 165/65/R13 PREMIO ARZ1,165/65/R13,4,3,0.001101,19880,12
DUNLOP,DUNLOP 265/50/R20 GRANDTREK AT5 111H,265/50/R20,2,1,0.000183,19875.98214285714,2
YOKOHAMA,YOKOHAMA 235/50/R18 BLUEARTH XT AE61 97W,235/50/R18,2,1,0.000183,19821.42857142857,2
BLACK,BLACK ARROW 265/65/R17 SUPER DART A/T A25 112T,265/65/R17,4,1,0.000367,19799.642857142855,4
BRIDGESTONE,BRIDGESTONE 205/65/R15 ECOPIA EP300 94V,205/65/R15,4,1,0.000367,19745.714285714286,4
DURATURN,DURATURN 255/40/R19 MOZZO SPORT 100W,255/40/R19,4,1,0.000367,19689.10714285714,4
APOLLO,APOLLO 215/55/R17 ASPIRE 4G+,215/55/R17,4,1,0.000367,19651.785714285714,4
FRONWAY,FRONWAY 265/65/R17 ROCKBLADE AT II 112/T,265/65/R17,2,2,0.000367,19642.85714285714,4
BRIDGESTONE,BRIDGESTONE 265/65/R18 DUELER A/T D693 (RBT) 114V,265/65/R18,1,1,0.000092,19638.392857142855,1
HANKOOK,HANKOOK 215/65/R16 VENTUS PRIME 4 102H,215/65/R16,4,1,0.000367,19613.75,4
LAUFENN,LAUFENN 215/70/R16C X FIT VAN 109/107S,215/70/R16,4,1,0.000367,19608.571428571424,4
DEESTONE,DEESTONE 265/70/R16 PAYAK R601 112H,265/70/R16,3,1,0.000275,19556.42857142857,3
DUNLOP,DUNLOP 265/60/R18 GRANDTREK AT20 110H,265/60/R18,1,2,0.000183,19535.714285714283,2
MICHELIN,MICHELIN 265/60/R18 PRIMACY SUV+ 110H,265/60/R18,1,2,0.000183,19535.714285714283,2
ARIVO,ARIVO 185/65/R15 PREMIO COMFORT 6 88H,185/65/R15,2,4,0.000734,19506.53571428571,8
FRONWAY,FRONWAY 195/50/R16 ECOGREEN ONE 88V,195/50/R16,4,2,0.000734,19429.28571428571,8
DUNLOP,DUNLOP 265/60/R18 GRANDTREK AT5 110H,265/60/R18,2,1,0.000183,19374.999999999996,2
DUNLOP,DUNLOP 265/65/R17 GRANDTREK AT25 112S,265/65/R17,2,1,0.000183,19374.999999999996,2
DUNLOP,DUNLOP 265/60/R18 GRANDTREK AT20 110H,265/60/R18,2,1,0.000183,19359.285714285714,2
DUNLOP,DUNLOP 185/R14C SP VAN 01 102R,185/R14C,4,1,0.000367,19298.03571428571,4
ARIVO,ARIVO 185/65/R15 PREMIO ARZ1 88H,185/65/R15,4,2,0.000734,19240.714285714283,8
KINTO,KINTO 215/55/R17 SC-900 98W,215/55/R17,2,2,0.000367,19234.285714285714,4
ARIVO,ARIVO 235/75/R15 TERRAMAX ARV A/T 109S,235/75/R15,4,1,0.000367,19209.464285714283,4
DUNLOP,DUNLOP 275/55/R20 GRANDTREK AT5 113T,275/55/R20,2,1,0.000183,19196.42857142857,2
FRONWAY,FRONWAY 265/65/R17 ROADPOWER HT 79 112/H,265/65/R17,4,1,0.000367,19196.42857142857,4
GOODYEAR,GOODYEAR 255/55/R20 WRANGLER TERRITORY HT 110V,255/55/R20,1,1,0.000092,19196.42857142857,1
ARIVO,ARIVO 235/50/R18 ULTRA ARZ5 97V,235/50/R18,5,1,0.000459,19053.571428571428,5
BRIDGESTONE,BRIDGESTONE 175/65/R15 ECOPIA EP300 84H,175/65/R15,4,1,0.000367,19042.85714285714,4
BFGOODRICH,BFGOODRICH 215/60/R16 ADVANTAGE TOURING 95H,215/60/R16,4,1,0.000367,19014.285714285714,4
ARIVO,ARIVO 265/50/R20 TERRAMAX ARV PRO A/T 111S,265/50/R20,3,1,0.000275,18766.25,3
BRIDGESTONE,BRIDGESTONE 215/55/R18 TURANZA T005A 95V,215/55/R18,2,1,0.000183,18750,2
BRIDGESTONE,BRIDGESTONE 265/65/R17 DUELER H/T 684 (RBT) 112S,265/65/R17,2,1,0.000183,18750,2
YOKOHAMA,YOKOHAMA 185/65/R15 BLUEARTH AE01 88H,185/65/R15,4,1,0.000367,18696.42857142857,4
WESTLAKE,WESTLAKE 225/65/R17 SU318,225/65/R17,4,1,0.000367,18620.535714285714,4
DUNLOP,DUNLOP 175/65/R15 SP TOURING R1 84T,175/65/R15,4,1,0.000367,18589.285714285714,4
APOLLO,APOLLO 185/65/R15 ALNAC 4G 88H,185/65/R15,5,1,0.000459,18571.42857142857,5
DUNLOP,DUNLOP 185/60/R15 SPORT LM705 84H,185/60/R15,4,1,0.000367,18571.42857142857,4
LINGLONG,LINGLONG 245/35/R20 SPORT MASTER 95Y,245/35/R20,4,1,0.000367,18511.249999999996,4
LAUFENN,LAUFENN 285/35/ZR19 Z FIT EQ 99Y,null,2,1,0.000183,18509.464285714283,2
YOKOHAMA,YOKOHAMA 195/50/R15 BLUEARTH ES32 82V,195/50/R15,4,1,0.000367,18496.071428571424,4
FRONWAY,FRONWAY 195/55/R15 ECOGREEN ONE 85V,195/55/R15,2,4,0.000734,18478.571428571428,8
BFGOODRICH,BFGOODRICH 205/70/R15 ADVANTAGE TOURING 96T,205/70/R15,2,2,0.000367,18478.214285714283,4
WESTLAKE,WESTLAKE 205/55/R16 SA37,205/55/R16,2,3,0.00055,18438.392857142855,6
HANKOOK,HANKOOK 205/55/R16 VENTUS PRIME 3 91W,205/55/R16,4,1,0.000367,18395.35714285714,4
LAUFENN,LAUFENN 165/65/R14 G FIT EQ 79T,165/65/R14,4,2,0.000734,18391.25,8
APOLLO,APOLLO 195/70/R15C ALTRUST +,195/70/R15,4,1,0.000367,18241.071428571428,4
ARIVO,ARIVO 175/70/R14 PREMIO ARZ1 84T,175/70/R14,4,2,0.000734,18157.5,8
ARIVO,ARIVO 215/55/R17 PREMIO SPORT 6 89W,215/55/R17,5,1,0.000459,18125,5
DURATURN,DURATURN 245/45/R17 MOZZO SPORT 99W,245/45/R17,4,1,0.000367,18114.285714285714,4
ARIVO,"ARIVO 205/60/R16 PREMIO COMFORT 6 ",205/60/R16,2,3,0.00055,18094.910714285714,6
YOKOHAMA,YOKOHAMA 265/60/R18 GEOLANDAR A/T 4 G018 110S,265/60/R18,1,1,0.000092,18075.892857142855,1
WESTLAKE,WESTLAKE 215/65/R17 SU318,215/65/R17,4,1,0.000367,18070.892857142855,4
ARIVO,ARIVO 175/70/R14 PREMIO COMFORT 6 84T,175/70/R14,4,2,0.000734,18047.5,8
APOLLO,APOLLO 195/R14C ALTRUST 8PR 106/104S,195/R14C,4,1,0.000367,18026.785714285714,4
WESTLAKE,WESTLAKE 175/65/R14 RP36,175/65/R14,2,4,0.000734,17928.30357142857,8
LINGLONG,LINGLONG 245/40/R19 SPORT MASTER 98Y,245/40/R19,4,1,0.000367,17857.142857142855,4
DEESTONE,DEESTONE 215/70/R16C TITANZ T88 8PR 108/106 R,215/70/R16,2,2,0.000367,17857.142857142855,4
WESTLAKE,WESTLAKE 205/55/R17 SA37,205/55/R17,5,1,0.000459,17857.142857142855,5
MICHELIN,MICHELIN 265/65/R17 PRIMACY SUV+ 112H,265/65/R17,2,1,0.000183,17857.142857142855,2
BRIDGESTONE,BRIDGESTONE 185/60/R15 ECOPIA EP300 84V,185/60/R15,2,2,0.000367,17773.571428571428,4
DUNLOP,DUNLOP 235/55/R18 SPORT LM705 100V,235/55/R18,2,1,0.000183,17767.85714285714,2
WESTLAKE,WESTLAKE 225/70/R15 SL369 A/T,225/70/R15,4,1,0.000367,17727.142857142855,4
YOKOHAMA,YOKOHAMA 195/60/R15 BLUEARTH ES32 88H,195/60/R15,4,1,0.000367,17649.10714285714,4
WESTLAKE,WESTLAKE 265/50/R20 SA37,265/50/R20,3,1,0.000275,17626.874999999996,3
ARIVO,ARIVO 175/55/R15 PREMIO COMFORT 6,175/55/R15,2,4,0.000734,17526.071428571428,8
APOLLO,APOLLO 195/R15C ALTRUST GRIP,195/R15C,4,1,0.000367,17504.464285714283,4
YOKOHAMA,YOKOHAMA 185/70/R14 BLUEARTH ES32 88H,185/70/R14,4,1,0.000367,17491.071428571428,4
ATLAS,ATLAS 215/70/R16 PARALLER HT 100/H,215/70/R16,4,1,0.000367,17466.60714285714,4
MICHELIN,MICHELIN 275/35/ZR19 PILOT SPORT 5 100Y,null,1,1,0.000092,17410.714285714283,1
LAUFENN,LAUFENN 195/70/R15C X FIT VAN 104/102R,195/70/R15,4,1,0.000367,17404.10714285714,4
BFGOODRICH,BFGOODRICH 195/55/R15 ADVANTAGE TOURING 85V,195/55/R15,4,1,0.000367,17387.321428571428,4
BRIDGESTONE,BRIDGESTONE 205/55/R16 ECOPIA EP300 91V,205/55/R16,3,1,0.000275,17325,3
MICHELIN,MICHELIN 225/40/ZR18 PILOT SPORT 4 ZP 92Y,null,1,1,0.000092,17276.785714285714,1
HANKOOK,HANKOOK 195//R14C VANTRA RA18 106/104R,null,4,1,0.000367,17124.821428571428,4
DEESTONE,DEESTONE 195/R15C KACHA R101 106/104 R,195/R15C,4,1,0.000367,17026.964285714286,4
ARIVO,ARIVO 165/65/R13 PREMIO ARZ1,165/65/R13,2,5,0.000917,17026.25,10
APOLLO,APOLLO 205/55/R16 ALNAC 4G 91H,205/55/R16,4,1,0.000367,16964.285714285714,4
MICHELIN,MICHELIN 225/45/R17 PRIMACY 5 94W XL,225/45/R17,2,1,0.000183,16964.285714285714,2
LAUFENN,LAUFENN 205/55/ZR17 S FIT AS 95V,null,4,1,0.000367,16964.285714285714,4
APOLLO,APOLLO 185/R14C ALTRUST GRIP 102/100S,185/R14C,4,1,0.000367,16955.35714285714,4
WESTLAKE,WESTLAKE 225/60/R17 SU318,225/60/R17,4,1,0.000367,16923.035714285714,4
ARIVO,ARIVO 235/55/R18 ULTRA ARZ5 104V,235/55/R18,4,1,0.000367,16880.35714285714,4
LAUFENN,LAUFENN 225/40/ZR18 S FIT A/Z FIT E 92W,null,4,1,0.000367,16869.642857142855,4
ARIVO,ARIVO 205/65/R15 PREMIO COMFORT 6 94V,205/65/R15,2,3,0.00055,16823.30357142857,6
YOKOHAMA,YOKOHAMA 175/65/R14 ASPEC DB E70K 82T,175/65/R14,4,1,0.000367,16785.714285714283,4
ATLAS,ATLAS 225/60/R17 FORCE HP 99H,225/60/R17,4,1,0.000367,16767.142857142855,4
ARIVO,ARIVO 225/70/R16 TERRANO ARV H/T 103H,225/70/R16,4,1,0.000367,16728.571428571428,4
NANKANG,NANKANG 255/55/R18 SP-9 109V,255/55/R18,2,1,0.000183,16721.249999999996,2
YOKOHAMA,YOKOHAMA 185/55/R15 BLUEARTH AE01 82V,185/55/R15,2,2,0.000367,16671.964285714283,4
ARIVO,ARIVO 235/55/R18 ULTRA ARZ4 104V,235/55/R18,4,1,0.000367,16567.85714285714,4
BRIDGESTONE,BRIDGESTONE 225/60/R18 Alenza H/L 33,225/60/R18,1,1,0.000092,16517.85714285714,1
YOKOHAMA,YOKOHAMA 175/55/R15 BLUEARTH AE01 77V,175/55/R15,4,1,0.000367,16433.035714285714,4
LAUFENN,LAUFENN 225/45/ZR18 S FIT A/Z FIT E 95W,null,4,1,0.000367,16410,4
YOKOHAMA,YOKOHAMA 175/70/R14 BLUEARTH ES32 84H,175/70/R14,2,2,0.000367,16345.178571428569,4
FRONWAY,FRONWAY 205/70/R15 ECOGREEN ONE 96T,205/70/R15,2,3,0.00055,16258.482142857141,6
KINTO,KINTO 215/55/ZR16 SC-900 97W,null,4,1,0.000367,16231.42857142857,4
LAUFENN,LAUFENN 185/R14C X FIT VAN 102/100R,185/R14C,5,1,0.000459,16230.580357142855,5
ARIVO,ARIVO 185/R14C TRANSITO ARZ 6-C,185/R14C,2,3,0.00055,16190.089285714284,6
WESTLAKE,WESTLAKE 235/40/ZR18 SA37,null,2,2,0.000367,16159.999999999998,4
WESTLAKE,WESTLAKE 225/55/R17 SA37,225/55/R17,4,1,0.000367,16074.285714285714,4
MICHELIN,MICHELIN 225/45/ZR19 PILOT SPORT 5 96Y XL TL,null,1,1,0.000092,16071.42857142857,1
MICHELIN,MICHELIN 245/50/R20 PRIMACY SUV+ 102V TL,245/50/R20,1,1,0.000092,16071.42857142857,1
LINGLONG,LINGLONG 245/35/R19 SPORT MASTER 93Y,245/35/R19,4,1,0.000367,16071.42857142857,4
BFGOODRICH,BFGOODRICH 265/65/R17 ADVANTAGE TOURING 112H,265/65/R17,2,1,0.000183,16071.42857142857,2
LAUFENN,LAUFENN 255/35/ZR19 Z FIT EQ 96Y,null,2,1,0.000183,15999.107142857141,2
FRONWAY,FRONWAY 235/75/R15 ROCKBLADE AT 109/S XL,235/75/R15,4,1,0.000367,15970.357142857141,4
APOLLO,APOLLO 205/65/R15 ALNAC 4G 94H,205/65/R15,4,1,0.000367,15964.285714285712,4
LAUFENN,LAUFENN 205/50/ZR17 S FIT AS 93W XL,null,4,1,0.000367,15949.107142857141,4
VREDESTEIN,VREDESTEIN 205/55/R16 ULTRAC VORTI I 91W,205/55/R16,4,1,0.000367,15946.42857142857,4
YOKOHAMA,YOKOHAMA 175/70/R14 BLUEARTH ES32 84H,175/70/R14,4,1,0.000367,15883.749999999998,4
BFGOODRICH,BFGOODRICH 185/65/R15 ADVANTAGE TOURING 88H,185/65/R15,5,1,0.000459,15882.857142857141,5
ARIVO,ARIVO 215/70/R16C TRANSITO ARZ 6-X,215/70/R16,2,2,0.000367,15812.142857142855,4
WESTLAKE,WESTLAKE 225/50/R17 SA57,225/50/R17,4,1,0.000367,15689.285714285712,4
LAUFENN,LAUFENN 255/50/ZR20 S FIT AS 109 XLW,null,2,1,0.000183,15679.553571428569,2
APOLLO,APOLLO 195/65/R15 ALNAC 4G 91H,195/65/R15,4,1,0.000367,15669.642857142855,4
LAUFENN,LAUFENN 255/60/R18 X FIT HT 112 XLV,255/60/R18,2,1,0.000183,15627.857142857141,2
LAUFENN,LAUFENN 215/60/R16 G FIT AS 95H,215/60/R16,2,2,0.000367,15625,4
MICHELIN,MICHELIN 235/45/ZR19 PILOT SPORT 5 99Y,null,1,1,0.000092,15624.999999999998,1
ARIVO,ARIVO 215/70/R16 TERRANO ARV H/T 100,215/70/R16,4,1,0.000367,15623.928571428569,4
ARIVO,ARIVO 225/50/R18 PREMIO SPORT 6 99W,225/50/R18,4,1,0.000367,15558.571428571426,4
BLACK,BLACK ARROW 205/55/R16 DART P15 91V,205/55/R16,5,1,0.000459,15555.267857142857,5
WESTLAKE,WESTLAKE 185/55/R15 RP26,185/55/R15,2,3,0.00055,15539.464285714283,6
LINGLONG,LINGLONG 225/50/R18 SPORT MASTER 99W,225/50/R18,4,1,0.000367,15520,4
YOKOHAMA,YOKOHAMA 235/70/R15 GEOLANDAR A/T G012 102S,235/70/R15,2,1,0.000183,15442.053571428569,2
LINGLONG,LINGLONG 235/45/R18 SPORT MASTER 98Y,235/45/R18,4,1,0.000367,15416.071428571428,4
WESTLAKE,WESTLAKE 235/60/R16 RP36,235/60/R16,4,1,0.000367,15406.071428571426,4
BRIDGESTONE,BRIDGESTONE 235/60/R18 ALENZA 001 103W,235/60/R18,1,1,0.000092,15348.214285714284,1
DURATURN,DURATURN 215/65/R16 MOZO ECO D3,215/65/R16,4,1,0.000367,15312.142857142855,4
FRONWAY,FRONWAY 215/70/R16C VANPLUS 09 108/106/R,215/70/R16,4,1,0.000367,15294.821428571428,4
ARIVO,ARIVO 165/80/R13 PREMIO ARZ1 83T,165/80/R13,4,2,0.000734,15291.964285714284,8
BFGOODRICH,BFGOODRICH 195/65/R15 ADVANTAGE TOURING 91H,195/65/R15,2,2,0.000367,15278.392857142855,4
HANKOOK,HANKOOK 195/60/R16 KINERGY ECO2 89H,195/60/R16,4,1,0.000367,15274.107142857141,4
FRONWAY,FRONWAY 225/70/R15C VANPLUS 09 112/110/R,225/70/R15,4,1,0.000367,15242.857142857141,4
MICHELIN,MICHELIN 215/45/R18 PRIMACY 5 93W,215/45/R18,2,1,0.000183,15178.571428571428,2
APOLLO,APOLLO 225/60/R17 APTERRA H/P 99H,225/60/R17,2,1,0.000183,15178.571428571428,2
LINGLONG,LINGLONG 215/70/R16C GREEN-MAX VAN 108/106T,215/70/R16,4,1,0.000367,15156.249999999998,4
WESTLAKE,WESTLAKE 205/55/R17 SA37,205/55/R17,2,2,0.000367,15115.17857142857,4
YOKOHAMA,YOKOHAMA 165/65/R14 BLUEARTH ES32 79T,165/65/R14,4,1,0.000367,15093.749999999998,4
WESTLAKE,WESTLAKE 175/65/R15 RP26,175/65/R15,2,3,0.00055,15087.321428571428,6
ARIVO,ARIVO 275/30/R20 ULTRA ARZ5 97W,275/30/R20,3,1,0.000275,15026.11607142857,3
GOODYEAR,GOODYEAR 195/R15C CARGO MARATHON 2 106S,195/R15C,2,1,0.000183,14999.999999999998,2
VREDESTEIN,VREDESTEIN 205/60/R16 ULTRAC I 92V,205/60/R16,4,1,0.000367,14955.357142857141,4
BFGOODRICH,BFGOODRICH 175/70/R14 ADVANTAGE TOURING 84T,175/70/R14,4,1,0.000367,14917.142857142857,4
ARIVO,ARIVO 225/55/R17 ULTRA ARZ5 101W,225/55/R17,4,1,0.000367,14905.714285714286,4
DUNLOP,DUNLOP 205/55/R17 ENASAVE EC300+ 91V,205/55/R17,2,1,0.000183,14879.999999999998,2
YOKOHAMA,YOKOHAMA 265/50/R20 GEOLANDAR X-CV G057 111W,265/50/R20,1,1,0.000092,14876.785714285714,1
MAXXIS,MAXXIS 185/60/R15 MAP5 84H,185/60/R15,4,1,0.000367,14875.321428571428,4
CST,CST 205/65/R16 MEDALLION MD-A7 95V,205/65/R16,4,1,0.000367,14867.053571428569,4
WESTLAKE,WESTLAKE 215/50/R17 SA37,215/50/R17,2,2,0.000367,14847.321428571428,4
FRONWAY,FRONWAY 185/65/R14 ECOGREEN ONE 86H,185/65/R14,4,2,0.000734,14811.071428571428,8
LINGLONG,LINGLONG 215/45/R18 SPORT MASTER 93Y,215/45/R18,4,1,0.000367,14810.625,4
FRONWAY,FRONWAY 205/65/R16C VANPLUS 09 107/105/R,205/65/R16,4,1,0.000367,14809.821428571428,4
KINTO,KINTO 195/55/R15 FORZA 001 85V,195/55/R15,4,1,0.000367,14732.142857142855,4
WESTLAKE,WESTLAKE 215/65/R16 RP26,215/65/R16,4,1,0.000367,14732.142857142855,4
LINGLONG,LINGLONG 235/40/R18 SPORT MASTER 95Y,235/40/R18,4,1,0.000367,14719.285714285712,4
ARIVO,ARIVO 215/70/R15C TRANSITO ARZ 6-C 109/107R,215/70/R15,2,2,0.000367,14709.285714285714,4
WESTLAKE,WESTLAKE 185/60/R15 RP36,185/60/R15,2,3,0.00055,14685.535714285714,6
ARIVO,ARIVO 235/45/R18 ULTRA ARZ4 98W,235/45/R18,4,1,0.000367,14628.571428571428,4
BFGOODRICH,BFGOODRICH 225/45/R17 ADVANTAGE TOURING 94V,225/45/R17,3,1,0.000275,14617.499999999998,3
GOODYEAR,GOODYEAR 205/60/R16 ASSURANCE MAXGUARD 92V,205/60/R16,2,1,0.000183,14583.482142857141,2
FRONWAY,FRONWAY 225/65/R17 ROADPOWER HT 79 102/H,225/65/R17,4,1,0.000367,14549.999999999998,4
FRONWAY,FRONWAY 165/80/R13 ECOGREEN ONE 83T,165/80/R13,4,2,0.000734,14490.535714285714,8
ARIVO,"ARIVO 215/60/R17 PREMIO COMFORT 6 ",215/60/R17,2,2,0.000367,14461.339285714283,4
ARIVO,ARIVO 225/50/R17 PREMIO SPORT 6 98W,225/50/R17,4,1,0.000367,14380.714285714284,4
WESTLAKE,WESTLAKE 165/60/R14 RP36,165/60/R14,4,2,0.000734,14332.142857142855,8
WESTLAKE,WESTLAKE 275/55/R20 SL369 A/T,275/55/R20,2,1,0.000183,14288.660714285712,2
BFGOODRICH,BFGOODRICH 265/70/R16 ALL-TERRAIN T/A KO3 117/114S,265/70/R16,1,1,0.000092,14285.714285714284,1
DUNLOP,DUNLOP 215/60/R16 BLUE RESPONSE TG 99H,215/60/R16,2,1,0.000183,14285.714285714284,2
ARIVO,"ARIVO 205/60/R16 PREMIO COMFORT 6 ",205/60/R16,5,1,0.000459,14285.714285714284,5
FRONWAY,FRONWAY 235/50/R18 EURUS 08 97/V,235/50/R18,4,1,0.000367,14282.142857142855,4
ARIVO,ARIVO 215/50/R17 ULTRA ARZ5,215/50/R17,2,2,0.000367,14274.107142857141,4
LAUFENN,LAUFENN 235/65/R17 X FIT HT 104T,235/65/R17,3,1,0.000275,14222.142857142855,3
BFGOODRICH,BFGOODRICH 195/65/R15 ADVANTAGE TOURING 91H,195/65/R15,4,1,0.000367,14192.321428571428,4
WESTLAKE,WESTLAKE 215/60/R16 RP36,215/60/R16,4,1,0.000367,14170.892857142855,4
ARIVO,ARIVO 195/55/R15 PREMIO COMFORT 6 85V,195/55/R15,2,3,0.00055,14139.732142857141,6
BFGOODRICH,BFGOODRICH 185/60/R14 ADVANTAGE TOURING 86H,185/60/R14,4,1,0.000367,13989.821428571428,4
YOKOHAMA,YOKOHAMA 215/70/R16 GEOLANDAR CV G058 100H,215/70/R16,2,1,0.000183,13930.535714285714,2
ATLAS,ATLAS 215/50/R17 FORCE UHP 95/W,215/50/R17,2,2,0.000367,13928.571428571428,4
BRIDGESTONE,BRIDGESTONE 235/70/R15 ECOPIA H/L 001 103S,235/70/R15,2,1,0.000183,13904.196428571428,2
VREDESTEIN,VREDESTEIN 195/55/R16 ULTRAC I,195/55/R16,4,1,0.000367,13901.785714285714,4
ARIVO,ARIVO 215/65/R16 PREMIO ARZ1 98H,215/65/R16,4,1,0.000367,13857.142857142855,4
ARIVO,"ARIVO 215/60/R16 PREMIO COMFORT 6 ",215/60/R16,4,1,0.000367,13857.142857142855,4
WESTLAKE,WESTLAKE 215/70/R15 RP36,215/70/R15,4,1,0.000367,13839.285714285714,4
FRONWAY,FRONWAY 215/70/R16 ROADPOWER HT 79 100/H,215/70/R16,4,1,0.000367,13821.785714285712,4
ARIVO,ARIVO 215/50/R17 ULTRA ARZ5,215/50/R17,4,1,0.000367,13797.857142857141,4
APOLLO,APOLLO 205/55/R17 ALNAC 4G 91H,205/55/R17,2,1,0.000183,13794.642857142855,2
FRONWAY,FRONWAY 225/60/R17 ROADPOWER HT 79 99/H,225/60/R17,4,1,0.000367,13787.857142857141,4
ARIVO,ARIVO 155/70/R13 PREMIO COMFORT 6 75T,155/70/R13,4,2,0.000734,13785.535714285714,8
WESTLAKE,WESTLAKE 175/50/R15 RP26,175/50/R15,2,3,0.00055,13782.23214285714,6
WESTLAKE,WESTLAKE 265/50/R20 SL369 A/T,265/50/R20,2,1,0.000183,13779.107142857141,2
ARIVO,ARIVO 215/55/R17 ULTRA ARZ4,215/55/R17,4,1,0.000367,13717.857142857141,4
YOKOHAMA,YOKOHAMA 215/50/R17 BLUEARTH GT AE51 95W,215/50/R17,2,1,0.000183,13713.035714285714,2
BFGOODRICH,BFGOODRICH 175/65/R14 ADVANTAGE TOURING 82H,175/65/R14,5,1,0.000459,13686.830357142855,5
APOLLO,APOLLO 195/55/R15 ALNAC 4G 85H,195/55/R15,4,1,0.000367,13678.571428571428,4
LAUFENN,LAUFENN 265/60/R18 X FIT HT 110V,265/60/R18,2,1,0.000183,13603.660714285714,2
ARIVO,ARIVO 185/65/R14 PREMIO COMFORT 6,185/65/R14,2,3,0.00055,13541.874999999996,6
ARIVO,ARIVO 285/55/R20 TERRAMAX ARV PRO A/T 119S,285/55/R20,2,1,0.000183,13505.982142857143,2
ATLAS,ATLAS 205/65/R16 FORCE HP 95/H,205/65/R16,4,1,0.000367,13381.42857142857,4
HANKOOK,HANKOOK 225/55/R18 VENTUS PRIME 4 98V,225/55/R18,2,1,0.000183,13372.5,2
YOKOHAMA,YOKOHAMA 215/45/R18 ADVAN FLEVA V701 93W,215/45/R18,2,1,0.000183,13338.482142857141,2
FRONWAY,FRONWAY 175/65/R14 ECOGREEN ONE 82V,175/65/R14,2,4,0.000734,13303.92857142857,8
CST,CST 195/55/R16 MEDALLION MD-A7 91V,195/55/R16,4,1,0.000367,13282.142857142855,4
FRONWAY,FRONWAY 235/40/R18 EURUS 08 95W,235/40/R18,4,1,0.000367,13268.214285714284,4
NANKANG,NANKANG 175/65/R14 SP-9,175/65/R14,5,1,0.000459,13229.24107142857,5
DURATURN,DURATURN 285/45/R22 MOZZO STX - H/T 114V,285/45/R22,2,1,0.000183,13214.285714285714,2
ARIVO,ARIVO 195/R14C TRANSITO ARZ 6-C 106/104R,195/R14C,2,2,0.000367,13205.892857142855,4
BRIDGESTONE,BRIDGESTONE 245/70/R16 DUELER H/T 689 (RBT) 111S,245/70/R16,2,1,0.000183,13155.446428571428,2
DURATURN,DURATURN 205/60/R16 MOZO ECO D3 92H,205/60/R16,4,1,0.000367,13129.642857142857,4
HANKOOK,HANKOOK 265/65/R17 DYNAPRO HT2 RH14 112T,265/65/R17,2,1,0.000183,13101.071428571428,2
ARIVO,ARIVO 195/R14C TRANSITO ARZ 6-C 106/104R,195/R14C,4,1,0.000367,13094.999999999998,4
BFGOODRICH,BFGOODRICH 185/60/R15 ADVANTAGE TOURING 84H,185/60/R15,2,2,0.000367,13094.285714285714,4
MICHELIN,MICHELIN 265/50/R20 PILOT SPORT 4 SUV 107V,265/50/R20,1,1,0.000092,13040.17857142857,1
ARIVO,ARIVO 205/55/R16 ULTRA ARZ5 94WXL,205/55/R16,4,1,0.000367,13030.357142857141,4
BRIDGESTONE,BRIDGESTONE 185/55/R15 ECOPIA EP300 82V,185/55/R15,3,1,0.000275,13004.196428571428,3
FRONWAY,FRONWAY 225/45/R18 EURUS 08 95/W XL,225/45/R18,4,1,0.000367,12991.071428571428,4
LAUFENN,LAUFENN 195/65/R15 G FIT AS 91V,195/65/R15,4,1,0.000367,12991.071428571428,4
MICHELIN,MICHELIN 205/70/R15 AGILIS 3 106S,205/70/R15,2,1,0.000183,12964.285714285714,2
NANKANG,NANKANG 165/45/R16 NS-20 74V,165/45/R16,4,1,0.000367,12946.42857142857,4
BLACK,BLACK ARROW 235/40/ZR18 SUPER DART P16 95W(XL),null,4,1,0.000367,12946.42857142857,4
WESTLAKE,WESTLAKE 205/50/R16 SA37,205/50/R16,2,2,0.000367,12936.25,4
DUNLOP,DUNLOP 275/70/R16 GRANDTREK AT5 114T,275/70/R16,1,1,0.000092,12928.571428571428,1
FRONWAY,FRONWAY 225/40/R18 EURUS 08 92/W XL,225/40/R18,2,2,0.000367,12899.821428571428,4
LAUFENN,LAUFENN 195/65/R15 G FIT AS 91V,195/65/R15,2,2,0.000367,12879.464285714284,4
BRIDGESTONE,BRIDGESTONE 265/60/R18 AT002 114S,265/60/R18,1,1,0.000092,12874.999999999998,1
LAUFENN,LAUFENN 265/65/R17 X FIT AT 112T,265/65/R17,2,1,0.000183,12857.142857142855,2
MICHELIN,MICHELIN 225/55/R18 PRIMACY 5 102V,225/55/R18,1,1,0.000092,12830.357142857141,1
VREDESTEIN,VREDESTEIN 195/65/R15 ULTRAC I 91V,195/65/R15,4,1,0.000367,12830.357142857141,4
ARIVO,ARIVO 215/45/R17 PREMIO SPORT 6 91W,215/45/R17,4,1,0.000367,12822.5,4
DEESTONE,DEESTONE 265/50/R20 CARRERAS R702  111 V,265/50/R20,2,1,0.000183,12772.767857142855,2
DEESTONE,DEESTONE 185/R14C KACHA R101 102/100 Q,185/R14C,4,1,0.000367,12733.214285714284,4
FRONWAY,FRONWAY 215/50/R17 EURUS 08 95W,215/50/R17,2,2,0.000367,12719.285714285714,4
ARIVO,ARIVO 225/45/R17 ULTRA ARZ4,225/45/R17,4,1,0.000367,12718.571428571428,4
WESTLAKE,WESTLAKE 195/R14 H170 C8,null,4,1,0.000367,12710,4
ARIVO,ARIVO 215/65/R15 PREMIO ARZ1,215/65/R15,4,1,0.000367,12624.642857142857,4
MICHELIN,MICHELIN 175/65/R15 ENERGY XM2+ 84H,175/65/R15,3,1,0.000275,12535.714285714284,3
YOKOHAMA,YOKOHAMA 225/55/R18 GEOLANDAR CV G058 98V,225/55/R18,1,1,0.000092,12499.999999999998,1
PIRELLI,PIRELLI 225/60/R17 SCORPION VERDE ALL SEASON 106V,225/60/R17,1,1,0.000092,12499.999999999998,1
YOKOHAMA,YOKOHAMA 185/60/R15 ASPEC DB E70B 84H,185/60/R15,2,1,0.000183,12499.999999999998,2
ATLAS,ATLAS 205/55/R16 FORCE UHP 91/W,205/55/R16,4,1,0.000367,12499.999999999998,4
ARIVO,ARIVO 265/65/R17 TERRAMAX ARV PRO A/T,265/65/R17,2,1,0.000183,12494.375,2
KINTO,KINTO 185/60/R15 SC-901 88H,185/60/R15,4,1,0.000367,12454.107142857141,4
FRONWAY,FRONWAY 215/55/R17 EURUS 08 98W,215/55/R17,2,2,0.000367,12435.535714285714,4
BFGOODRICH,BFGOODRICH 175/65/R14 ADVANTAGE TOURING 82H,175/65/R14,2,2,0.000367,12422.67857142857,4
DEESTONE,DEESTONE 265/65/R17 ROYAL TOURER HT611 112H,265/65/R17,2,1,0.000183,12410.357142857141,2
WESTLAKE,WESTLAKE 185/R14C SC328,185/R14C,2,2,0.000367,12382.5,4
ARIVO,ARIVO 185/65/R15 PREMIO COMFORT 6 88H,185/65/R15,5,1,0.000459,12301.11607142857,5
LAUFENN,LAUFENN 225/55/R18 S FIT AS 98W,225/55/R18,2,1,0.000183,12299.107142857141,2
BRIDGESTONE,BRIDGESTONE 205/65/R16 TURANZA T005A,205/65/R16,2,1,0.000183,12282.589285714284,2
FRONWAY,FRONWAY 215/60/R16 ECOGREEN ONE 99V,215/60/R16,4,1,0.000367,12270.892857142855,4
DUNLOP,DUNLOP 205/55/R16 ENASAVE EC300 91V,205/55/R16,2,1,0.000183,12268.92857142857,2
ARIVO,ARIVO 265/60/R18 TERRAMAX ARV PRO A/T,265/60/R18,2,1,0.000183,12264.553571428569,2
WESTLAKE,WESTLAKE 185/R14C SC328,185/R14C,4,1,0.000367,12263.571428571428,4
LAUFENN,LAUFENN 185/55/R16 S FIT EQ 83V,185/55/R16,4,1,0.000367,12263.571428571428,4
CONTINENTAL,CONTINENTAL 215/55/R18 ULTRA CONTACT UC 6 99W,215/55/R18,1,1,0.000092,12249.999999999998,1
BFGOODRICH,BFGOODRICH 215/50/R17 ADVANTAGE TOURING 95V,215/50/R17,1,2,0.000183,12205.357142857141,2
ATLAS,ATLAS 185/55/R16 AS380NB 83/V,185/55/R16,4,1,0.000367,12190.357142857143,4
WESTLAKE,WESTLAKE 265/60/R18 SU318,265/60/R18,2,1,0.000183,12183.660714285714,2
WESTLAKE,WESTLAKE 255/60/R18 SU318,255/60/R18,2,1,0.000183,12092.142857142857,2
FRONWAY,FRONWAY 215/65/R16 ECOGREEN ONE 98H,215/65/R16,4,1,0.000367,12080.357142857141,4
YOKOHAMA,YOKOHAMA 195/60/R16 BLUEARTH ES32 89H,195/60/R16,2,1,0.000183,12080.357142857141,2
LINGLONG,LINGLONG 195/R14C GREEN-MAX VAN 106/104P,195/R14C,4,1,0.000367,11945.892857142855,4
ATLAS,ATLAS 265/65/R17 PARALLER AT 2 116/Q,265/65/R17,2,1,0.000183,11941.785714285712,2
LAUFENN,LAUFENN 195/70/R14 G FIT AS 91T,195/70/R14,4,1,0.000367,11901.071428571428,4
LAUFENN,LAUFENN 195/60/R15 G FIT AS 88V,195/60/R15,4,1,0.000367,11901.071428571428,4
WESTLAKE,WESTLAKE 265/65/R17 SU318,265/65/R17,2,1,0.000183,11880,2
LAUFENN,LAUFENN 185/65/R15 G FIT AS 88H,185/65/R15,2,2,0.000367,11876.160714285714,4
WESTLAKE,WESTLAKE 235/55/R19 SUPERIDE 1,235/55/R19,2,1,0.000183,11871.160714285714,2
ARIVO,ARIVO 205/45/R17 ULTRA ARZ4,205/45/R17,4,1,0.000367,11847.857142857141,4
WESTLAKE,WESTLAKE 195/45/R16 SA37,195/45/R16,4,1,0.000367,11847.857142857141,4
BFGOODRICH,BFGOODRICH 235/60/R17 ADVANTAGE TOURING 102H,235/60/R17,1,2,0.000183,11843.973214285714,2
APOLLO,APOLLO 205/60/R16 ALNAC 4G 93V,205/60/R16,2,1,0.000183,11758.92857142857,2
DURATURN,DURATURN 245/50/R20 MOZZO SPORT S2 105W,245/50/R20,2,1,0.000183,11653.30357142857,2
FRONWAY,FRONWAY 225/45/R17 EURUS 08 94/W XL,225/45/R17,4,1,0.000367,11607.142857142857,4
MICHELIN,MICHELIN 235/40/ZR18 PILOT SPORT 5 95Y XL TL,null,1,1,0.000092,11607.142857142857,1
ATLAS,ATLAS 195/65/R15 FORCE HP 91/H,195/65/R15,4,1,0.000367,11607.142857142857,4
NANKANG,NANKANG 185/65/R14 SP-9 86H,185/65/R14,4,1,0.000367,11606.071428571428,4
FRONWAY,FRONWAY 195/65/R15 ECOGREEN ONE 95H,195/65/R15,5,1,0.000459,11583.705357142857,5
BRIDGESTONE,BRIDGESTONE 215/60/R17 ALENZA 001 96H,215/60/R17,1,1,0.000092,11580.357142857141,1
KINTO,KINTO 175/65/R15 SC-901 84H,175/65/R15,4,1,0.000367,11549.999999999998,4
HANKOOK,HANKOOK 185/60/R15 KINERGY ECO2 84H,185/60/R15,4,1,0.000367,11531.964285714284,4
WESTLAKE,WESTLAKE 205/60/R15 RP26,205/60/R15,4,1,0.000367,11432.142857142857,4
BFGOODRICH,BFGOODRICH 195/60/R16 ADVANTAGE TOURING 89H,195/60/R16,2,1,0.000183,11415.17857142857,2
YOKOHAMA,YOKOHAMA 175/55/R15 BLUEARTH AE01 77V,175/55/R15,2,1,0.000183,11401.785714285714,2
VREDESTEIN,VREDESTEIN 175/65/R15 ULTRAC I 84V,175/65/R15,4,1,0.000367,11339.285714285714,4
ATLAS,ATLAS 195/55/R15 GREEN 85/V,195/55/R15,2,2,0.000367,11324.464285714284,4
APOLLO,APOLLO 185/70/R13 AMAZER XP 86H,185/70/R13,4,1,0.000367,11321.607142857143,4
MICHELIN,MICHELIN 215/60/R17 PRIMACY 5 100V,215/60/R17,1,1,0.000092,11308.035714285714,1
ATLANDER,ATLANDER 255/45/R20 XSPORT,255/45/R20,2,1,0.000183,11299.830357142855,2
WESTLAKE,WESTLAKE 185/80/R14 RP26,185/80/R14,2,2,0.000367,11225.892857142857,4
ARIVO,ARIVO 205/45/R16 ULTRA ARZ4 87W,205/45/R16,4,1,0.000367,11211.607142857141,4
BRIDGESTONE,BRIDGESTONE 215/60/R16 ECOPIA EP300 95V,215/60/R16,2,1,0.000183,11185.624999999998,2
CST,CST 185/65/R15 MARQUIS MR-C5 88H,185/65/R15,4,1,0.000367,11159.642857142855,4
HANKOOK,HANKOOK 185/70/R14 KINERGY ECO2 88T,185/70/R14,4,1,0.000367,11101.607142857141,4
BFGOODRICH,BFGOODRICH 235/55/R18 ADVANTAGE TOURING 104H,235/55/R18,2,1,0.000183,11078.035714285714,2
WESTLAKE,WESTLAKE 225/55/R19 SU318,225/55/R19,2,1,0.000183,11013.749999999998,2
FRONWAY,FRONWAY 205/70/R15 ECOGREEN ONE 96T,205/70/R15,4,1,0.000367,10999.107142857141,4
WESTLAKE,WESTLAKE 205/55/R17 SA37,205/55/R17,3,1,0.000275,10998.660714285714,3
YOKOHAMA,YOKOHAMA 205/45/R17 ADVAN FLEVA V701 88W,205/45/R17,2,1,0.000183,10970.625,2
FRONWAY,FRONWAY 205/50/R16 EURUS 08 91W,205/50/R16,4,1,0.000367,10887.142857142857,4
WESTLAKE,WESTLAKE 195/60/R15 RP36,195/60/R15,2,2,0.000367,10879.821428571428,4
LAUFENN,LAUFENN 185/60/R15 G FIT AS 84H,185/60/R15,2,2,0.000367,10876.696428571428,4
APOLLO,APOLLO 165/80/R13 AMAZER 3G MAXX 83T,165/80/R13,4,1,0.000367,10874.999999999998,4
LINGLONG,LINGLONG 275/35/R20 SPORT MASTER 102Y,275/35/R20,2,1,0.000183,10832.589285714284,2
DURATURN,DURATURN 235/50/R19 MOZZO SPORT S2 103W,235/50/R19,1,2,0.000183,10830.357142857141,2
BRIDGESTONE,BRIDGESTONE 265/65/R17 DUELER A/T 002 112S,265/65/R17,1,1,0.000092,10808.035714285714,1
YOKOHAMA,YOKOHAMA 205/65/R15 BLUEARTH ES32 94H,205/65/R15,2,1,0.000183,10790.892857142855,2
DEESTONE,DEESTONE 185/70/R14 NAKARA R201 88H,185/70/R14,4,1,0.000367,10761.25,4
ARIVO,ARIVO 265/60/R18 TERRANO ARV H/T,265/60/R18,2,1,0.000183,10714.285714285714,2
LINGLONG,LINGLONG 205/65/R15 COMFORT MASTER 94V,205/65/R15,4,1,0.000367,10704.642857142857,4
COMFORSER,COMFORSER 205/60/R16 CF510 92V,205/60/R16,4,1,0.000367,10701.249999999998,4
ATLAS,ATLAS 195/55/R15 GREEN 85/V,195/55/R15,4,1,0.000367,10696.607142857143,4
LINGLONG,LINGLONG 265/65/R17 SPORT MASTER 112H,265/65/R17,2,1,0.000183,10690.17857142857,2
FRONWAY,FRONWAY 265/60/R18 ROCKBLADE AT II 110/T,265/60/R18,2,1,0.000183,10651.339285714284,2
LAUFENN,LAUFENN 185/70/R14 G FIT AS 88T,185/70/R14,4,1,0.000367,10635.357142857141,4
NANKANG,NANKANG 175/50/R13 NS-2R 72V,175/50/R13,2,1,0.000183,10624.999999999998,2
WESTLAKE,WESTLAKE 245/65/R17 SU318,245/65/R17,2,1,0.000183,10623.035714285712,2
NANKANG,NANKANG 175/65/R14 SP-9,175/65/R14,4,1,0.000367,10583.392857142855,4
COOPER,COOPER 245/40/R17 ZEON RS3-G1 91W,245/40/R17,2,1,0.000183,10547.857142857141,2
FRONWAY,FRONWAY 185/70/R14 ECOGREEN ONE 88H,185/70/R14,5,1,0.000459,10522.767857142857,5
ARIVO,ARIVO 235/45/R19 ULTRA ARZ5 95W,235/45/R19,2,1,0.000183,10509.910714285714,2
HANKOOK,HANKOOK 225/40/R18 VENTUS PRIME 4 92W,225/40/R18,2,1,0.000183,10478.482142857141,2
LAUFENN,LAUFENN 175/65/R15 G FIT AS 84H,175/65/R15,2,2,0.000367,10463.42857142857,4
YOKOHAMA,YOKOHAMA 185/55/R16 BLUEARTH ES32 83V,185/55/R16,1,2,0.000183,10446.428571428569,2
BRIDGESTONE,BRIDGESTONE 265/60/R18 DUELER H/T 684 (RBT) 110H,265/60/R18,1,1,0.000092,10437.499999999998,1
FRONWAY,FRONWAY 225/55/R17 EURUS 08 101/W XL,225/55/R17,3,1,0.000275,10415.982142857141,3
ATLAS,ATLAS 185/60/R15 FORCE HP 84/H,185/60/R15,4,1,0.000367,10397.5,4
ARIVO,ARIVO 235/45/R19 ULTRA ARZ4 99W,235/45/R19,2,1,0.000183,10390.624999999998,2
BLACK,BLACK ARROW 265/65/R17 SUPER DART A/T A25 112T,265/65/R17,2,1,0.000183,10377.321428571428,2
ATLAS,ATLAS 185/60/R15 FORCE HP 84/H,185/60/R15,2,2,0.000367,10374.285714285714,4
WESTLAKE,WESTLAKE 195/55/R15 RP36,195/55/R15,4,1,0.000367,10358.214285714286,4
ARIVO,ARIVO 245/40/R20 ULTRA ARZ5 99W,245/40/R20,2,1,0.000183,10328.75,2
BFGOODRICH,BFGOODRICH 225/55/R17 ADVANTAGE TOURING 97V,225/55/R17,2,1,0.000183,10306.42857142857,2
HANKOOK,HANKOOK 215/50/R17 VENTUS PRIME 4 95W,215/50/R17,2,1,0.000183,10291.517857142857,2
FRONWAY,FRONWAY 185//R14C VANPLUS 09 102/100/R,null,2,2,0.000367,10271.249999999998,4
WESTLAKE,WESTLAKE 155/70/R13 RP36,155/70/R13,3,2,0.00055,10232.482142857141,6
YOKOHAMA,YOKOHAMA 185/55/R16 BLUEARTH ES32 83V,185/55/R16,2,1,0.000183,10230.80357142857,2
BRIDGESTONE,BRIDGESTONE 255/70/R17 DUELER A/T 002 112T,255/70/R17,1,1,0.000092,10196.42857142857,1
DUNLOP,DUNLOP 265/60/R18 GRANDTREK AT25 110H,265/60/R18,1,1,0.000092,10160.714285714284,1
YOKOHAMA,YOKOHAMA 205/70/R15 GEOLANDAR G046 96T,205/70/R15,2,1,0.000183,10096.874999999998,2
RADAR,RADAR 175/65/R14 DIMAX SPORT EV-C 86H,175/65/R14,4,1,0.000367,10025.714285714284,4
KINTO,KINTO 215/55/R17 PRESTIGE P07 98W,215/55/R17,1,2,0.000183,10017.857142857141,2
LAUFENN,LAUFENN 235/65/R17 X FIT HT 104T,235/65/R17,2,1,0.000183,10001.160714285712,2
ARIVO,ARIVO 175/R14C TRANSITO ARZ 6-M,175/R14C,4,1,0.000367,9996.964285714284,4
ARIVO,ARIVO 235/60/R18 TERRANO ARV H/T 107H,235/60/R18,2,1,0.000183,9970.714285714286,2
DURATURN,DURATURN 245/40/R19 MOZZO SPORT 98W,245/40/R19,2,1,0.000183,9966.294642857141,2
LAUFENN,LAUFENN 185/65/R14 G FIT AS 86H,185/65/R14,4,1,0.000367,9919.821428571428,4
DEESTONE,DEESTONE 205/75/R16C PAYAK R402 8PR 110/108 R,205/75/R16,2,1,0.000183,9913.294642857141,2
MICHELIN,MICHELIN 215/45/R18 PRIMACY 5 93W,215/45/R18,1,1,0.000092,9883.92857142857,1
DURATURN,DURATURN 255/45/R19 MOZZO SPORT 104W,255/45/R19,2,1,0.000183,9821.42857142857,2
MICHELIN,MICHELIN 205/55/R16 ENERGY XM2+ 91V,205/55/R16,2,1,0.000183,9821.42857142857,2
LINGLONG,LINGLONG 245/40/R20 SPORT MASTER 99Y,245/40/R20,2,1,0.000183,9811.607142857141,2
LAUFENN,LAUFENN 225/60/R17 G FIT AS 99T,225/60/R17,2,1,0.000183,9758.571428571428,2
ARIVO,ARIVO 235/50/R19 ULTRA ARZ5 103V,235/50/R19,2,1,0.000183,9749.732142857143,2
WESTLAKE,WESTLAKE 175/55/R15 RP26,175/55/R15,2,2,0.000367,9727.67857142857,4
ATLAS,ATLAS 235/70/R15 PARALLER 4X4 HP 106/H,235/70/R15,2,1,0.000183,9727.67857142857,2
ARIVO,ARIVO 225/55/R19 PREMIO SPORT 6 99V,225/55/R19,2,1,0.000183,9714.375,2
BRIDGESTONE,BRIDGESTONE 255/60/R18 DUELER H/T 684 RB 108S,255/60/R18,1,1,0.000092,9682.67857142857,1
WESTLAKE,WESTLAKE 185/70/R14 RP36,185/70/R14,2,2,0.000367,9633.92857142857,4
FRONWAY,FRONWAY 155/70/R13 ECOGREEN ONE 75T,155/70/R13,2,3,0.00055,9625.982142857141,6
BFGOODRICH,BFGOODRICH 215/50/R17 ADVANTAGE TOURING 95V,215/50/R17,2,1,0.000183,9625.80357142857,2
WESTLAKE,WESTLAKE 195/60/R16 RP36,195/60/R16,3,1,0.000275,9620.625,3
ARIVO,ARIVO 185/70/R14 PREMIO COMFORT 6 88T,185/70/R14,4,1,0.000367,9596.071428571428,4
YOKOHAMA,YOKOHAMA 205/55/R16 BLUEARTH ES32 91V,205/55/R16,2,1,0.000183,9561.160714285714,2
ATLAS,ATLAS 185/65/R14 FORCE HP 86/H,185/65/R14,4,1,0.000367,9476.785714285714,4
DUNLOP,DUNLOP 245/40/R18 DIREZZA DZ102 97W,245/40/R18,1,1,0.000092,9459.821428571428,1
LINGLONG,LINGLONG 235/35/R20 SPORT MASTER 92V,235/35/R20,2,1,0.000183,9294.55357142857,2
LINGLONG,LINGLONG 175/65/R15 COMFORT MASTER 84H,175/65/R15,4,1,0.000367,9229.660714285712,4
FRONWAY,FRONWAY 185//R14C VANPLUS 09 102/100/R,null,4,1,0.000367,9170.892857142855,4
ARIVO,ARIVO 185/55/R15 PREMIO ARZ1,185/55/R15,2,2,0.000367,9154.821428571428,4
CHENGSHAN,CHENGSHAN 205/55/R16 CSC-802 91V,205/55/R16,4,1,0.000367,9091.071428571428,4
WESTLAKE,WESTLAKE 185/60/R14 RP36,185/60/R14,4,1,0.000367,9078.392857142855,4
BFGOODRICH,BFGOODRICH 185/65/R15 ADVANTAGE TOURING 88H,185/65/R15,2,1,0.000183,9077.946428571428,2
ARIVO,ARIVO 195/50/R15 PREMIO COMFORT 6 82V,195/50/R15,4,1,0.000367,9063.749999999998,4
BFGOODRICH,BFGOODRICH 205/55/R16 ADVANTAGE TOURING 91V,205/55/R16,2,1,0.000183,9050.357142857141,2
LAUFENN,LAUFENN 215/70/R16 X FIT HT 100H,215/70/R16,2,1,0.000183,9016.071428571428,2
ARIVO,ARIVO 235/60/R17 TERRANO ARV H/T 102H,235/60/R17,2,1,0.000183,9007.232142857143,2
COMFORSER,COMFORSER 235/35/ZR19 CF700 91W,null,2,1,0.000183,9002.857142857143,2
WESTLAKE,WESTLAKE 175/55/R15 RP26,175/55/R15,4,1,0.000367,8959.821428571428,4
DEESTONE,DEESTONE 175/70/R13 NAKARA R201 82T,175/70/R13,4,1,0.000367,8957.142857142857,4
ARIVO,ARIVO 195/60/R16 PREMIO COMFORT 6 89H,195/60/R16,3,1,0.000275,8938.125,3
FRONWAY,FRONWAY 185/60/R15 ECOGREEN ONE 88H,185/60/R15,2,2,0.000367,8918.839285714284,4
FRONWAY,FRONWAY 185/55/R15 ECOGREEN ONE 82V,185/55/R15,2,2,0.000367,8839.285714285714,4
BFGOODRICH,BFGOODRICH 175/70/R14 ADVANTAGE TOURING 84T,175/70/R14,2,1,0.000183,8818.482142857143,2
LAUFENN,LAUFENN 225/40/ZR18 S FIT A/Z FIT E 92W,null,2,1,0.000183,8749.107142857141,2
NANKANG,NANKANG 205/45/R16 NS-2 87V,205/45/R16,2,1,0.000183,8737.589285714284,2
DEESTONE,DEESTONE 195/R15C KACHA R101 106/104 R,195/R15C,2,1,0.000183,8689.017857142857,2
LAUFENN,LAUFENN 195/70/R15C X FIT VAN 104/102R,195/70/R15,2,1,0.000183,8653.660714285714,2
FRONWAY,FRONWAY 175/65/R14 ECOGREEN ONE 82V,175/65/R14,5,1,0.000459,8652.67857142857,5
WESTLAKE,WESTLAKE 175/70/R13 RP36,175/70/R13,4,1,0.000367,8646.785714285714,4
TOYO,TOYO 245/60/R18 PXST3 105V,245/60/R18,1,1,0.000092,8549.107142857141,1
WESTLAKE,WESTLAKE 225/60/R17 SU318,225/60/R17,2,1,0.000183,8502.05357142857,2
YOKOHAMA,YOKOHAMA 175/65/R15 BLUEARTH ES32 84H,175/65/R15,2,1,0.000183,8473.124999999998,2
ARIVO,ARIVO 225/65/R17 PREMIO COMFORT 6 102H,225/65/R17,2,1,0.000183,8450.357142857141,2
DUNLOP,DUNLOP 185/65/R14 SPORT LM705 86H,185/65/R14,2,1,0.000183,8439.285714285714,2
KINTO,KINTO 215/50/R17 SC-900 95W,215/50/R17,2,1,0.000183,8422.5,2
FRONWAY,FRONWAY 235/60/R18 ROADPOWER HT 79 107/H XL,235/60/R18,2,1,0.000183,8396.875,2
LAUFENN,LAUFENN 205/55/ZR17 S FIT AS 95V,null,2,1,0.000183,8392.857142857141,2
ARIVO,ARIVO 225/55/R18 ULTRA ARZ5 102W,225/55/R18,2,1,0.000183,8351.785714285714,2
ARIVO,ARIVO 235/50/R18 PREMIO SPORT 6,235/50/R18,2,1,0.000183,8306.25,2
DUNLOP,DUNLOP 175/65/R14 SP10 82T,175/65/R14,2,1,0.000183,8253.660714285714,2
ARIVO,ARIVO 165/60/R14 PREMIO COMFORT 6 75H,165/60/R14,4,1,0.000367,8248.392857142857,4
WESTLAKE,WESTLAKE 165/80/R13 RP26,165/80/R13,4,1,0.000367,8244.999999999998,4
WESTLAKE,WESTLAKE 175/60/R13 RP26,175/60/R13,2,2,0.000367,8236.428571428569,4
MAXXIS,MAXXIS 185/60/R15 MAP5 84H,185/60/R15,2,1,0.000183,8219.696428571428,2
ARIVO,ARIVO 185/65/R14 PREMIO ARZ1 86H,185/65/R14,4,1,0.000367,8210.357142857143,4
LAUFENN,LAUFENN 185/60/R15 G FIT AS 84H,185/60/R15,3,1,0.000275,8203.125,3
WESTLAKE,WESTLAKE 225/55/R17 SA37,225/55/R17,2,1,0.000183,8202.857142857143,2
WESTLAKE,WESTLAKE 165/70/R14 RP36,165/70/R14,4,1,0.000367,8185,4
LAUFENN,LAUFENN 235/50/R19 S FIT AS 103 XLV,235/50/R19,1,1,0.000092,8111.607142857142,1
DEESTONE,DEESTONE 155/70/R13 NAKARA R202 75T,155/70/R13,4,1,0.000367,8035.714285714285,4
ARIVO,ARIVO 235/50/R18 ULTRA ARZ5 97V,235/50/R18,2,1,0.000183,8035.714285714285,2
WESTLAKE,WESTLAKE 225/45Z/R18 SA37,null,2,1,0.000183,7990.714285714285,2
BLACK,BLACK ARROW 185/65/R15 SUPER DART P16 88H,185/65/R15,4,1,0.000367,7950.535714285714,4
CST,CST 155/65/R13 MARQUIS MR61 73T,155/65/R13,4,1,0.000367,7933.214285714285,4
LINGLONG,LINGLONG 175/70/R13 COMFORT MASTER 82T,175/70/R13,4,1,0.000367,7915.892857142856,4
FRONWAY,FRONWAY 205/45/R17 EURUS 08 88/W XL,205/45/R17,3,1,0.000275,7896.071428571428,3
YOKOHAMA,YOKOHAMA 245/40/R18 ADVAN FLEVA V701 97W,245/40/R18,1,1,0.000092,7870.535714285714,1
FRONWAY,FRONWAY 175/55/R15 ECOGREEN ONE 77V,175/55/R15,4,1,0.000367,7863.928571428571,4
FRONWAY,FRONWAY 185/65/R14 ECOGREEN ONE 86H,185/65/R14,2,2,0.000367,7831.607142857142,4
YOKOHAMA,YOKOHAMA 165/65/R14 BLUEARTH ES32 79T,165/65/R14,2,1,0.000183,7822.589285714284,2
WESTLAKE,WESTLAKE 205/60/R16 RP36,205/60/R16,2,1,0.000183,7807.410714285713,2
DUNLOP,DUNLOP 205/55/R17 ENASAVE EC300+ 91V,205/55/R17,1,1,0.000092,7785.714285714285,1
WESTLAKE,WESTLAKE 215/70/R16 SU318,215/70/R16,2,1,0.000183,7778.5714285714275,2
BRIDGESTONE,BRIDGESTONE 225/70/R15C DUELER A/T 697 (RBT) 112/110S,225/70/R15,1,1,0.000092,7758.928571428571,1
ARIVO,ARIVO 225/55/R17 ULTRA ARZ5 101W,225/55/R17,2,1,0.000183,7743.214285714284,2
LAUFENN,LAUFENN 205/45/ZR16 S FIT EQ 83W,null,2,1,0.000183,7693.839285714285,2
KINTO,KINTO 195/60/R16 PRESTIGE P07 89H,195/60/R16,2,1,0.000183,7693.660714285713,2
DUNLOP,DUNLOP 205/60/R17 ENASAVE EC300+ 94H,205/60/R17,1,1,0.000092,7683.035714285714,1
WESTLAKE,WESTLAKE 215/60/R17 SU318,215/60/R17,2,1,0.000183,7678.5714285714275,2
WESTLAKE,WESTLAKE 215/65/R16 RP26,215/65/R16,2,1,0.000183,7599.999999999999,2
LINGLONG,LINGLONG 235/50/R18 SPORT MASTER 101Y,235/50/R18,2,1,0.000183,7589.285714285714,2
BFGOODRICH,BFGOODRICH 235/55/R19 ADVANTAGE TOURING 101H,235/55/R19,1,1,0.000092,7562.499999999999,1
WESTLAKE,WESTLAKE 185/60/R15 RP36,185/60/R15,3,1,0.000275,7533.749999999998,3
WESTLAKE,WESTLAKE 285/45/R22 SA37,285/45/R22,1,1,0.000092,7504.464285714285,1
FRONWAY,FRONWAY 175/50/R15 ECOGREEN ONE 75H,175/50/R15,4,1,0.000367,7448.214285714285,4
WESTLAKE,WESTLAKE 215/55/R17 SA37,215/55/R17,2,1,0.000183,7379.017857142857,2
NANKANG,NANKANG 165/45/R16 NS-20 74V,165/45/R16,2,1,0.000183,7332.232142857142,2
ARIVO,ARIVO 225/45/R18 ULTRA ARZ5,225/45/R18,2,1,0.000183,7283.571428571428,2
LAUFENN,LAUFENN 205/55/ZR16 G FIT AS 94V,null,2,1,0.000183,7265.892857142857,2
LAUFENN,LAUFENN 225/55/R19 S FIT AS 99V,225/55/R19,1,1,0.000092,7263.392857142857,1
BRIDGESTONE,BRIDGESTONE 165/65/R14 ECOPIA EP150 79S,165/65/R14,2,1,0.000183,7237.142857142857,2
LINGLONG,LINGLONG 165/55/R14 COMFORT MASTER 72V,165/55/R14,4,1,0.000367,7232.142857142857,4
ARIVO,ARIVO 225/60/R17 PREMIO COMFORT 6 99H,225/60/R17,2,1,0.000183,7227.857142857142,2
CST,CST 265/60/R18 SAHARA AT 2 110T,265/60/R18,1,1,0.000092,7205.357142857142,1
KINTO,KINTO 205/55/R16 SC-900 91V/W,205/55/R16,2,1,0.000183,7198.660714285714,2
LINGLONG,LINGLONG 205/70/R15C GREEN-MAX VAN 105/104S,205/70/R15,2,1,0.000183,7143.124999999999,2
ATLAS,ATLAS 215/60/R17 FORCE HP 96H,215/60/R17,2,1,0.000183,7142.857142857142,2
WESTLAKE,WESTLAKE 165/65/R13 RP36,165/65/R13,2,2,0.000367,7128.928571428571,4
ARIVO,ARIVO 215/55/R17 ULTRA ARZ5,215/55/R17,2,1,0.000183,7115.178571428571,2
WESTLAKE,WESTLAKE 165/65/R14 RP18,165/65/R14,2,2,0.000367,7108.928571428571,4
ARIVO,ARIVO 215/60/R17 PREMIO ARZ1,215/60/R17,2,1,0.000183,7086.874999999999,2
YOKOHAMA,YOKOHAMA 225/45/R18 ADVAN FLEVA V701 95W,225/45/R18,1,1,0.000092,7044.642857142857,1
FRONWAY,FRONWAY 175/70/R13 ECOGREEN ONE 82T,175/70/R13,4,1,0.000367,7032.499999999999,4
LINGLONG,LINGLONG 175/65/R14 COMFORT MASTER 82H,175/65/R14,4,1,0.000367,7002.499999999999,4
ARIVO,ARIVO 175/65/R14 PREMIO ARZ1 82H,175/65/R14,4,1,0.000367,6975.178571428571,4
ARIVO,ARIVO 205/55/R16 ULTRA ARZ4 94W,205/55/R16,2,1,0.000183,6960.535714285714,2
MICHELIN,MICHELIN 205/65/R15 ENERGY XM2+ 99V,205/65/R15,1,1,0.000092,6959.8214285714275,1
WESTLAKE,WESTLAKE 195/R14C SC328,195/R14C,2,1,0.000183,6925.624999999999,2
HANKOOK,HANKOOK 225/50/R18 VENTUS PRIME 4 99W,225/50/R18,1,1,0.000092,6910.714285714285,1
GOODYEAR,GOODYEAR 205/60/R17 ASSURANCE MAXGUARD 94V,205/60/R17,1,1,0.000092,6888.392857142857,1
ARIVO,ARIVO 185/60/R15 PREMIO COMFORT 6 88H,185/60/R15,3,1,0.000275,6880.089285714285,3
ARIVO,ARIVO 225/40/R18 ULTRA ARZ4 92H,225/40/R18,2,1,0.000183,6849.107142857142,2
ARIVO,ARIVO 215/65/R16 PREMIO COMFORT 6 98H,215/65/R16,2,1,0.000183,6848.214285714285,2
LAUFENN,LAUFENN 215/55/R18 S FIT AS 99V,215/55/R18,1,1,0.000092,6812.499999999999,1
LAUFENN,LAUFENN 185/R14C X FIT VAN 102/100R,185/R14C,2,1,0.000183,6806.249999999999,2
ATLAS,ATLAS 265/60/R18 PARALLER AT 2 114/Q,265/60/R18,1,1,0.000092,6799.107142857142,1
FRONWAY,FRONWAY 165/65/R14 ECOGREEN ONE 79T,165/65/R14,4,1,0.000367,6785.678571428571,4
ATLAS,ATLAS 205/45/R17 FORCE UHP 88/W,205/45/R17,2,1,0.000183,6735.535714285714,2
ARIVO,ARIVO 185/55/R15 PREMIO ARZ1,185/55/R15,3,1,0.000275,6727.767857142857,3
FRONWAY,FRONWAY 215/70/R16 ROADPOWER HT 79 100/H,215/70/R16,2,1,0.000183,6723.214285714285,2
ATLAS,ATLAS 205/65/R16 FORCE HP 95/H,205/65/R16,2,1,0.000183,6696.428571428571,2
WESTLAKE,WESTLAKE 195/R15C SC328,195/R15C,2,1,0.000183,6696.428571428571,2
WESTLAKE,WESTLAKE 205/70/R15 RP36,205/70/R15,2,1,0.000183,6691.339285714285,2
WESTLAKE,WESTLAKE 175/50/R15 RP26,175/50/R15,3,1,0.000275,6599.196428571428,3
WESTLAKE,WESTLAKE 215/45Z/R17 SA37,null,2,1,0.000183,6557.410714285714,2
APOLLO,APOLLO 185/55/R15 ALNAC 4G 88H,185/55/R15,2,1,0.000183,6464.285714285714,2
BRIDGESTONE,BRIDGESTONE 195/R15C DURAVIS R624 106/104S,195/R15C,1,1,0.000092,6446.428571428571,1
FRONWAY,FRONWAY 225/45/R17 EURUS 08 94/W XL,225/45/R17,2,1,0.000183,6428.5714285714275,2
LINGLONG,"LINGLONG 205/50/R17 SPORT MASTER ",205/50/R17,2,1,0.000183,6424.375,2
BRIDGESTONE,BRIDGESTONE 205/65/R16 TURANZA T005A,205/65/R16,1,1,0.000092,6361.607142857142,1
FRONWAY,FRONWAY 205/55/ZR17 EURUS 08 95W,null,2,1,0.000183,6320.089285714285,2
BRIDGESTONE,BRIDGESTONE 195/60/R16 ECOPIA EP150 89H,195/60/R16,1,1,0.000092,6303.5714285714275,1
FRONWAY,FRONWAY 155/70/R13 ECOGREEN ONE 75T,155/70/R13,4,1,0.000367,6287.678571428571,4
WESTLAKE,WESTLAKE 155/R12C H550,155/R12C,4,1,0.000367,6281.071428571428,4
WESTLAKE,WESTLAKE 165/65/R13 RP36,165/65/R13,4,1,0.000367,6279.642857142856,4
ARIVO,ARIVO 265/50/R20 TERRAMAX ARV PRO A/T 111S,265/50/R20,1,1,0.000092,6276.785714285714,1
ARIVO,ARIVO 215/45/R17 ULTRA ARZ5 91W,215/45/R17,2,1,0.000183,6249.999999999999,2
FRONWAY,FRONWAY 205/55/R16 ECOGREEN ONE 91V,205/55/R16,2,1,0.000183,6218.482142857142,2
WESTLAKE,WESTLAKE 205/45/R16 SA57,205/45/R16,2,1,0.000183,6211.339285714285,2
ARIVO,ARIVO 205/50/R16 PREMIO SPORT 6 91W,205/50/R16,2,1,0.000183,6178.5714285714275,2
ARIVO,ARIVO 215/45/R17 PREMIO SPORT 6 91W,215/45/R17,2,1,0.000183,6141.964285714285,2
WESTLAKE,WESTLAKE 155/65/R13 RP26,155/65/R13,4,1,0.000367,6131.785714285714,4
FRONWAY,FRONWAY 215/45/R17 EURUS 08 91/W XL,215/45/R17,2,1,0.000183,6125.624999999999,2
LAUFENN,LAUFENN 185/55/R16 S FIT EQ 83V,185/55/R16,2,1,0.000183,6124.285714285714,2
ARIVO,ARIVO 175/65/R14 PREMIO COMFORT 6 82H,175/65/R14,1,3,0.000275,6120.535714285714,3
LINGLONG,LINGLONG 205/45/R17 SPORT MASTER 88Y,205/45/R17,2,1,0.000183,6062.857142857142,2
ARIVO,ARIVO 205/45/R17 ULTRA ARZ4,205/45/R17,2,1,0.000183,6046.071428571428,2
WESTLAKE,WESTLAKE 195/45/R16 SA37,195/45/R16,2,1,0.000183,6046.071428571428,2
LAUFENN,LAUFENN 195/50/R16 S FIT EQ 84V,195/50/R16,2,1,0.000183,6034.999999999999,2
WESTLAKE,WESTLAKE 265/50/R20 SA37,265/50/R20,1,1,0.000092,5995.535714285714,1
WESTLAKE,WESTLAKE 195/50/R16 RP26,195/50/R16,2,1,0.000183,5982.142857142857,2
ARIVO,ARIVO 205/65/R15 PREMIO ARZ1 94V,205/65/R15,2,1,0.000183,5968.303571428571,2
KINTO,KINTO 235/60/R18 ST-51 107V,235/60/R18,1,1,0.000092,5941.964285714285,1
BFGOODRICH,BFGOODRICH 235/55/R18 ADVANTAGE TOURING 104H,235/55/R18,1,1,0.000092,5919.642857142857,1
DURATURN,DURATURN 195/55/R16 MOZO ECO D3 87H,195/55/R16,2,1,0.000183,5842.767857142856,2
YOKOHAMA,YOKOHAMA 215/45/R17 ADVAN FLEVA V701 91W,215/45/R17,1,1,0.000092,5839.285714285714,1
LINGLONG,LINGLONG 195/45/R16 SPORT MASTER 84V,195/45/R16,2,1,0.000183,5838.3839285714275,2
BRIDGESTONE,BRIDGESTONE 215/55/R17 TURANZA ER33 94V,215/55/R17,1,1,0.000092,5812.499999999999,1
ARIVO,ARIVO 205/45/R16 ULTRA ARZ4 87W,205/45/R16,2,1,0.000183,5789.732142857142,2
ARIVO,ARIVO 205/45/R17 ULTRA ARZ5,205/45/R17,2,1,0.000183,5767.857142857142,2
HANKOOK,HANKOOK 175/70/R14 KINERGY ECO2 84H,175/70/R14,2,1,0.000183,5756.964285714285,2
LINGLONG,LINGLONG 205/65/R15 COMFORT MASTER 94V,205/65/R15,2,1,0.000183,5754.374999999999,2
FRONWAY,FRONWAY 205/60/R16 ECOGREEN ONE 96V,205/60/R16,2,1,0.000183,5745.089285714285,2
YOKOHAMA,YOKOHAMA 205/55/R16 BLUEARTH ES32 91V,205/55/R16,1,1,0.000092,5723.214285714285,1
WESTLAKE,WESTLAKE 195/65/R15 RP36,195/65/R15,2,1,0.000183,5719.017857142857,2
BFGOODRICH,BFGOODRICH 225/55/R18 ADVANTAGE TOURING 98H,225/55/R18,1,1,0.000092,5683.035714285714,1
LINGLONG,LINGLONG 215/60/R16 COMFORT MASTER 99V,215/60/R16,2,1,0.000183,5669.464285714285,2
FRONWAY,FRONWAY 205/65/R16 ECOGREEN ONE 95H,205/65/R16,2,1,0.000183,5602.321428571428,2
BRIDGESTONE,BRIDGESTONE 205/65/R16 ECOPIA EP300 95V,205/65/R16,1,1,0.000092,5580.357142857142,1
BRIDGESTONE,BRIDGESTONE 205/55/R16 ECOPIA EP300 91V,205/55/R16,1,1,0.000092,5535.714285714285,1
DUNLOP,DUNLOP 215/65/R16 GRANDTREK ST20 98H,215/65/R16,1,1,0.000092,5508.928571428571,1
YOKOHAMA,YOKOHAMA 175/55/R15 BLUEARTH AE01 77V,175/55/R15,1,1,0.000092,5433.035714285714,1
LINGLONG,"LINGLONG 235/45/R19 GRIP MASTER ",235/45/R19,1,1,0.000092,5334.821428571428,1
FRONWAY,FRONWAY 195//R14C VANPLUS 09 106/104/R,null,2,1,0.000183,5307.9464285714275,2
LINGLONG,LINGLONG 185/R14C GREEN-MAX VAN 102/100S,185/R14C,2,1,0.000183,5275.714285714285,2
FRONWAY,FRONWAY 265/60/R18 ROCKBLADE AT II 110/T,265/60/R18,1,1,0.000092,5245.535714285714,1
FRONWAY,FRONWAY 255/60/R18 ROADPOWER HT 79 112H,255/60/R18,1,1,0.000092,5227.678571428571,1
ARIVO,ARIVO 265/70/R16 TERRANO ARV H/T 112-,265/70/R16,1,1,0.000092,5178.571428571428,1
YOKOHAMA,YOKOHAMA 205/65/R15 ASPEC A300 94S,205/65/R15,1,1,0.000092,5160.714285714285,1
ATLAS,ATLAS 175/65/R15 FORCE HP 84/H,175/65/R15,2,1,0.000183,5151.517857142857,2
FRONWAY,FRONWAY 205/65/R15 ECOGREEN ONE 94H,205/65/R15,2,1,0.000183,5126.785714285714,2
ARIVO,ARIVO 195/45/R15 ULTRA ARZ5 82V,195/45/R15,2,1,0.000183,5117.946428571428,2
FRONWAY,FRONWAY 175/50/R15 ECOGREEN ONE 75H,175/50/R15,3,1,0.000275,5108.035714285714,3
MICHELIN,MICHELIN 195/70/R14 ENERGY XM2+ 91H,195/70/R14,1,1,0.000092,5071.428571428571,1
ATLAS,ATLAS 185/55/R15 FORCE HP 82/V,185/55/R15,2,1,0.000183,5018.035714285714,2
WESTLAKE,WESTLAKE 225/60/R18 SU318,225/60/R18,1,1,0.000092,5017.857142857142,1
DUNLOP,DUNLOP 185/65/R15 BLUE RESPONSE TG 88H,185/65/R15,1,1,0.000092,4910.714285714285,1
ARIVO,ARIVO 185/65/R15 PREMIO COMFORT 6 88H,185/65/R15,1,2,0.000183,4883.955357142857,2
WESTLAKE,WESTLAKE 195/55/R15 SA57,195/55/R15,2,1,0.000183,4865.089285714285,2
BFGOODRICH,BFGOODRICH 205/65/R16 ADVANTAGE TOURING 95H,205/65/R16,1,1,0.000092,4812.499999999999,1
YOKOHAMA,YOKOHAMA 185/65/R15 BLUEARTH AE01 88H,185/65/R15,1,1,0.000092,4781.249999999999,1
FRONWAY,FRONWAY 265/65/R17 ROCKBLADE AT II 112/T,265/65/R17,1,1,0.000092,4776.785714285714,1
ARIVO,ARIVO 175/70/R14 PREMIO COMFORT 6 84T,175/70/R14,2,1,0.000183,4764.375,2
FRONWAY,FRONWAY 155/70/R13 ECOGREEN ONE 75T,155/70/R13,3,1,0.000275,4764.375,3
BRIDGESTONE,BRIDGESTONE 185/55/R15 ECOPIA EP300 82V,185/55/R15,1,1,0.000092,4754.464285714285,1
BLACK,BLACK ARROW 205/55/R16 DART P15 91V,205/55/R16,1,2,0.000183,4732.142857142857,2
ARIVO,ARIVO 185/60/R15 PREMIO COMFORT 6 88H,185/60/R15,1,2,0.000183,4727.678571428571,2
FRONWAY,FRONWAY 195/65/R15 ECOGREEN ONE 95H,195/65/R15,2,1,0.000183,4684.375,2
LAUFENN,LAUFENN 185/65/R14 G FIT AS 86H,185/65/R14,2,1,0.000183,4656.071428571428,2
DEESTONE,DEESTONE 215/70/R16C TITANZ T88 8PR 108/106 R,215/70/R16,1,1,0.000092,4647.321428571428,1
FRONWAY,FRONWAY 195/60/R15 ECOGREEN ONE 88H,195/60/R15,2,1,0.000183,4640.625,2
ARIVO,ARIVO 175/65/R15 PREMIO ARZ1 84H,175/65/R15,2,1,0.000183,4639.285714285714,2
BFGOODRICH,BFGOODRICH 205/50/R17 ADVANTAGE TOURING 93V,205/50/R17,1,1,0.000092,4553.571428571428,1
LINGLONG,LINGLONG 185/60/R15 COMFORT MASTER 84H,185/60/R15,2,1,0.000183,4552.232142857142,2
LINGLONG,LINGLONG 235/65/R16C GREEN-MAX VAN 108/106T,235/65/R16,1,1,0.000092,4526.785714285714,1
WESTLAKE,WESTLAKE 185/65/R14 RP36,185/65/R14,2,1,0.000183,4478.839285714285,2
KINTO,KINTO 195/60/R16 PRESTIGE P07 89H,195/60/R16,1,1,0.000092,4468.75,1
LAUFENN,LAUFENN 155/70/R13 G FIT EQ 75T,155/70/R13,2,1,0.000183,4419.642857142857,2
DEESTONE,DEESTONE 175/65/R14 NAKARA R201 82H,175/65/R14,2,1,0.000183,4381.607142857142,2
ARIVO,ARIVO 155/65/R14 PREMIO COMFORT 6 75T,155/65/R14,2,1,0.000183,4375.446428571428,2
ARIVO,ARIVO 165/65/R14 PREMIO ARZ1 79T,165/65/R14,2,1,0.000183,4369.642857142857,2
FRONWAY,FRONWAY 195/50/R15 ECOGREEN ONE 82V,195/50/R15,2,1,0.000183,4348.482142857142,2
ARIVO,ARIVO 225/45/R18 ULTRA ARZ5,225/45/R18,1,1,0.000092,4321.428571428571,1
DURATURN,DURATURN 225/60/R16 MOZZO 4S+ 102V,225/60/R16,1,1,0.000092,4263.392857142857,1
CST,CST 175/65/R14 MARQUIS MR-C5 82H,175/65/R14,2,1,0.000183,4174.732142857142,2
BLACK,BLACK ARROW 185/65/R15 SUPER DART P16 88H,185/65/R15,2,1,0.000183,4057.2321428571427,2
WESTLAKE,WESTLAKE 215/60/R17 SU318,215/60/R17,1,1,0.000092,3941.9642857142853,1
ARIVO,ARIVO 235/50/R18 ULTRA ARZ5 97V,235/50/R18,1,1,0.000092,3928.571428571428,1
DEESTONE,DEESTONE 165/65/R13 NAKARA R201 77T,165/65/R13,2,1,0.000183,3923.3035714285716,2
YOKOHAMA,YOKOHAMA 185/55/R15 BLUEARTH ES32 82H,185/55/R15,1,1,0.000092,3901.7857142857138,1
FRONWAY,FRONWAY 175/65/R15 ECOGREEN ONE 84H,175/65/R15,2,1,0.000183,3884.821428571428,2
KINTO,KINTO 195/55/R15 FORZA 001 85V,195/55/R15,1,1,0.000092,3861.6071428571427,1
FRONWAY,FRONWAY 175/50/R15 ECOGREEN ONE 75H,175/50/R15,2,1,0.000183,3851.249999999999,2
WESTLAKE,WESTLAKE 205/55/R17 SA37,205/55/R17,1,1,0.000092,3816.9642857142853,1
WESTLAKE,WESTLAKE 215/55/R17 SA37,215/55/R17,1,1,0.000092,3816.9642857142853,1
ARIVO,ARIVO 175/50/R15 PREMIO COMFORT 6 75H,175/50/R15,2,1,0.000183,3804.374999999999,2
ARIVO,ARIVO 165/80/R13 PREMIO COMFORT 6 83T,165/80/R13,2,1,0.000183,3787.589285714286,2
ARIVO,ARIVO 205/55/R16 ULTRA ARZ4 94W,205/55/R16,1,1,0.000092,3758.928571428571,1
YOKOHAMA,YOKOHAMA 175/65/R14 BLUEARTH ES32 82T,175/65/R14,1,1,0.000092,3749.9999999999995,1
FRONWAY,FRONWAY 165/80/R13 ECOGREEN ONE 83T,165/80/R13,2,1,0.000183,3718.6607142857138,2
FRONWAY,FRONWAY 215/45/R18 EURUS 08 93W,215/45/R18,1,1,0.000092,3705.3571428571427,1
WESTLAKE,WESTLAKE 165/80/R13 RP26,165/80/R13,2,1,0.000183,3671.7857142857138,2
FRONWAY,FRONWAY 165/65/R14 ECOGREEN ONE 79T,165/65/R14,2,1,0.000183,3650.6249999999995,2
LINGLONG,LINGLONG 175/65/R14 COMFORT MASTER 82H,175/65/R14,2,1,0.000183,3641.785714285714,2
WESTLAKE,WESTLAKE 155/70/R13 RP36,155/70/R13,2,1,0.000183,3571.428571428571,2
ARIVO,ARIVO 225/45/R18 ULTRA ARZ4,225/45/R18,1,1,0.000092,3544.642857142857,1
APOLLO,APOLLO 185/55/R15 ALNAC 4G 88H,185/55/R15,1,1,0.000092,3232.142857142857,1
ATLAS,ATLAS 185/55/R16 AS380NB 83/V,185/55/R16,1,1,0.000092,3026.785714285714,1
WESTLAKE,WESTLAKE 155/65/R13 RP26,155/65/R13,2,1,0.000183,2995.178571428571,2
ARIVO,ARIVO 205/45/R17 ULTRA ARZ5,205/45/R17,1,1,0.000092,2919.642857142857,1
FRONWAY,FRONWAY 205/55/R16 ECOGREEN ONE 91V,205/55/R16,1,1,0.000092,2915.178571428571,1
ARIVO,"ARIVO 205/60/R16 PREMIO COMFORT 6 ",205/60/R16,1,1,0.000092,2897.3214285714284,1
NANKANG,NANKANG 195/50/R15 NS-2 82V,195/50/R15,1,1,0.000092,2861.6071428571427,1
ARIVO,ARIVO 185/R14C TRANSITO ARZ 6-C,185/R14C,1,1,0.000092,2767.8571428571427,1
LINGLONG,LINGLONG 205/65/R15 COMFORT MASTER 94V,205/65/R15,1,1,0.000092,2758.928571428571,1
ATLAS,ATLAS 185/60/R15 FORCE HP 84/H,185/60/R15,1,1,0.000092,2714.285714285714,1
DEESTONE,DEESTONE 175/70/R14 NAKARA R201 84H,175/70/R14,1,1,0.000092,2633.928571428571,1
WESTLAKE,WESTLAKE 185/65/R15 RP36,185/65/R15,1,1,0.000092,2616.0714285714284,1
FRONWAY,FRONWAY 185//R14C VANPLUS 09 102/100/R,null,1,1,0.000092,2593.7499999999995,1
FRONWAY,FRONWAY 205/45/R16 EURUS 08 87/W XL,205/45/R16,1,1,0.000092,2535.7142857142853,1
ARIVO,ARIVO 195/65/R15 PREMIO COMFORT 6 91V,195/65/R15,1,1,0.000092,2513.392857142857,1
ARIVO,"ARIVO 185/55/R15 PREMIO COMFORT 6 ",185/55/R15,1,1,0.000092,2504.4642857142853,1
ARIVO,ARIVO 185/55/R15 PREMIO ARZ1,185/55/R15,1,1,0.000092,2379.4642857142853,1
WESTLAKE,WESTLAKE 195/50/R15 RP36,195/50/R15,1,1,0.000092,2375,1
LINGLONG,LINGLONG 185/55/R16 SPORT MASTER 87V,185/55/R16,1,1,0.000092,2321.428571428571,1
WESTLAKE,WESTLAKE 175/50/R15 RP26,175/50/R15,1,1,0.000092,2290.178571428571,1
WESTLAKE,WESTLAKE 175/65/R14 RP36,175/65/R14,1,1,0.000092,2236.6071428571427,1
FRONWAY,FRONWAY 205/65/R15 ECOGREEN ONE 94H,205/65/R15,1,1,0.000092,2232.142857142857,1
FRONWAY,FRONWAY 195/50/R15 ECOGREEN ONE 82V,195/50/R15,1,1,0.000092,2218.75,1
FRONWAY,FRONWAY 185/70/R14 ECOGREEN ONE 88H,185/70/R14,1,1,0.000092,2169.642857142857,1
LINGLONG,LINGLONG 185/60/R15 COMFORT MASTER 84H,185/60/R15,1,1,0.000092,2165.178571428571,1
ARIVO,ARIVO 175/70/R14 PREMIO COMFORT 6 84T,175/70/R14,1,1,0.000092,2156.25,1
WESTLAKE,WESTLAKE 165/70/R14 RP36,165/70/R14,1,1,0.000092,2133.928571428571,1
FRONWAY,FRONWAY 185/70/R13 ECOGREEN ONE 86T,185/70/R13,1,1,0.000092,2062.5,1
FRONWAY,FRONWAY 185/65/R14 ECOGREEN ONE 86H,185/65/R14,1,1,0.000092,1977.6785714285713,1
FRONWAY,FRONWAY 185/55/R15 ECOGREEN ONE 82V,185/55/R15,1,1,0.000092,1696.4285714285713,1
WESTLAKE,WESTLAKE 165/65/R13 RP36,165/65/R13,1,1,0.000092,1598.2142857142856,1
FRONWAY,FRONWAY 175/65/R14 ECOGREEN ONE 82V,175/65/R14,1,1,0.000092,1584.8214285714284,1
WESTLAKE,WESTLAKE 155/70/R13 RP36,155/70/R13,1,1,0.000092,1499.9999999999998,1