product_id,section_width,aspect_ratio,rim_diameter,size_display,is_light_truck,updated_at
10000,265,40,22,265/40 R22,false,2026-07-14T06:10:45
10001,265,65,17,265/65 R17,false,2026-07-14T06:10:45
10002,,65,18,,false,2026-07-14T06:10:45
10003,305,45,22,305/45 R22,false,2026-07-14T06:10:45
10004,185,65,15,185/65 R15,false,2026-07-14T06:10:45
10006,215,70,16,215/70 R16,false,2026-07-14T06:10:45
10007,225,60,17,225/60 R17,false,2026-07-14T06:10:45
10008,225,55,18,225/55 R18,false,2026-07-14T06:10:45
10009,235,55,18,235/55 R18,false,2026-07-14T06:10:45
10010,235,60,18,235/60 R18,false,2026-07-14T06:10:45
10011,265,65,17,265/65 R17,false,2026-07-14T06:10:45
10012,265,60,18,265/60 R18,false,2026-07-14T06:10:45
10013,265,65,17,265/65 R17,false,2026-07-14T06:10:45
10014,275,65,18,275/65 R18,false,2026-07-14T06:10:45
10015,285,55,20,285/55 R20,false,2026-07-14T06:10:45
10016,305,55,20,305/55 R20,false,2026-07-14T06:10:45
10017,285,70,17,285/70 R17,false,2026-07-14T06:10:45
10018,285,65,18,285/65 R18,false,2026-07-14T06:10:45
10019,235,75,15,235/75 R15,false,2026-07-14T06:10:45
10020,35,,17,,false,2026-07-14T06:10:45
10021,265,70,17,265/70 R17,false,2026-07-14T06:10:45
10022,285,70,17,285/70 R17,false,2026-07-14T06:10:45
10023,295,70,17,295/70 R17,false,2026-07-14T06:10:45
10024,205,55,17,205/55 R17,false,2026-07-14T06:10:45
10027,265,65,17,265/65 R17,false,2026-07-14T06:10:45
10029,175,,14,,false,2026-07-14T06:10:45
10031,255,35,18,255/35 R18,false,2026-07-14T06:10:45
10032,235,60,18,235/60 R18,false,2026-07-14T06:10:45
10039,205,50,17,205/50 R17,false,2026-07-14T06:10:45
10040,265,65,17,265/65 R17,false,2026-07-14T06:10:45
10041,245,65,17,245/65 R17,false,2026-07-14T06:10:45
1011,245,40,18,245/40 R18,false,2026-07-14T06:10:45
1014,245,40,18,245/40 R18,false,2026-07-14T06:10:45
10221,265,50,20,265/50 R20,false,2026-07-14T06:10:45
10222,195,50,15,195/50 R15,false,2026-07-14T06:10:45
10223,195,55,15,195/55 R15,false,2026-07-14T06:10:45
10234,265,50,20,265/50 R20,false,2026-07-14T06:10:45
10239,235,50,18,235/50 R18,false,2026-07-14T06:10:45
10241,185,80,14,185/80 R14,false,2026-07-14T06:10:45
10242,195,80,14,195/80 R14,false,2026-07-14T06:10:45
10243,195,80,15,195/80 R15,false,2026-07-14T06:10:45
10244,205,80,16,205/80 R16,false,2026-07-14T06:10:45
10271,165,65,13,165/65 R13,false,2026-07-14T06:10:45
10272,165,70,13,165/70 R13,false,2026-07-14T06:10:45
10273,175,70,13,175/70 R13,false,2026-07-14T06:10:45
10274,185,70,13,185/70 R13,false,2026-07-14T06:10:45
10275,175,65,14,175/65 R14,false,2026-07-14T06:10:45
10276,175,70,14,175/70 R14,false,2026-07-14T06:10:45
10278,185,65,14,185/65 R14,false,2026-07-14T06:10:45
10279,185,70,14,185/70 R14,false,2026-07-14T06:10:45
10281,195,70,14,195/70 R14,false,2026-07-14T06:10:45
10285,195,60,15,195/60 R15,false,2026-07-14T06:10:45
10290,155,70,13,155/70 R13,false,2026-07-14T06:10:45
10291,195,65,15,195/65 R15,false,2026-07-14T06:10:45
10293,205,65,15,205/65 R15,false,2026-07-14T06:10:45
10301,195,70,15,195/70 R15,false,2026-07-14T06:10:45
10302,225,70,15,225/70 R15,false,2026-07-14T06:10:45
10304,205,75,16,205/75 R16,false,2026-07-14T06:10:45
10305,235,65,16,235/65 R16,false,2026-07-14T06:10:45
10318,265,70,17,265/70 R17,false,2026-07-14T06:10:45
10340,265,70,16,265/70 R16,false,2026-07-14T06:10:45
10347,265,75,16,265/75 R16,false,2026-07-14T06:10:45
10349,235,75,15,235/75 R15,false,2026-07-14T06:10:45
10351,185,60,15,185/60 R15,false,2026-07-14T06:10:45
10361,265,60,18,265/60 R18,false,2026-07-14T06:10:45
10363,205,70,15,205/70 R15,false,2026-07-14T06:10:45
10364,215,70,15,215/70 R15,false,2026-07-14T06:10:45
10365,215,70,16,215/70 R16,false,2026-07-14T06:10:45
10366,165,65,14,165/65 R14,false,2026-07-14T06:10:45
10367,175,65,15,175/65 R15,false,2026-07-14T06:10:45
10368,185,55,15,185/55 R15,false,2026-07-14T06:10:45
1038,255,40,18,255/40 R18,false,2026-07-14T06:10:45
10382,155,70,13,155/70 R13,false,2026-07-14T06:10:45
10383,165,65,13,165/65 R13,false,2026-07-14T06:10:45
10384,165,80,13,165/80 R13,false,2026-07-14T06:10:45
10385,175,70,13,175/70 R13,false,2026-07-14T06:10:45
10386,185,70,13,185/70 R13,false,2026-07-14T06:10:45
10387,165,60,14,165/60 R14,false,2026-07-14T06:10:45
10388,165,65,14,165/65 R14,false,2026-07-14T06:10:45
10389,175,65,14,175/65 R14,false,2026-07-14T06:10:45
10390,175,70,14,175/70 R14,false,2026-07-14T06:10:45
10392,185,65,14,185/65 R14,false,2026-07-14T06:10:45
10393,185,70,14,185/70 R14,false,2026-07-14T06:10:45
10394,195,70,14,195/70 R14,false,2026-07-14T06:10:45
10395,175,65,15,175/65 R15,false,2026-07-14T06:10:45
10396,185,55,15,185/55 R15,false,2026-07-14T06:10:45
10397,185,60,15,185/60 R15,false,2026-07-14T06:10:45
10398,185,65,15,185/65 R15,false,2026-07-14T06:10:45
10399,195,50,15,195/50 R15,false,2026-07-14T06:10:45
10400,195,55,15,195/55 R15,false,2026-07-14T06:10:45
10401,195,60,15,195/60 R15,false,2026-07-14T06:10:45
10402,195,65,15,195/65 R15,false,2026-07-14T06:10:45
10403,205,65,15,205/65 R15,false,2026-07-14T06:10:45
10404,205,70,15,205/70 R15,false,2026-07-14T06:10:45
10405,185,55,16,185/55 R16,false,2026-07-14T06:10:45
10406,195,50,16,195/50 R16,false,2026-07-14T06:10:45
10407,195,55,16,195/55 R16,false,2026-07-14T06:10:45
10408,205,45,16,205/45 R16,false,2026-07-14T06:10:45
10409,205,50,16,205/50 R16,false,2026-07-14T06:10:45
10410,205,55,16,205/55 R16,false,2026-07-14T06:10:45
10411,205,60,16,205/60 R16,false,2026-07-14T06:10:45
10412,205,65,16,205/65 R16,false,2026-07-14T06:10:45
10413,215,55,16,215/55 R16,false,2026-07-14T06:10:45
10414,215,60,16,215/60 R16,false,2026-07-14T06:10:45
10415,215,65,16,215/65 R16,false,2026-07-14T06:10:45
10416,225,50,16,225/50 R16,false,2026-07-14T06:10:45
10417,225,55,16,225/55 R16,false,2026-07-14T06:10:45
10418,235,60,16,235/60 R16,false,2026-07-14T06:10:45
10419,205,45,17,205/45 R17,false,2026-07-14T06:10:45
10420,205,50,17,205/50 R17,false,2026-07-14T06:10:45
10421,225,70,15,225/70 R15,false,2026-07-14T06:10:45
10422,235,75,15,235/75 R15,false,2026-07-14T06:10:45
10423,215,70,16,215/70 R16,false,2026-07-14T06:10:45
10424,225,70,16,225/70 R16,false,2026-07-14T06:10:45
10425,245,70,16,245/70 R16,false,2026-07-14T06:10:45
10427,265,70,16,265/70 R16,false,2026-07-14T06:10:45
10428,215,60,17,215/60 R17,false,2026-07-14T06:10:45
10429,225,60,17,225/60 R17,false,2026-07-14T06:10:45
10430,225,65,17,225/65 R17,false,2026-07-14T06:10:45
10431,235,60,17,235/60 R17,false,2026-07-14T06:10:45
10432,235,65,17,235/65 R17,false,2026-07-14T06:10:45
10433,255,65,17,255/65 R17,false,2026-07-14T06:10:45
10434,265,65,17,265/65 R17,false,2026-07-14T06:10:45
10435,265,70,17,265/70 R17,false,2026-07-14T06:10:45
10436,265,70,17,265/70 R17,false,2026-07-14T06:10:45
10437,215,55,18,215/55 R18,false,2026-07-14T06:10:45
10438,225,55,18,225/55 R18,false,2026-07-14T06:10:45
10439,225,60,18,225/60 R18,false,2026-07-14T06:10:45
10441,235,60,18,235/60 R18,false,2026-07-14T06:10:45
10442,255,55,18,255/55 R18,false,2026-07-14T06:10:45
10443,255,60,18,255/60 R18,false,2026-07-14T06:10:45
10444,265,60,18,265/60 R18,false,2026-07-14T06:10:45
10445,225,55,19,225/55 R19,false,2026-07-14T06:10:45
10446,235,50,19,235/50 R19,false,2026-07-14T06:10:45
10447,235,55,19,235/55 R19,false,2026-07-14T06:10:45
10448,255,45,19,255/45 R19,false,2026-07-14T06:10:45
10449,255,50,19,255/50 R19,false,2026-07-14T06:10:45
1045,255,55,18,255/55 R18,false,2026-07-14T06:10:45
10450,255,55,19,255/55 R19,false,2026-07-14T06:10:45
10452,235,55,20,235/55 R20,false,2026-07-14T06:10:45
10453,245,50,20,245/50 R20,false,2026-07-14T06:10:45
10454,255,45,20,255/45 R20,false,2026-07-14T06:10:45
10455,255,50,20,255/50 R20,false,2026-07-14T06:10:45
10456,265,45,20,265/45 R20,false,2026-07-14T06:10:45
10457,265,50,20,265/50 R20,false,2026-07-14T06:10:45
10458,275,40,20,275/40 R20,false,2026-07-14T06:10:45
10459,275,45,20,275/45 R20,false,2026-07-14T06:10:45
10460,275,60,20,275/60 R20,false,2026-07-14T06:10:45
10461,285,50,20,285/50 R20,false,2026-07-14T06:10:45
10462,235,75,15,235/75 R15,false,2026-07-14T06:10:45
10465,245,70,16,245/70 R16,false,2026-07-14T06:10:45
10467,265,70,16,265/70 R16,false,2026-07-14T06:10:45
10468,265,75,16,265/75 R16,false,2026-07-14T06:10:45
10469,265,65,17,265/65 R17,false,2026-07-14T06:10:45
10470,265,70,17,265/70 R17,false,2026-07-14T06:10:45
10471,285,70,17,285/70 R17,false,2026-07-14T06:10:45
10472,265,60,18,265/60 R18,false,2026-07-14T06:10:45
10473,275,65,18,275/65 R18,false,2026-07-14T06:10:45
10474,275,55,20,275/55 R20,false,2026-07-14T06:10:45
10475,185,,14,,false,2026-07-14T06:10:45
10476,195,,14,,false,2026-07-14T06:10:45
10477,195,,15,,false,2026-07-14T06:10:45
10478,195,70,15,195/70 R15,false,2026-07-14T06:10:45
10479,205,70,15,205/70 R15,false,2026-07-14T06:10:45
10480,215,70,15,215/70 R15,false,2026-07-14T06:10:45
10481,225,70,15,225/70 R15,false,2026-07-14T06:10:45
10482,205,65,16,205/65 R16,false,2026-07-14T06:10:45
10484,215,70,16,215/70 R16,false,2026-07-14T06:10:45
10485,225,75,16,225/75 R16,false,2026-07-14T06:10:45
10486,235,65,16,235/65 R16,false,2026-07-14T06:10:45
1049,255,60,18,255/60 R18,false,2026-07-14T06:10:45
1054,265,35,18,265/35 R18,false,2026-07-14T06:10:45
10571,275,65,18,275/65 R18,false,2026-07-14T06:10:45
10572,285,75,16,285/75 R16,false,2026-07-14T06:10:45
10574,285,70,17,285/70 R17,false,2026-07-14T06:10:45
10577,275,70,18,275/70 R18,false,2026-07-14T06:10:45
10578,275,55,20,275/55 R20,false,2026-07-14T06:10:45
10582,305,55,20,305/55 R20,false,2026-07-14T06:10:45
10583,31,,15,,false,2026-07-14T06:10:45
10585,31,,15,,false,2026-07-14T06:10:45
10586,33,,15,,false,2026-07-14T06:10:45
10588,235,85,16,235/85 R16,false,2026-07-14T06:10:45
10590,285,75,16,285/75 R16,false,2026-07-14T06:10:45
10592,265,70,17,265/70 R17,false,2026-07-14T06:10:45
10593,285,70,17,285/70 R17,false,2026-07-14T06:10:45
10597,275,65,18,275/65 R18,false,2026-07-14T06:10:45
10598,285,65,18,285/65 R18,false,2026-07-14T06:10:45
10600,295,55,20,295/55 R20,false,2026-07-14T06:10:45
10601,305,55,20,305/55 R20,false,2026-07-14T06:10:45
10602,35,,20,,false,2026-07-14T06:10:45
10603,255,70,16,255/70 R16,false,2026-07-14T06:10:45
10605,265,65,18,265/65 R18,false,2026-07-14T06:10:45
10606,215,60,16,215/60 R16,false,2026-07-14T06:10:45
10607,235,50,18,235/50 R18,false,2026-07-14T06:10:45
10608,235,65,16,235/65 R16,false,2026-07-14T06:10:45
10610,265,70,15,265/70 R15,false,2026-07-14T06:10:45
10613,285,65,17,285/65 R17,false,2026-07-14T06:10:45
10614,175,70,13,175/70 R13,false,2026-07-14T06:10:45
10618,245,35,19,245/35 R19,false,2026-07-14T06:10:45
10628,185,60,15,185/60 R15,false,2026-07-14T06:10:45
10629,215,55,17,215/55 R17,false,2026-07-14T06:10:45
1063,265,60,18,265/60 R18,false,2026-07-14T06:10:45
10632,235,50,18,235/50 R18,false,2026-07-14T06:10:45
10634,265,35,20,265/35 R20,false,2026-07-14T06:10:45
10635,255,40,20,255/40 R20,false,2026-07-14T06:10:45
10636,285,40,20,285/40 R20,false,2026-07-14T06:10:45
10660,215,40,17,215/40 R17,false,2026-07-14T06:10:45
10661,215,50,17,215/50 R17,false,2026-07-14T06:10:45
10671,225,45,18,225/45 R18,false,2026-07-14T06:10:45
1068,265,65,18,265/65 R18,false,2026-07-14T06:10:45
10687,285,30,18,285/30 R18,false,2026-07-14T06:10:45
10688,235,45,19,235/45 R19,false,2026-07-14T06:10:45
10690,225,40,18,225/40 R18,false,2026-07-14T06:10:45
10709,215,55,18,215/55 R18,false,2026-07-14T06:10:45
10710,225,60,17,225/60 R17,false,2026-07-14T06:10:45
10712,255,70,17,255/70 R17,false,2026-07-14T06:10:45
10714,265,50,20,265/50 R20,false,2026-07-14T06:10:45
10723,225,45,19,225/45 R19,false,2026-07-14T06:10:45
10724,175,65,14,175/65 R14,false,2026-07-14T06:10:45
10728,215,70,15,215/70 R15,false,2026-07-14T06:10:45
10729,225,70,15,225/70 R15,false,2026-07-14T06:10:45
10734,205,65,16,205/65 R16,false,2026-07-14T06:10:45
10735,195,75,16,195/75 R16,false,2026-07-14T06:10:45
10737,205,75,16,205/75 R16,false,2026-07-14T06:10:45
10738,215,65,16,215/65 R16,false,2026-07-14T06:10:45
10741,235,65,16,235/65 R16,false,2026-07-14T06:10:45
10743,225,65,16,225/65 R16,false,2026-07-14T06:10:45
10754,265,70,16,265/70 R16,false,2026-07-14T06:10:45
10756,265,70,16,265/70 R16,false,2026-07-14T06:10:45
10759,245,70,16,245/70 R16,false,2026-07-14T06:10:45
10760,235,85,16,235/85 R16,false,2026-07-14T06:10:45
10763,235,70,16,235/70 R16,false,2026-07-14T06:10:45
10767,285,70,178,285/70 R178,false,2026-07-14T06:10:45
10768,205,45,17,205/45 R17,false,2026-07-14T06:10:45
10771,235,60,17,235/60 R17,false,2026-07-14T06:10:45
10772,245,65,17,245/65 R17,false,2026-07-14T06:10:45
10773,225,65,17,225/65 R17,false,2026-07-14T06:10:45
10774,265,65,17,265/65 R17,false,2026-07-14T06:10:45
10775,225,55,17,225/55 R17,false,2026-07-14T06:10:45
10794,205,60,13,205/60 R13,false,2026-07-14T06:10:45
10795,245,40,15,245/40 R15,false,2026-07-14T06:10:45
10796,245,40,17,245/40 R17,false,2026-07-14T06:10:45
10797,235,45,17,235/45 R17,false,2026-07-14T06:10:45
10799,275,35,18,275/35 R18,false,2026-07-14T06:10:45
10800,265,35,19,265/35 R19,false,2026-07-14T06:10:45
10801,245,40,18,245/40 R18,false,2026-07-14T06:10:45
10802,245,35,19,245/35 R19,false,2026-07-14T06:10:45
10803,235,35,19,235/35 R19,false,2026-07-14T06:10:45
10804,265,35,20,265/35 R20,false,2026-07-14T06:10:45
10805,225,45,17,225/45 R17,false,2026-07-14T06:10:45
10806,265,35,18,265/35 R18,false,2026-07-14T06:10:45
10807,255,45,20,255/45 R20,false,2026-07-14T06:10:45
10808,215,75,15,215/75 R15,false,2026-07-14T06:10:45
10809,195,65,15,195/65 R15,false,2026-07-14T06:10:45
10810,225,45,15,225/45 R15,false,2026-07-14T06:10:45
10811,245,40,15,245/40 R15,false,2026-07-14T06:10:45
10812,195,50,16,195/50 R16,false,2026-07-14T06:10:45
10814,225,45,17,225/45 R17,false,2026-07-14T06:10:45
10815,245,40,17,245/40 R17,false,2026-07-14T06:10:45
10816,225,40,18,225/40 R18,false,2026-07-14T06:10:45
10817,235,40,18,235/40 R18,false,2026-07-14T06:10:45
10818,295,30,18,295/30 R18,false,2026-07-14T06:10:45
10819,295,35,18,295/35 R18,false,2026-07-14T06:10:45
10820,235,35,19,235/35 R19,false,2026-07-14T06:10:45
10821,245,35,19,245/35 R19,false,2026-07-14T06:10:45
10822,265,35,19,265/35 R19,false,2026-07-14T06:10:45
10824,305,30,19,305/30 R19,false,2026-07-14T06:10:45
10825,325,30,19,325/30 R19,false,2026-07-14T06:10:45
10826,245,35,20,245/35 R20,false,2026-07-14T06:10:45
10827,265,35,20,265/35 R20,false,2026-07-14T06:10:45
10828,215,75,16,215/75 R16,false,2026-07-14T06:10:45
10829,215,70,16,215/70 R16,false,2026-07-14T06:10:45
1083,285,60,18,285/60 R18,false,2026-07-14T06:10:45
10830,235,65,16,235/65 R16,false,2026-07-14T06:10:45
10831,165,80,13,165/80 R13,false,2026-07-14T06:10:45
10834,265,75,16,265/75 R16,false,2026-07-14T06:10:45
10836,265,65,17,265/65 R17,false,2026-07-14T06:10:45
10838,195,45,15,195/45 R15,false,2026-07-14T06:10:45
10839,205,50,16,205/50 R16,false,2026-07-14T06:10:45
10840,245,40,17,245/40 R17,false,2026-07-14T06:10:45
10841,235,45,17,235/45 R17,false,2026-07-14T06:10:45
10843,215,50,17,215/50 R17,false,2026-07-14T06:10:45
10844,205,50,17,205/50 R17,false,2026-07-14T06:10:45
10845,215,40,18,215/40 R18,false,2026-07-14T06:10:45
10846,245,45,19,245/45 R19,false,2026-07-14T06:10:45
10847,235,35,19,235/35 R19,false,2026-07-14T06:10:45
10848,255,30,20,255/30 R20,false,2026-07-14T06:10:45
10849,165,45,16,165/45 R16,false,2026-07-14T06:10:45
10851,255,40,17,255/40 R17,false,2026-07-14T06:10:45
10852,225,45,17,225/45 R17,false,2026-07-14T06:10:45
10853,265,50,20,265/50 R20,false,2026-07-14T06:10:45
10854,285,50,20,285/50 R20,false,2026-07-14T06:10:45
10855,275,55,20,275/55 R20,false,2026-07-14T06:10:45
10856,305,45,22,305/45 R22,false,2026-07-14T06:10:45
10860,255,50,20,255/50 R20,false,2026-07-14T06:10:45
10861,265,60,18,265/60 R18,false,2026-07-14T06:10:45
10862,285,50,20,285/50 R20,false,2026-07-14T06:10:45
10865,265,65,18,265/65 R18,false,2026-07-14T06:10:45
10867,265,65,18,265/65 R18,false,2026-07-14T06:10:45
10868,215,60,17,215/60 R17,false,2026-07-14T06:10:45
10869,225,70,17,225/70 R17,false,2026-07-14T06:10:45
1087,285,60,18,285/60 R18,false,2026-07-14T06:10:45
10872,265,60,18,265/60 R18,false,2026-07-14T06:10:45
10888,235,40,18,235/40 R18,false,2026-07-14T06:10:45
1089,285,65,18,285/65 R18,false,2026-07-14T06:10:45
10897,265,50,22,265/50 R22,false,2026-07-14T06:10:45
10903,235,65,16,235/65 R16,false,2026-07-14T06:10:45
10937,305,65,18,305/65 R18,false,2026-07-14T06:10:45
10943,305,40,20,305/40 R20,false,2026-07-14T06:10:45
10944,185,70,13,185/70 R13,false,2026-07-14T06:10:45
10948,205,50,17,205/50 R17,false,2026-07-14T06:10:45
1095,295,70,18,295/70 R18,false,2026-07-14T06:10:45
10951,185,65,15,185/65 R15,false,2026-07-14T06:10:45
10952,185,70,14,185/70 R14,false,2026-07-14T06:10:45
10953,185,55,15,185/55 R15,false,2026-07-14T06:10:45
10955,205,65,15,205/65 R15,false,2026-07-14T06:10:45
10956,175,70,14,175/70 R14,false,2026-07-14T06:10:45
10957,185,60,15,185/60 R15,false,2026-07-14T06:10:45
10960,205,55,16,205/55 R16,false,2026-07-14T06:10:45
10966,195,55,15,195/55 R15,false,2026-07-14T06:10:45
10968,225,60,18,225/60 R18,false,2026-07-14T06:10:45
10969,225,55,19,225/55 R19,false,2026-07-14T06:10:45
10970,195,50,15,195/50 R15,false,2026-07-14T06:10:45
10971,215,65,16,215/65 R16,false,2026-07-14T06:10:45
11017,205,60,16,205/60 R16,false,2026-07-14T06:10:45
11026,185,55,16,185/55 R16,false,2026-07-14T06:10:45
11039,225,45,18,225/45 R18,false,2026-07-14T06:10:45
11047,245,40,20,245/40 R20,false,2026-07-14T06:10:45
11052,165,65,13,165/65 R13,false,2026-07-14T06:10:45
11054,175,65,14,175/65 R14,false,2026-07-14T06:10:45
11057,185,65,14,185/65 R14,false,2026-07-14T06:10:45
11059,195,,14,,false,2026-07-14T06:10:45
11060,185,65,15,185/65 R15,false,2026-07-14T06:10:45
11062,195,60,15,195/60 R15,false,2026-07-14T06:10:45
11064,195,,15,,false,2026-07-14T06:10:45
11066,205,55,16,205/55 R16,false,2026-07-14T06:10:45
11067,265,70,16,265/70 R16,false,2026-07-14T06:10:45
11070,215,55,17,215/55 R17,false,2026-07-14T06:10:45
11071,265,65,17,265/65 R17,false,2026-07-14T06:10:45
11072,225,45,18,225/45 R18,false,2026-07-14T06:10:45
11073,225,45,18,225/45 R18,false,2026-07-14T06:10:45
11074,235,40,18,235/40 R18,false,2026-07-14T06:10:45
11075,235,40,18,235/40 R18,false,2026-07-14T06:10:45
11076,245,40,18,245/40 R18,false,2026-07-14T06:10:45
11080,255,35,18,255/35 R18,false,2026-07-14T06:10:45
11081,265,35,18,265/35 R18,false,2026-07-14T06:10:45
11082,275,40,18,275/40 R18,false,2026-07-14T06:10:45
11083,225,35,19,225/35 R19,false,2026-07-14T06:10:45
11084,225,40,19,225/40 R19,false,2026-07-14T06:10:45
11085,235,35,19,235/35 R19,false,2026-07-14T06:10:45
11086,245,35,19,245/35 R19,false,2026-07-14T06:10:45
11087,245,40,19,245/40 R19,false,2026-07-14T06:10:45
11088,245,45,19,245/45 R19,false,2026-07-14T06:10:45
11089,255,30,19,255/30 R19,false,2026-07-14T06:10:45
11090,255,35,19,255/35 R19,false,2026-07-14T06:10:45
11091,255,40,19,255/40 R19,false,2026-07-14T06:10:45
11092,265,30,19,265/30 R19,false,2026-07-14T06:10:45
11093,275,30,19,275/30 R19,false,2026-07-14T06:10:45
11094,275,35,19,275/35 R19,false,2026-07-14T06:10:45
11095,275,40,19,275/40 R19,false,2026-07-14T06:10:45
11096,285,30,19,285/30 R19,false,2026-07-14T06:10:45
11097,285,35,19,285/35 R19,false,2026-07-14T06:10:45
11098,295,30,19,295/30 R19,false,2026-07-14T06:10:45
11099,305,30,19,305/30 R19,false,2026-07-14T06:10:45
11100,245,30,20,245/30 R20,false,2026-07-14T06:10:45
11101,245,35,20,245/35 R20,false,2026-07-14T06:10:45
11102,285,30,20,285/30 R20,false,2026-07-14T06:10:45
11103,175,70,13,175/70 R13,false,2026-07-14T06:10:45
11104,185,65,14,185/65 R14,false,2026-07-14T06:10:45
11105,185,70,14,185/70 R14,false,2026-07-14T06:10:45
11106,185,65,15,185/65 R15,false,2026-07-14T06:10:45
11107,185,60,15,185/60 R15,false,2026-07-14T06:10:45
11108,185,55,15,185/55 R15,false,2026-07-14T06:10:45
11109,195,55,15,195/55 R15,false,2026-07-14T06:10:45
11110,195,60,15,195/60 R15,false,2026-07-14T06:10:45
11111,195,65,15,195/65 R15,false,2026-07-14T06:10:45
11112,205,65,15,205/65 R15,false,2026-07-14T06:10:45
11113,225,50,16,225/50 R16,false,2026-07-14T06:10:45
11114,225,55,16,225/55 R16,false,2026-07-14T06:10:45
11115,205,45,17,205/45 R17,false,2026-07-14T06:10:45
11116,205,50,17,205/50 R17,false,2026-07-14T06:10:45
11117,215,45,17,215/45 R17,false,2026-07-14T06:10:45
11118,215,50,17,215/50 R17,false,2026-07-14T06:10:45
11119,195,55,16,195/55 R16,false,2026-07-14T06:10:45
1112,235,35,19,235/35 R19,false,2026-07-14T06:10:45
11120,205,60,16,205/60 R16,false,2026-07-14T06:10:45
11123,215,60,16,215/60 R16,false,2026-07-14T06:10:45
11124,205,55,17,205/55 R17,false,2026-07-14T06:10:45
11125,215,50,17,215/50 R17,false,2026-07-14T06:10:45
11126,225,60,17,225/60 R17,false,2026-07-14T06:10:45
11127,225,65,17,225/65 R17,false,2026-07-14T06:10:45
11128,215,65,16,215/65 R16,false,2026-07-14T06:10:45
11129,225,60,17,225/60 R17,false,2026-07-14T06:10:45
11130,265,60,18,265/60 R18,false,2026-07-14T06:10:45
11131,215,75,15,215/75 R15,false,2026-07-14T06:10:45
11132,215,75,15,215/75 R15,false,2026-07-14T06:10:45
11133,235,75,15,235/75 R15,false,2026-07-14T06:10:45
11134,245,70,16,245/70 R16,false,2026-07-14T06:10:45
11135,265,70,16,265/70 R16,false,2026-07-14T06:10:45
11136,265,65,17,265/65 R17,false,2026-07-14T06:10:45
11137,245,75,16,245/75 R16,false,2026-07-14T06:10:45
11138,235,65,16,235/65 R16,false,2026-07-14T06:10:45
11139,235,75,15,235/75 R15,false,2026-07-14T06:10:45
11140,265,70,16,265/70 R16,false,2026-07-14T06:10:45
11141,265,65,17,265/65 R17,false,2026-07-14T06:10:45
11142,265,70,17,265/70 R17,false,2026-07-14T06:10:45
11143,255,70,17,255/70 R17,false,2026-07-14T06:10:45
11144,285,60,18,285/60 R18,false,2026-07-14T06:10:45
11145,265,50,20,265/50 R20,false,2026-07-14T06:10:45
11146,285,65,17,285/65 R17,false,2026-07-14T06:10:45
11147,225,50,18,225/50 R18,false,2026-07-14T06:10:45
11151,245,45,18,245/45 R18,false,2026-07-14T06:10:45
11152,235,55,19,235/55 R19,false,2026-07-14T06:10:45
11153,275,35,19,275/35 R19,false,2026-07-14T06:10:45
11154,255,55,18,255/55 R18,false,2026-07-14T06:10:45
11155,245,50,18,245/50 R18,false,2026-07-14T06:10:45
11156,225,50,18,225/50 R18,false,2026-07-14T06:10:45
11157,245,45,18,245/45 R18,false,2026-07-14T06:10:45
11158,225,45,18,225/45 R18,false,2026-07-14T06:10:45
11160,225,55,17,225/55 R17,false,2026-07-14T06:10:45
11161,225,50,17,225/50 R17,false,2026-07-14T06:10:45
11162,225,45,17,225/45 R17,false,2026-07-14T06:10:45
11163,205,55,16,205/55 R16,false,2026-07-14T06:10:45
11164,195,55,16,195/55 R16,false,2026-07-14T06:10:45
11165,205,55,16,205/55 R16,false,2026-07-14T06:10:45
11166,225,55,17,225/55 R17,false,2026-07-14T06:10:45
11167,205,50,17,205/50 R17,false,2026-07-14T06:10:45
11168,225,50,17,225/50 R17,false,2026-07-14T06:10:45
11169,225,45,17,225/45 R17,false,2026-07-14T06:10:45
11170,245,50,18,245/50 R18,false,2026-07-14T06:10:45
11171,225,45,18,225/45 R18,false,2026-07-14T06:10:45
11172,245,45,18,245/45 R18,false,2026-07-14T06:10:45
11173,215,40,18,215/40 R18,false,2026-07-14T06:10:45
11174,225,40,18,225/40 R18,false,2026-07-14T06:10:45
11175,245,40,18,245/40 R18,false,2026-07-14T06:10:45
11176,255,40,18,255/40 R18,false,2026-07-14T06:10:45
11177,275,40,18,275/40 R18,false,2026-07-14T06:10:45
11178,245,35,18,245/35 R18,false,2026-07-14T06:10:45
11179,255,35,18,255/35 R18,false,2026-07-14T06:10:45
11180,275,35,18,275/35 R18,false,2026-07-14T06:10:45
11181,285,35,18,285/35 R18,false,2026-07-14T06:10:45
11182,245,45,19,245/45 R19,false,2026-07-14T06:10:45
11183,225,40,19,225/40 R19,false,2026-07-14T06:10:45
11184,245,40,19,245/40 R19,false,2026-07-14T06:10:45
11185,275,40,19,275/40 R19,false,2026-07-14T06:10:45
11186,225,35,19,225/35 R19,false,2026-07-14T06:10:45
11187,245,35,19,245/35 R19,false,2026-07-14T06:10:45
11188,255,35,19,255/35 R19,false,2026-07-14T06:10:45
11189,275,35,19,275/35 R19,false,2026-07-14T06:10:45
11190,285,35,19,285/35 R19,false,2026-07-14T06:10:45
11191,255,30,19,255/30 R19,false,2026-07-14T06:10:45
11192,275,30,19,275/30 R19,false,2026-07-14T06:10:45
11193,245,40,20,245/40 R20,false,2026-07-14T06:10:45
11194,225,35,20,225/35 R20,false,2026-07-14T06:10:45
11195,245,35,20,245/35 R20,false,2026-07-14T06:10:45
11196,275,35,20,275/35 R20,false,2026-07-14T06:10:45
11197,255,30,20,255/30 R20,false,2026-07-14T06:10:45
11198,275,30,20,275/30 R20,false,2026-07-14T06:10:45
11201,205,70,15,205/70 R15,false,2026-07-14T06:10:45
11203,265,70,15,265/70 R15,false,2026-07-14T06:10:45
11204,215,75,15,215/75 R15,false,2026-07-14T06:10:45
11206,30,,15,,false,2026-07-14T06:10:45
11207,31,,15,,false,2026-07-14T06:10:45
11208,215,70,16,215/70 R16,false,2026-07-14T06:10:45
11209,245,70,16,245/70 R16,false,2026-07-14T06:10:45
11210,265,70,16,265/70 R16,false,2026-07-14T06:10:45
11212,225,75,16,225/75 R16,false,2026-07-14T06:10:45
11213,245,75,16,245/75 R16,false,2026-07-14T06:10:45
11214,265,75,16,265/75 R16,false,2026-07-14T06:10:45
11215,185,85,16,185/85 R16,false,2026-07-14T06:10:45
11216,225,65,17,225/65 R17,false,2026-07-14T06:10:45
11217,255,65,17,255/65 R17,false,2026-07-14T06:10:45
11218,265,65,17,265/65 R17,false,2026-07-14T06:10:45
11219,285,65,17,285/65 R17,false,2026-07-14T06:10:45
11220,265,70,17,265/70 R17,false,2026-07-14T06:10:45
11221,265,70,17,265/70 R17,false,2026-07-14T06:10:45
11222,265,60,18,265/60 R18,false,2026-07-14T06:10:45
11223,285,60,18,285/60 R18,false,2026-07-14T06:10:45
11224,265,65,18,265/65 R18,false,2026-07-14T06:10:45
11225,285,65,18,285/65 R18,false,2026-07-14T06:10:45
11226,265,70,18,265/70 R18,false,2026-07-14T06:10:45
11227,265,50,20,265/50 R20,false,2026-07-14T06:10:45
11228,285,50,20,285/50 R20,false,2026-07-14T06:10:45
11229,255,55,20,255/55 R20,false,2026-07-14T06:10:45
11230,275,55,20,275/55 R20,false,2026-07-14T06:10:45
11231,275,60,20,275/60 R20,false,2026-07-14T06:10:45
11232,285,45,22,285/45 R22,false,2026-07-14T06:10:45
11233,255,45,19,255/45 R19,false,2026-07-14T06:10:45
11234,235,55,18,235/55 R18,false,2026-07-14T06:10:45
11235,265,70,17,265/70 R17,false,2026-07-14T06:10:45
11237,265,65,18,265/65 R18,false,2026-07-14T06:10:45
11238,275,65,18,275/65 R18,false,2026-07-14T06:10:45
11239,265,50,20,265/50 R20,false,2026-07-14T06:10:45
11240,275,55,20,275/55 R20,false,2026-07-14T06:10:45
11241,285,55,20,285/55 R20,false,2026-07-14T06:10:45
11242,305,55,20,305/55 R20,false,2026-07-14T06:10:45
11245,225,55,18,225/55 R18,false,2026-07-14T06:10:45
11246,225,60,17,225/60 R17,false,2026-07-14T06:10:45
11249,205,50,15,205/50 R15,false,2026-07-14T06:10:45
11250,195,50,15,195/50 R15,false,2026-07-14T06:10:45
11251,165,55,15,165/55 R15,false,2026-07-14T06:10:45
11252,225,45,16,225/45 R16,false,2026-07-14T06:10:45
11253,205,45,16,205/45 R16,false,2026-07-14T06:10:45
11254,255,40,17,255/40 R17,false,2026-07-14T06:10:45
11255,235,40,17,235/40 R17,false,2026-07-14T06:10:45
11256,215,45,17,215/45 R17,false,2026-07-14T06:10:45
11257,215,40,17,215/40 R17,false,2026-07-14T06:10:45
11258,305,30,19,305/30 R19,false,2026-07-14T06:10:45
11259,275,35,19,275/35 R19,false,2026-07-14T06:10:45
1126,245,35,19,245/35 R19,false,2026-07-14T06:10:45
11260,225,45,19,225/45 R19,false,2026-07-14T06:10:45
11261,255,40,18,255/40 R18,false,2026-07-14T06:10:45
11262,285,70,17,285/70 R17,false,2026-07-14T06:10:45
11263,275,70,18,275/70 R18,false,2026-07-14T06:10:45
11264,265,60,18,265/60 R18,false,2026-07-14T06:10:45
11265,275,55,20,275/55 R20,false,2026-07-14T06:10:45
11266,265,50,20,265/50 R20,false,2026-07-14T06:10:45
11267,225,50,18,225/50 R18,false,2026-07-14T06:10:45
11268,235,55,18,235/55 R18,false,2026-07-14T06:10:45
11269,175,,13,,false,2026-07-14T06:10:45
11270,225,70,15,225/70 R15,false,2026-07-14T06:10:45
11271,215,70,15,215/70 R15,false,2026-07-14T06:10:45
11272,195,,15,,false,2026-07-14T06:10:45
11273,235,75,15,235/75 R15,false,2026-07-14T06:10:45
11274,215,80,15,215/80 R15,false,2026-07-14T06:10:45
11275,265,65,17,265/65 R17,false,2026-07-14T06:10:45
11276,285,75,16,285/75 R16,false,2026-07-14T06:10:45
11277,265,75,16,265/75 R16,false,2026-07-14T06:10:45
11278,265,70,16,265/70 R16,false,2026-07-14T06:10:45
11279,245,75,16,245/75 R16,false,2026-07-14T06:10:45
11280,235,75,15,235/75 R15,false,2026-07-14T06:10:45
11281,305,70,16,305/70 R16,false,2026-07-14T06:10:45
11283,315,70,17,315/70 R17,false,2026-07-14T06:10:45
11284,295,70,17,295/70 R17,false,2026-07-14T06:10:45
11285,285,75,16,285/75 R16,false,2026-07-14T06:10:45
11286,245,75,16,245/75 R16,false,2026-07-14T06:10:45
11287,265,70,17,265/70 R17,false,2026-07-14T06:10:45
11288,215,55,16,215/55 R16,false,2026-07-14T06:10:45
11289,205,55,16,205/55 R16,false,2026-07-14T06:10:45
11290,255,40,17,255/40 R17,false,2026-07-14T06:10:45
11291,215,45,17,215/45 R17,false,2026-07-14T06:10:45
11292,205,40,17,205/40 R17,false,2026-07-14T06:10:45
11293,275,35,18,275/35 R18,false,2026-07-14T06:10:45
11294,265,35,18,265/35 R18,false,2026-07-14T06:10:45
11295,255,35,18,255/35 R18,false,2026-07-14T06:10:45
11296,245,45,18,245/45 R18,false,2026-07-14T06:10:45
11297,245,40,18,245/40 R18,false,2026-07-14T06:10:45
11298,225,45,18,225/45 R18,false,2026-07-14T06:10:45
11299,225,40,18,225/40 R18,false,2026-07-14T06:10:45
113,235,75,15,235/75 R15,false,2026-07-14T06:10:45
11300,275,30,19,275/30 R19,false,2026-07-14T06:10:45
11301,265,30,19,265/30 R19,false,2026-07-14T06:10:45
11302,245,40,19,245/40 R19,false,2026-07-14T06:10:45
11303,245,35,19,245/35 R19,false,2026-07-14T06:10:45
11306,255,35,20,255/35 R20,false,2026-07-14T06:10:45
11307,245,40,20,245/40 R20,false,2026-07-14T06:10:45
11308,245,35,20,245/35 R20,false,2026-07-14T06:10:45
11310,225,45,15,225/45 R15,false,2026-07-14T06:10:45
11311,225,45,16,225/45 R16,false,2026-07-14T06:10:45
11312,215,45,16,215/45 R16,false,2026-07-14T06:10:45
11313,205,55,16,205/55 R16,false,2026-07-14T06:10:45
11314,235,40,17,235/40 R17,false,2026-07-14T06:10:45
11315,205,45,17,205/45 R17,false,2026-07-14T06:10:45
11316,225,40,18,225/40 R18,false,2026-07-14T06:10:45
11317,245,40,18,245/40 R18,false,2026-07-14T06:10:45
11318,255,35,18,255/35 R18,false,2026-07-14T06:10:45
11319,285,30,18,285/30 R18,false,2026-07-14T06:10:45
11320,245,35,19,245/35 R19,false,2026-07-14T06:10:45
11321,275,30,19,275/30 R19,false,2026-07-14T06:10:45
11322,255,40,20,255/40 R20,false,2026-07-14T06:10:45
11323,185,70,14,185/70 R14,false,2026-07-14T06:10:45
11324,185,60,14,185/60 R14,false,2026-07-14T06:10:45
11326,205,50,15,205/50 R15,false,2026-07-14T06:10:45
11327,215,60,16,215/60 R16,false,2026-07-14T06:10:45
11328,305,40,22,305/40 R22,false,2026-07-14T06:10:45
11329,285,45,22,285/45 R22,false,2026-07-14T06:10:45
11330,285,40,22,285/40 R22,false,2026-07-14T06:10:45
11331,225,55,18,225/55 R18,false,2026-07-14T06:10:45
11332,245,55,19,245/55 R19,false,2026-07-14T06:10:45
11333,235,55,19,235/55 R19,false,2026-07-14T06:10:45
11334,225,55,19,225/55 R19,false,2026-07-14T06:10:45
11335,275,45,20,275/45 R20,false,2026-07-14T06:10:45
11336,275,50,21,275/50 R21,false,2026-07-14T06:10:45
11337,285,45,22,285/45 R22,false,2026-07-14T06:10:45
11338,275,40,22,275/40 R22,false,2026-07-14T06:10:45
11339,265,65,17,265/65 R17,false,2026-07-14T06:10:45
11340,285,60,18,285/60 R18,false,2026-07-14T06:10:45
11341,265,50,20,265/50 R20,false,2026-07-14T06:10:45
11342,165,65,14,165/65 R14,false,2026-07-14T06:10:45
11343,215,60,17,215/60 R17,false,2026-07-14T06:10:45
11345,195,50,15,195/50 R15,false,2026-07-14T06:10:45
11346,235,45,18,235/45 R18,false,2026-07-14T06:10:45
11347,245,40,18,245/40 R18,false,2026-07-14T06:10:45
11356,225,50,18,225/50 R18,false,2026-07-14T06:10:45
11359,215,45,18,215/45 R18,false,2026-07-14T06:10:45
11364,235,55,17,235/55 R17,false,2026-07-14T06:10:45
11369,215,50,17,215/50 R17,false,2026-07-14T06:10:45
11371,225,45,17,225/45 R17,false,2026-07-14T06:10:45
11389,225,40,18,225/40 R18,false,2026-07-14T06:10:45
11390,275,40,19,275/40 R19,false,2026-07-14T06:10:45
11391,255,40,19,255/40 R19,false,2026-07-14T06:10:45
11392,265,70,16,265/70 R16,false,2026-07-14T06:10:45
11393,245,70,16,245/70 R16,false,2026-07-14T06:10:45
11394,285,50,20,285/50 R20,false,2026-07-14T06:10:45
11395,265,65,18,265/65 R18,false,2026-07-14T06:10:45
11396,265,60,18,265/60 R18,false,2026-07-14T06:10:45
11397,255,60,18,255/60 R18,false,2026-07-14T06:10:45
11398,265,65,17,265/65 R17,false,2026-07-14T06:10:45
1140,245,50,19,245/50 R19,false,2026-07-14T06:10:45
11400,255,45,20,255/45 R20,false,2026-07-14T06:10:45
11401,235,55,19,235/55 R19,false,2026-07-14T06:10:45
11402,215,70,16,215/70 R16,false,2026-07-14T06:10:45
11404,215,55,17,215/55 R17,false,2026-07-14T06:10:45
11405,225,55,17,225/55 R17,false,2026-07-14T06:10:45
11406,205,60,17,205/60 R17,false,2026-07-14T06:10:45
11408,235,40,18,235/40 R18,false,2026-07-14T06:10:45
11411,235,55,17,235/55 R17,false,2026-07-14T06:10:45
11412,235,50,18,235/50 R18,false,2026-07-14T06:10:45
11413,285,60,18,285/60 R18,false,2026-07-14T06:10:45
11419,285,35,20,285/35 R20,false,2026-07-14T06:10:45
11421,295,40,22,295/40 R22,false,2026-07-14T06:10:45
11423,275,35,18,275/35 R18,false,2026-07-14T06:10:45
11424,225,35,19,225/35 R19,false,2026-07-14T06:10:45
11430,215,55,16,215/55 R16,false,2026-07-14T06:10:45
11431,255,35,18,255/35 R18,false,2026-07-14T06:10:45
11434,235,45,20,235/45 R20,false,2026-07-14T06:10:45
11437,235,45,21,235/45 R21,false,2026-07-14T06:10:45
11441,275,40,19,275/40 R19,false,2026-07-14T06:10:45
11442,225,55,19,225/55 R19,false,2026-07-14T06:10:45
11444,205,60,16,205/60 R16,false,2026-07-14T06:10:45
11446,205,50,17,205/50 R17,false,2026-07-14T06:10:45
1145,255,35,19,255/35 R19,false,2026-07-14T06:10:45
11450,205,45,17,205/45 R17,false,2026-07-14T06:10:45
11451,255,45,20,255/45 R20,false,2026-07-14T06:10:45
11456,285,40,22,285/40 R22,false,2026-07-14T06:10:45
11460,255,40,20,255/40 R20,false,2026-07-14T06:10:45
11466,265,35,18,265/35 R18,false,2026-07-14T06:10:45
11467,285,35,22,285/35 R22,false,2026-07-14T06:10:45
11468,245,50,20,245/50 R20,false,2026-07-14T06:10:45
11471,225,50,18,225/50 R18,false,2026-07-14T06:10:45
11472,205,55,16,205/55 R16,false,2026-07-14T06:10:45
11473,255,40,21,255/40 R21,false,2026-07-14T06:10:45
11481,215,50,17,215/50 R17,false,2026-07-14T06:10:45
11483,255,30,20,255/30 R20,false,2026-07-14T06:10:45
11487,175,50,15,175/50 R15,false,2026-07-14T06:10:45
1149,255,45,19,255/45 R19,false,2026-07-14T06:10:45
11492,235,55,17,235/55 R17,false,2026-07-14T06:10:45
11499,295,30,20,295/30 R20,false,2026-07-14T06:10:45
115,235,75,15,235/75 R15,false,2026-07-14T06:10:45
11500,235,45,18,235/45 R18,false,2026-07-14T06:10:45
11501,245,35,19,245/35 R19,false,2026-07-14T06:10:45
11502,245,45,18,245/45 R18,false,2026-07-14T06:10:45
11504,245,40,20,245/40 R20,false,2026-07-14T06:10:45
11505,235,55,20,235/55 R20,false,2026-07-14T06:10:45
11507,285,40,23,285/40 R23,false,2026-07-14T06:10:45
11508,275,40,21,275/40 R21,false,2026-07-14T06:10:45
11510,255,40,20,255/40 R20,false,2026-07-14T06:10:45
11511,285,30,20,285/30 R20,false,2026-07-14T06:10:45
11512,265,35,19,265/35 R19,false,2026-07-14T06:10:45
11514,265,30,19,265/30 R19,false,2026-07-14T06:10:45
11516,245,45,20,245/45 R20,false,2026-07-14T06:10:45
11520,285,35,21,285/35 R21,false,2026-07-14T06:10:45
11525,,,18,,false,2026-07-14T06:10:45
11527,305,35,20,305/35 R20,false,2026-07-14T06:10:45
11529,235,40,18,235/40 R18,false,2026-07-14T06:10:45
11530,295,35,23,295/35 R23,false,2026-07-14T06:10:45
11532,285,75,17,285/75 R17,false,2026-07-14T06:10:45
11533,275,30,19,275/30 R19,false,2026-07-14T06:10:45
11534,235,35,20,235/35 R20,false,2026-07-14T06:10:45
11536,275,45,21,275/45 R21,false,2026-07-14T06:10:45
11537,235,35,19,235/35 R19,false,2026-07-14T06:10:45
11539,245,40,19,245/40 R19,false,2026-07-14T06:10:45
11541,205,55,17,205/55 R17,false,2026-07-14T06:10:45
11542,265,70,18,265/70 R18,false,2026-07-14T06:10:45
11544,325,25,20,325/25 R20,false,2026-07-14T06:10:45
11545,275,40,20,275/40 R20,false,2026-07-14T06:10:45
11549,225,45,17,225/45 R17,false,2026-07-14T06:10:45
11550,265,35,19,265/35 R19,false,2026-07-14T06:10:45
11552,355,25,21,355/25 R21,false,2026-07-14T06:10:45
11555,275,35,22,275/35 R22,false,2026-07-14T06:10:45
11557,225,40,18,225/40 R18,false,2026-07-14T06:10:45
11559,295,35,19,295/35 R19,false,2026-07-14T06:10:45
11571,275,50,20,275/50 R20,false,2026-07-14T06:10:45
11572,195,60,16,195/60 R16,false,2026-07-14T06:10:45
11574,205,50,16,205/50 R16,false,2026-07-14T06:10:45
11579,255,55,18,255/55 R18,false,2026-07-14T06:10:45
1158,265,30,19,265/30 R19,false,2026-07-14T06:10:45
11580,235,30,20,235/30 R20,false,2026-07-14T06:10:45
11586,255,35,20,255/35 R20,false,2026-07-14T06:10:45
11588,315,35,21,315/35 R21,false,2026-07-14T06:10:45
11591,245,35,20,245/35 R20,false,2026-07-14T06:10:45
11592,175,70,13,175/70 R13,false,2026-07-14T06:10:45
11597,275,45,20,275/45 R20,false,2026-07-14T06:10:45
11602,265,35,21,265/35 R21,false,2026-07-14T06:10:45
11603,265,40,22,265/40 R22,false,2026-07-14T06:10:45
11606,295,35,22,295/35 R22,false,2026-07-14T06:10:45
11613,265,30,20,265/30 R20,false,2026-07-14T06:10:45
11614,255,40,20,255/40 R20,false,2026-07-14T06:10:45
11615,235,50,18,235/50 R18,false,2026-07-14T06:10:45
11618,295,30,18,295/30 R18,false,2026-07-14T06:10:45
11620,285,35,20,285/35 R20,false,2026-07-14T06:10:45
11621,225,40,18,225/40 R18,false,2026-07-14T06:10:45
11623,245,45,20,245/45 R20,false,2026-07-14T06:10:45
11624,275,35,20,275/35 R20,false,2026-07-14T06:10:45
11628,275,35,20,275/35 R20,false,2026-07-14T06:10:45
11633,195,50,15,195/50 R15,false,2026-07-14T06:10:45
11635,275,35,21,275/35 R21,false,2026-07-14T06:10:45
11636,275,35,19,275/35 R19,false,2026-07-14T06:10:45
11637,225,35,19,225/35 R19,false,2026-07-14T06:10:45
11645,285,30,21,285/30 R21,false,2026-07-14T06:10:45
11650,235,40,20,235/40 R20,false,2026-07-14T06:10:45
11651,285,30,20,285/30 R20,false,2026-07-14T06:10:45
11659,265,45,21,265/45 R21,false,2026-07-14T06:10:45
11661,215,65,16,215/65 R16,false,2026-07-14T06:10:45
11664,255,40,21,255/40 R21,false,2026-07-14T06:10:45
11665,265,30,21,265/30 R21,false,2026-07-14T06:10:45
11668,235,60,18,235/60 R18,false,2026-07-14T06:10:45
11669,245,30,20,245/30 R20,false,2026-07-14T06:10:45
1167,275,30,19,275/30 R19,false,2026-07-14T06:10:45
11670,265,35,22,265/35 R22,false,2026-07-14T06:10:45
11673,245,45,20,245/45 R20,false,2026-07-14T06:10:45
11674,295,30,21,295/30 R21,false,2026-07-14T06:10:45
11679,265,35,20,265/35 R20,false,2026-07-14T06:10:45
11680,245,35,20,245/35 R20,false,2026-07-14T06:10:45
11682,245,45,18,245/45 R18,false,2026-07-14T06:10:45
11684,225,45,18,225/45 R18,false,2026-07-14T06:10:45
11685,265,30,20,265/30 R20,false,2026-07-14T06:10:45
11686,235,45,18,235/45 R18,false,2026-07-14T06:10:45
11687,225,50,17,225/50 R17,false,2026-07-14T06:10:45
11688,275,65,20,275/65 R20,false,2026-07-14T06:10:45
11689,235,50,18,235/50 R18,false,2026-07-14T06:10:45
1169,275,35,19,275/35 R19,false,2026-07-14T06:10:45
11691,,,15,,false,2026-07-14T06:10:45
11695,265,40,21,265/40 R21,false,2026-07-14T06:10:45
11696,295,25,21,295/25 R21,false,2026-07-14T06:10:45
11699,245,40,19,245/40 R19,false,2026-07-14T06:10:45
11700,245,50,20,245/50 R20,false,2026-07-14T06:10:45
11704,255,30,19,255/30 R19,false,2026-07-14T06:10:45
11706,255,55,19,255/55 R19,false,2026-07-14T06:10:45
11711,245,40,20,245/40 R20,false,2026-07-14T06:10:45
11713,295,35,20,295/35 R20,false,2026-07-14T06:10:45
11716,305,55,20,305/55 R20,false,2026-07-14T06:10:45
11718,225,55,18,225/55 R18,false,2026-07-14T06:10:45
11719,315,30,20,315/30 R20,false,2026-07-14T06:10:45
11723,205,40,17,205/40 R17,false,2026-07-14T06:10:45
11728,,,20,,false,2026-07-14T06:10:45
11734,305,70,17,305/70 R17,false,2026-07-14T06:10:45
11735,245,35,21,245/35 R21,false,2026-07-14T06:10:45
11737,265,40,20,265/40 R20,false,2026-07-14T06:10:45
11738,255,50,19,255/50 R19,false,2026-07-14T06:10:45
11741,245,30,19,245/30 R19,false,2026-07-14T06:10:45
11742,275,70,17,275/70 R17,false,2026-07-14T06:10:45
11746,245,35,20,245/35 R20,false,2026-07-14T06:10:45
11756,225,40,19,225/40 R19,false,2026-07-14T06:10:45
11766,245,35,19,245/35 R19,false,2026-07-14T06:10:45
11768,285,30,19,285/30 R19,false,2026-07-14T06:10:45
11772,305,30,21,305/30 R21,false,2026-07-14T06:10:45
11781,325,30,21,325/30 R21,false,2026-07-14T06:10:45
11785,265,40,21,265/40 R21,false,2026-07-14T06:10:45
11787,,,15,,false,2026-07-14T06:10:45
11790,265,70,17,265/70 R17,false,2026-07-14T06:10:45
11791,285,30,22,285/30 R22,false,2026-07-14T06:10:45
11798,215,70,16,215/70 R16,false,2026-07-14T06:10:45
11801,235,65,18,235/65 R18,false,2026-07-14T06:10:45
11803,235,50,20,235/50 R20,false,2026-07-14T06:10:45
11804,255,30,20,255/30 R20,false,2026-07-14T06:10:45
11807,275,30,21,275/30 R21,false,2026-07-14T06:10:45
11811,285,75,16,285/75 R16,false,2026-07-14T06:10:45
11815,265,35,18,265/35 R18,false,2026-07-14T06:10:45
11818,305,25,21,305/25 R21,false,2026-07-14T06:10:45
11819,225,45,19,225/45 R19,false,2026-07-14T06:10:45
11821,335,25,22,335/25 R22,false,2026-07-14T06:10:45
11825,285,35,19,285/35 R19,false,2026-07-14T06:10:45
11827,325,25,21,325/25 R21,false,2026-07-14T06:10:45
11828,255,45,19,255/45 R19,false,2026-07-14T06:10:45
11830,315,30,22,315/30 R22,false,2026-07-14T06:10:45
11833,295,30,19,295/30 R19,false,2026-07-14T06:10:45
11836,265,65,17,265/65 R17,false,2026-07-14T06:10:45
11838,335,30,21,335/30 R21,false,2026-07-14T06:10:45
11845,295,55,20,295/55 R20,false,2026-07-14T06:10:45
11847,245,35,19,245/35 R19,false,2026-07-14T06:10:45
11854,225,40,18,225/40 R18,false,2026-07-14T06:10:45
11856,255,30,21,255/30 R21,false,2026-07-14T06:10:45
11857,235,40,18,235/40 R18,false,2026-07-14T06:10:45
11859,205,70,15,205/70 R15,false,2026-07-14T06:10:45
11860,315,30,20,315/30 R20,false,2026-07-14T06:10:45
11861,215,60,17,215/60 R17,false,2026-07-14T06:10:45
11865,235,45,21,235/45 R21,false,2026-07-14T06:10:45
11867,315,70,17,315/70 R17,false,2026-07-14T06:10:45
11868,,,20,,false,2026-07-14T06:10:45
11873,315,30,21,315/30 R21,false,2026-07-14T06:10:45
11876,245,40,18,245/40 R18,false,2026-07-14T06:10:45
11888,285,65,18,285/65 R18,false,2026-07-14T06:10:45
11892,265,45,21,265/45 R21,false,2026-07-14T06:10:45
11895,245,45,20,245/45 R20,false,2026-07-14T06:10:45
11899,245,40,21,245/40 R21,false,2026-07-14T06:10:45
119,195,50,16,195/50 R16,false,2026-07-14T06:10:45
11901,305,30,20,305/30 R20,false,2026-07-14T06:10:45
11902,265,40,19,265/40 R19,false,2026-07-14T06:10:45
11904,225,45,17,225/45 R17,false,2026-07-14T06:10:45
11905,315,30,21,315/30 R21,false,2026-07-14T06:10:45
11908,245,50,20,245/50 R20,false,2026-07-14T06:10:45
11909,275,30,20,275/30 R20,false,2026-07-14T06:10:45
11918,335,30,20,335/30 R20,false,2026-07-14T06:10:45
11922,255,40,21,255/40 R21,false,2026-07-14T06:10:45
11925,245,35,21,245/35 R21,false,2026-07-14T06:10:45
11929,275,35,19,275/35 R19,false,2026-07-14T06:10:45
11931,225,50,18,225/50 R18,false,2026-07-14T06:10:45
11934,275,35,19,275/35 R19,false,2026-07-14T06:10:45
11937,255,45,18,255/45 R18,false,2026-07-14T06:10:45
11940,205,65,16,205/65 R16,false,2026-07-14T06:10:45
11945,315,75,16,315/75 R16,false,2026-07-14T06:10:45
11949,245,40,20,245/40 R20,false,2026-07-14T06:10:45
11960,285,70,1710,285/70 R1710,false,2026-07-14T06:10:45
11961,325,30,20,325/30 R20,false,2026-07-14T06:10:45
11965,285,35,18,285/35 R18,false,2026-07-14T06:10:45
11966,305,25,20,305/25 R20,false,2026-07-14T06:10:45
11967,255,40,19,255/40 R19,false,2026-07-14T06:10:45
11970,215,55,16,215/55 R16,false,2026-07-14T06:10:45
11971,215,60,16,215/60 R16,false,2026-07-14T06:10:45
11972,205,55,17,205/55 R17,false,2026-07-14T06:10:45
11973,215,50,17,215/50 R17,false,2026-07-14T06:10:45
11975,225,45,17,225/45 R17,false,2026-07-14T06:10:45
11976,225,50,17,225/50 R17,false,2026-07-14T06:10:45
11977,235,45,17,235/45 R17,false,2026-07-14T06:10:45
11978,245,45,17,245/45 R17,false,2026-07-14T06:10:45
11979,225,45,18,225/45 R18,false,2026-07-14T06:10:45
11980,235,45,18,235/45 R18,false,2026-07-14T06:10:45
11982,235,35,19,235/35 R19,false,2026-07-14T06:10:45
11983,235,40,19,235/40 R19,false,2026-07-14T06:10:45
11985,175,70,14,175/70 R14,false,2026-07-14T06:10:45
11987,185,65,14,185/65 R14,false,2026-07-14T06:10:45
11988,185,70,14,185/70 R14,false,2026-07-14T06:10:45
11989,175,65,15,175/65 R15,false,2026-07-14T06:10:45
11992,185,55,15,185/55 R15,false,2026-07-14T06:10:45
11993,185,65,15,185/65 R15,false,2026-07-14T06:10:45
11994,195,50,15,195/50 R15,false,2026-07-14T06:10:45
11995,195,60,15,195/60 R15,false,2026-07-14T06:10:45
11996,195,65,15,195/65 R15,false,2026-07-14T06:10:45
11997,185,55,16,185/55 R16,false,2026-07-14T06:10:45
11998,185,60,16,185/60 R16,false,2026-07-14T06:10:45
11999,195,50,16,195/50 R16,false,2026-07-14T06:10:45
12000,195,55,16,195/55 R16,false,2026-07-14T06:10:45
12001,195,60,16,195/60 R16,false,2026-07-14T06:10:45
12002,205,55,16,205/55 R16,false,2026-07-14T06:10:45
12003,205,60,16,205/60 R16,false,2026-07-14T06:10:45
12004,205,65,16,205/65 R16,false,2026-07-14T06:10:45
12005,215,60,16,215/60 R16,false,2026-07-14T06:10:45
12006,205,50,17,205/50 R17,false,2026-07-14T06:10:45
12007,205,55,17,205/55 R17,false,2026-07-14T06:10:45
12008,205,60,17,205/60 R17,false,2026-07-14T06:10:45
12009,215,55,17,215/55 R17,false,2026-07-14T06:10:45
12010,205,70,15,205/70 R15,false,2026-07-14T06:10:45
12012,235,70,15,235/70 R15,false,2026-07-14T06:10:45
12013,215,65,16,215/65 R16,false,2026-07-14T06:10:45
12014,225,70,16,225/70 R16,false,2026-07-14T06:10:45
12015,235,60,16,235/60 R16,false,2026-07-14T06:10:45
12016,235,70,16,235/70 R16,false,2026-07-14T06:10:45
12017,245,70,16,245/70 R16,false,2026-07-14T06:10:45
12018,265,70,16,265/70 R16,false,2026-07-14T06:10:45
12019,215,60,17,215/60 R17,false,2026-07-14T06:10:45
12020,225,60,17,225/60 R17,false,2026-07-14T06:10:45
12021,225,65,17,225/65 R17,false,2026-07-14T06:10:45
12022,235,55,17,235/55 R17,false,2026-07-14T06:10:45
12023,235,65,17,235/65 R17,false,2026-07-14T06:10:45
12024,245,65,17,245/65 R17,false,2026-07-14T06:10:45
12025,265,65,17,265/65 R17,false,2026-07-14T06:10:45
12026,215,55,18,215/55 R18,false,2026-07-14T06:10:45
12028,225,60,18,225/60 R18,false,2026-07-14T06:10:45
12029,235,55,18,235/55 R18,false,2026-07-14T06:10:45
12030,235,60,18,235/60 R18,false,2026-07-14T06:10:45
12031,245,60,18,245/60 R18,false,2026-07-14T06:10:45
12032,265,60,18,265/60 R18,false,2026-07-14T06:10:45
12033,265,50,20,265/50 R20,false,2026-07-14T06:10:45
12035,185,,14,,false,2026-07-14T06:10:45
12036,195,,14,,false,2026-07-14T06:10:45
12037,205,70,15,205/70 R15,false,2026-07-14T06:10:45
12038,215,70,15,215/70 R15,false,2026-07-14T06:10:45
12039,225,70,15,225/70 R15,false,2026-07-14T06:10:45
1204,235,55,20,235/55 R20,false,2026-07-14T06:10:45
12041,215,75,16,215/75 R16,false,2026-07-14T06:10:45
12042,235,65,16,235/65 R16,false,2026-07-14T06:10:45
12043,245,45,20,245/45 R20,false,2026-07-14T06:10:45
12044,275,45,20,275/45 R20,false,2026-07-14T06:10:45
12045,275,40,21,275/40 R21,false,2026-07-14T06:10:45
12046,205,45,17,205/45 R17,false,2026-07-14T06:10:45
12047,215,45,17,215/45 R17,false,2026-07-14T06:10:45
12048,225,45,17,225/45 R17,false,2026-07-14T06:10:45
12049,225,50,17,225/50 R17,false,2026-07-14T06:10:45
12050,225,55,17,225/55 R17,false,2026-07-14T06:10:45
12051,225,40,18,225/40 R18,false,2026-07-14T06:10:45
12052,225,45,18,225/45 R18,false,2026-07-14T06:10:45
12053,235,40,18,235/40 R18,false,2026-07-14T06:10:45
12054,235,45,18,235/45 R18,false,2026-07-14T06:10:45
12055,245,40,18,245/40 R18,false,2026-07-14T06:10:45
12056,245,45,18,245/45 R18,false,2026-07-14T06:10:45
12057,225,45,19,225/45 R19,false,2026-07-14T06:10:45
12058,245,45,19,245/45 R19,false,2026-07-14T06:10:45
12059,245,50,19,245/50 R19,false,2026-07-14T06:10:45
12060,275,40,19,275/40 R19,false,2026-07-14T06:10:45
12061,255,45,20,255/45 R20,false,2026-07-14T06:10:45
12062,225,60,18,225/60 R18,false,2026-07-14T06:10:45
12063,235,60,18,235/60 R18,false,2026-07-14T06:10:45
12064,255,55,18,255/55 R18,false,2026-07-14T06:10:45
1207,245,35,20,245/35 R20,false,2026-07-14T06:10:45
12071,215,50,17,215/50 R17,false,2026-07-14T06:10:45
12072,225,50,17,225/50 R17,false,2026-07-14T06:10:45
12074,215,45,18,215/45 R18,false,2026-07-14T06:10:45
12077,245,40,18,245/40 R18,false,2026-07-14T06:10:45
12078,245,45,18,245/45 R18,false,2026-07-14T06:10:45
12080,245,40,19,245/40 R19,false,2026-07-14T06:10:45
12084,255,60,18,255/60 R18,false,2026-07-14T06:10:45
12086,235,50,19,235/50 R19,false,2026-07-14T06:10:45
12087,235,55,19,235/55 R19,false,2026-07-14T06:10:45
12088,235,50,20,235/50 R20,false,2026-07-14T06:10:45
12090,245,75,17,245/75 R17,false,2026-07-14T06:10:45
12095,235,70,15,235/70 R15,false,2026-07-14T06:10:45
12096,235,75,15,235/75 R15,false,2026-07-14T06:10:45
12097,255,70,15,255/70 R15,false,2026-07-14T06:10:45
12099,245,70,16,245/70 R16,false,2026-07-14T06:10:45
12100,225,70,17,225/70 R17,false,2026-07-14T06:10:45
12101,255,65,17,255/65 R17,false,2026-07-14T06:10:45
12102,265,65,17,265/65 R17,false,2026-07-14T06:10:45
12103,265,70,17,265/70 R17,false,2026-07-14T06:10:45
12105,265,60,18,265/60 R18,false,2026-07-14T06:10:45
12107,175,,13,,false,2026-07-14T06:10:45
12108,,75,16,,false,2026-07-14T06:10:45
12109,,75,17,,false,2026-07-14T06:10:45
12110,,65,17,,false,2026-07-14T06:10:45
12111,,70,17,,false,2026-07-14T06:10:45
12112,,70,17,,false,2026-07-14T06:10:45
12113,,60,18,,false,2026-07-14T06:10:45
12114,,65,18,,false,2026-07-14T06:10:45
12115,,60,18,,false,2026-07-14T06:10:45
12116,,50,20,,false,2026-07-14T06:10:45
12117,255,65,18,255/65 R18,false,2026-07-14T06:10:45
12118,255,65,18,255/65 R18,false,2026-07-14T06:10:45
12119,255,55,20,255/55 R20,false,2026-07-14T06:10:45
12120,,70,17,,false,2026-07-14T06:10:45
12121,215,55,18,215/55 R18,false,2026-07-14T06:10:45
12122,255,60,18,255/60 R18,false,2026-07-14T06:10:45
12123,205,50,16,205/50 R16,false,2026-07-14T06:10:45
12125,215,45,18,215/45 R18,false,2026-07-14T06:10:45
12126,235,60,17,235/60 R17,false,2026-07-14T06:10:45
12127,245,65,17,245/65 R17,false,2026-07-14T06:10:45
12128,255,65,17,255/65 R17,false,2026-07-14T06:10:45
12129,225,55,18,225/55 R18,false,2026-07-14T06:10:45
12131,235,85,16,235/85 R16,false,2026-07-14T06:10:45
12134,205,55,15,205/55 R15,false,2026-07-14T06:10:45
12135,205,65,15,205/65 R15,false,2026-07-14T06:10:45
12140,235,75,15,235/75 R15,false,2026-07-14T06:10:45
12141,285,70,17,285/70 R17,false,2026-07-14T06:10:45
12142,245,75,16,245/75 R16,false,2026-07-14T06:10:45
12145,215,65,16,215/65 R16,false,2026-07-14T06:10:45
12148,205,60,16,205/60 R16,false,2026-07-14T06:10:45
12149,215,55,17,215/55 R17,false,2026-07-14T06:10:45
12150,235,45,18,235/45 R18,false,2026-07-14T06:10:45
12151,235,50,18,235/50 R18,false,2026-07-14T06:10:45
12152,225,45,19,225/45 R19,false,2026-07-14T06:10:45
12153,225,55,19,225/55 R19,false,2026-07-14T06:10:45
12156,205,65,16,205/65 R16,false,2026-07-14T06:10:45
12157,215,65,16,215/65 R16,false,2026-07-14T06:10:45
12160,285,45,22,285/45 R22,false,2026-07-14T06:10:45
12161,225,60,17,225/60 R17,false,2026-07-14T06:10:45
12162,265,60,20,265/60 R20,false,2026-07-14T06:10:45
12163,265,50,22,265/50 R22,false,2026-07-14T06:10:45
12165,195,55,15,195/55 R15,false,2026-07-14T06:10:45
12166,265,70,16,265/70 R16,false,2026-07-14T06:10:45
12189,275,60,20,275/60 R20,false,2026-07-14T06:10:45
1220,255,40,20,255/40 R20,false,2026-07-14T06:10:45
12208,245,40,20,245/40 R20,false,2026-07-14T06:10:45
12209,245,45,20,245/45 R20,false,2026-07-14T06:10:45
12225,,,15,,false,2026-07-14T06:10:45
12228,225,75,16,225/75 R16,false,2026-07-14T06:10:45
12229,235,70,16,235/70 R16,false,2026-07-14T06:10:45
12230,235,85,16,235/85 R16,false,2026-07-14T06:10:45
12234,255,85,16,255/85 R16,false,2026-07-14T06:10:45
12237,265,70,17,265/70 R17,false,2026-07-14T06:10:45
12238,275,65,18,275/65 R18,false,2026-07-14T06:10:45
12239,285,55,20,285/55 R20,false,2026-07-14T06:10:45
12240,285,65,18,285/65 R18,false,2026-07-14T06:10:45
12242,285,75,16,285/75 R16,false,2026-07-14T06:10:45
12243,285,75,17,285/75 R17,false,2026-07-14T06:10:45
12246,295,70,17,295/70 R17,false,2026-07-14T06:10:45
12247,295,70,18,295/70 R18,false,2026-07-14T06:10:45
12248,305,55,20,305/55 R20,false,2026-07-14T06:10:45
12251,315,75,16,315/75 R16,false,2026-07-14T06:10:45
12266,225,55,19,225/55 R19,false,2026-07-14T06:10:45
12270,255,45,20,255/45 R20,false,2026-07-14T06:10:45
12271,255,50,19,255/50 R19,false,2026-07-14T06:10:45
12272,255,55,19,255/55 R19,false,2026-07-14T06:10:45
12273,275,40,21,275/40 R21,false,2026-07-14T06:10:45
12274,245,30,20,245/30 R20,false,2026-07-14T06:10:45
12296,235,50,19,235/50 R19,false,2026-07-14T06:10:45
12297,235,55,19,235/55 R19,false,2026-07-14T06:10:45
12298,205,50,17,205/50 R17,false,2026-07-14T06:10:45
12299,205,55,16,205/55 R16,false,2026-07-14T06:10:45
12301,225,55,16,225/55 R16,false,2026-07-14T06:10:45
12302,235,45,17,235/45 R17,false,2026-07-14T06:10:45
12306,245,45,19,245/45 R19,false,2026-07-14T06:10:45
12314,245,60,18,245/60 R18,false,2026-07-14T06:10:45
12315,245,65,17,245/65 R17,false,2026-07-14T06:10:45
12317,265,70,17,265/70 R17,false,2026-07-14T06:10:45
12325,255,45,18,255/45 R18,false,2026-07-14T06:10:45
12331,235,45,18,235/45 R18,false,2026-07-14T06:10:45
12332,205,65,16,205/65 R16,false,2026-07-14T06:10:45
12333,265,50,20,265/50 R20,false,2026-07-14T06:10:45
12334,215,70,16,215/70 R16,false,2026-07-14T06:10:45
12337,235,60,18,235/60 R18,false,2026-07-14T06:10:45
12341,235,40,19,235/40 R19,false,2026-07-14T06:10:45
12343,315,35,20,315/35 R20,false,2026-07-14T06:10:45
12344,255,55,20,255/55 R20,false,2026-07-14T06:10:45
12345,265,50,19,265/50 R19,false,2026-07-14T06:10:45
12347,275,40,22,275/40 R22,false,2026-07-14T06:10:45
12348,295,40,20,295/40 R20,false,2026-07-14T06:10:45
12349,315,35,21,315/35 R21,false,2026-07-14T06:10:45
12350,225,40,19,225/40 R19,false,2026-07-14T06:10:45
12351,225,45,19,225/45 R19,false,2026-07-14T06:10:45
12353,245,40,17,245/40 R17,false,2026-07-14T06:10:45
12355,255,35,18,255/35 R18,false,2026-07-14T06:10:45
12356,255,35,19,255/35 R19,false,2026-07-14T06:10:45
12357,275,40,19,275/40 R19,false,2026-07-14T06:10:45
12360,245,45,18,245/45 R18,false,2026-07-14T06:10:45
12361,215,50,18,215/50 R18,false,2026-07-14T06:10:45
12368,225,40,18,225/40 R18,false,2026-07-14T06:10:45
12370,245,45,18,245/45 R18,false,2026-07-14T06:10:45
12371,215,60,17,215/60 R17,false,2026-07-14T06:10:45
12372,225,75,15,225/75 R15,false,2026-07-14T06:10:45
12373,235,75,15,235/75 R15,false,2026-07-14T06:10:45
12374,175,80,16,175/80 R16,false,2026-07-14T06:10:45
12375,235,65,17,235/65 R17,false,2026-07-14T06:10:45
12376,275,65,17,275/65 R17,false,2026-07-14T06:10:45
12377,235,60,18,235/60 R18,false,2026-07-14T06:10:45
12378,265,65,18,265/65 R18,false,2026-07-14T06:10:45
12379,265,50,20,265/50 R20,false,2026-07-14T06:10:45
12380,265,60,20,265/60 R20,false,2026-07-14T06:10:45
12381,285,50,20,285/50 R20,false,2026-07-14T06:10:45
12382,195,80,15,195/80 R15,false,2026-07-14T06:10:45
12383,255,70,15,255/70 R15,false,2026-07-14T06:10:45
12384,215,65,16,215/65 R16,false,2026-07-14T06:10:45
12385,265,70,16,265/70 R16,false,2026-07-14T06:10:45
12386,215,60,17,215/60 R17,false,2026-07-14T06:10:45
12387,225,65,17,225/65 R17,false,2026-07-14T06:10:45
12388,225,60,17,225/60 R17,false,2026-07-14T06:10:45
12389,245,65,17,245/65 R17,false,2026-07-14T06:10:45
1239,265,50,20,265/50 R20,false,2026-07-14T06:10:45
12390,265,65,17,265/65 R17,false,2026-07-14T06:10:45
12391,285,70,17,285/70 R17,false,2026-07-14T06:10:45
12392,255,70,18,255/70 R18,false,2026-07-14T06:10:45
12393,265,60,18,265/60 R18,false,2026-07-14T06:10:45
12394,265,70,18,265/70 R18,false,2026-07-14T06:10:45
12395,265,60,18,265/60 R18,false,2026-07-14T06:10:45
12396,225,55,18,225/55 R18,false,2026-07-14T06:10:45
12397,265,65,17,265/65 R17,false,2026-07-14T06:10:45
12398,195,80,15,195/80 R15,false,2026-07-14T06:10:45
12399,215,65,16,215/65 R16,false,2026-07-14T06:10:45
12400,235,70,16,235/70 R16,false,2026-07-14T06:10:45
12401,265,70,16,265/70 R16,false,2026-07-14T06:10:45
12402,265,75,16,265/75 R16,false,2026-07-14T06:10:45
12403,265,70,17,265/70 R17,false,2026-07-14T06:10:45
12404,285,70,17,285/70 R17,false,2026-07-14T06:10:45
12405,285,60,18,285/60 R18,false,2026-07-14T06:10:45
12406,265,50,20,265/50 R20,false,2026-07-14T06:10:45
12407,275,55,20,275/55 R20,false,2026-07-14T06:10:45
12408,305,55,20,305/55 R20,false,2026-07-14T06:10:45
12409,275,50,22,275/50 R22,false,2026-07-14T06:10:45
12410,235,55,18,235/55 R18,false,2026-07-14T06:10:45
12411,235,55,18,235/55 R18,false,2026-07-14T06:10:45
12412,225,55,19,225/55 R19,false,2026-07-14T06:10:45
12413,235,50,20,235/50 R20,false,2026-07-14T06:10:45
12414,245,40,20,245/40 R20,false,2026-07-14T06:10:45
12415,245,45,20,245/45 R20,false,2026-07-14T06:10:45
12416,255,45,20,255/45 R20,false,2026-07-14T06:10:45
12417,175,65,14,175/65 R14,false,2026-07-14T06:10:45
12418,215,60,16,215/60 R16,false,2026-07-14T06:10:45
12419,235,60,18,235/60 R18,false,2026-07-14T06:10:45
12420,235,40,19,235/40 R19,false,2026-07-14T06:10:45
12421,235,35,19,235/35 R19,false,2026-07-14T06:10:45
12422,305,30,19,305/30 R19,false,2026-07-14T06:10:45
12423,245,45,20,245/45 R20,false,2026-07-14T06:10:45
12424,255,40,20,255/40 R20,false,2026-07-14T06:10:45
12425,255,45,20,255/45 R20,false,2026-07-14T06:10:45
12426,265,35,20,265/35 R20,false,2026-07-14T06:10:45
12427,275,45,20,275/45 R20,false,2026-07-14T06:10:45
12428,265,40,21,265/40 R21,false,2026-07-14T06:10:45
12429,255,45,19,255/45 R19,false,2026-07-14T06:10:45
12430,255,45,20,255/45 R20,false,2026-07-14T06:10:45
12431,265,50,20,265/50 R20,false,2026-07-14T06:10:45
12432,235,60,17,235/60 R17,false,2026-07-14T06:10:45
12433,195,60,16,195/60 R16,false,2026-07-14T06:10:45
12434,185,70,14,185/70 R14,false,2026-07-14T06:10:45
12440,265,60,18,265/60 R18,false,2026-07-14T06:10:45
12441,265,50,20,265/50 R20,false,2026-07-14T06:10:45
12442,195,50,15,195/50 R15,false,2026-07-14T06:10:45
12443,185,55,15,185/55 R15,false,2026-07-14T06:10:45
12444,195,55,15,195/55 R15,false,2026-07-14T06:10:45
12445,195,50,16,195/50 R16,false,2026-07-14T06:10:45
12448,215,45,17,215/45 R17,false,2026-07-14T06:10:45
12449,235,40,18,235/40 R18,false,2026-07-14T06:10:45
12450,225,45,18,225/45 R18,false,2026-07-14T06:10:45
12451,195,,14,,false,2026-07-14T06:10:45
12452,205,70,15,205/70 R15,false,2026-07-14T06:10:45
12453,215,70,15,215/70 R15,false,2026-07-14T06:10:45
12454,245,70,16,245/70 R16,false,2026-07-14T06:10:45
12455,265,70,16,265/70 R16,false,2026-07-14T06:10:45
12456,265,75,16,265/75 R16,false,2026-07-14T06:10:45
12458,285,70,17,285/70 R17,false,2026-07-14T06:10:45
12459,265,60,18,265/60 R18,false,2026-07-14T06:10:45
12460,275,65,18,275/65 R18,false,2026-07-14T06:10:45
12461,265,50,20,265/50 R20,false,2026-07-14T06:10:45
12462,275,55,20,275/55 R20,false,2026-07-14T06:10:45
12463,185,65,14,185/65 R14,false,2026-07-14T06:10:45
12464,195,55,15,195/55 R15,false,2026-07-14T06:10:45
12465,185,60,15,185/60 R15,false,2026-07-14T06:10:45
12466,195,60,15,195/60 R15,false,2026-07-14T06:10:45
12467,185,65,15,185/65 R15,false,2026-07-14T06:10:45
12468,185,55,16,185/55 R16,false,2026-07-14T06:10:45
12469,195,60,16,195/60 R16,false,2026-07-14T06:10:45
12470,215,50,17,215/50 R17,false,2026-07-14T06:10:45
12471,215,55,17,215/55 R17,false,2026-07-14T06:10:45
12472,225,55,17,225/55 R17,false,2026-07-14T06:10:45
12473,235,50,18,235/50 R18,false,2026-07-14T06:10:45
12475,185,55,16,185/55 R16,false,2026-07-14T06:10:45
12476,205,55,16,205/55 R16,false,2026-07-14T06:10:45
12477,215,55,16,215/55 R16,false,2026-07-14T06:10:45
12478,215,60,16,215/60 R16,false,2026-07-14T06:10:45
12479,205,65,16,205/65 R16,false,2026-07-14T06:10:45
12480,205,40,17,205/40 R17,false,2026-07-14T06:10:45
12481,235,45,17,235/45 R17,false,2026-07-14T06:10:45
12482,215,50,17,215/50 R17,false,2026-07-14T06:10:45
12483,225,50,17,225/50 R17,false,2026-07-14T06:10:45
12484,215,55,17,215/55 R17,false,2026-07-14T06:10:45
12485,225,40,18,225/40 R18,false,2026-07-14T06:10:45
12486,235,40,18,235/40 R18,false,2026-07-14T06:10:45
12487,225,45,18,225/45 R18,false,2026-07-14T06:10:45
12488,235,45,18,235/45 R18,false,2026-07-14T06:10:45
12489,235,50,18,235/50 R18,false,2026-07-14T06:10:45
12490,235,35,19,235/35 R19,false,2026-07-14T06:10:45
12491,245,35,19,245/35 R19,false,2026-07-14T06:10:45
12493,275,40,20,275/40 R20,false,2026-07-14T06:10:45
12494,245,45,20,245/45 R20,false,2026-07-14T06:10:45
12495,285,50,20,285/50 R20,false,2026-07-14T06:10:45
12496,165,65,13,165/65 R13,false,2026-07-14T06:10:45
12497,175,70,13,175/70 R13,false,2026-07-14T06:10:45
12498,165,60,14,165/60 R14,false,2026-07-14T06:10:45
12499,165,65,14,165/65 R14,false,2026-07-14T06:10:45
12500,175,65,14,175/65 R14,false,2026-07-14T06:10:45
12501,185,65,14,185/65 R14,false,2026-07-14T06:10:45
12503,185,70,14,185/70 R14,false,2026-07-14T06:10:45
12504,195,70,14,195/70 R14,false,2026-07-14T06:10:45
12505,185,55,15,185/55 R15,false,2026-07-14T06:10:45
12506,185,60,15,185/60 R15,false,2026-07-14T06:10:45
12507,195,60,15,195/60 R15,false,2026-07-14T06:10:45
12508,175,65,15,175/65 R15,false,2026-07-14T06:10:45
12509,185,65,15,185/65 R15,false,2026-07-14T06:10:45
12510,195,65,15,195/65 R15,false,2026-07-14T06:10:45
12511,205,65,15,205/65 R15,false,2026-07-14T06:10:45
12512,195,50,16,195/50 R16,false,2026-07-14T06:10:45
12513,165,,13,,false,2026-07-14T06:10:45
12514,185,,14,,false,2026-07-14T06:10:45
12515,195,,14,,false,2026-07-14T06:10:45
12516,195,70,15,195/70 R15,false,2026-07-14T06:10:45
12517,205,70,15,205/70 R15,false,2026-07-14T06:10:45
12518,195,,15,,false,2026-07-14T06:10:45
12519,235,75,15,235/75 R15,false,2026-07-14T06:10:45
12520,245,70,16,245/70 R16,false,2026-07-14T06:10:45
12521,265,70,16,265/70 R16,false,2026-07-14T06:10:45
12522,225,65,17,225/65 R17,false,2026-07-14T06:10:45
12524,235,55,18,235/55 R18,false,2026-07-14T06:10:45
12525,235,60,18,235/60 R18,false,2026-07-14T06:10:45
12526,265,60,18,265/60 R18,false,2026-07-14T06:10:45
12527,195,50,15,195/50 R15,false,2026-07-14T06:10:45
12528,225,50,15,225/50 R15,false,2026-07-14T06:10:45
12529,195,55,15,195/55 R15,false,2026-07-14T06:10:45
12530,275,40,18,275/40 R18,false,2026-07-14T06:10:45
12531,245,45,18,245/45 R18,false,2026-07-14T06:10:45
12532,285,45,18,285/45 R18,false,2026-07-14T06:10:45
12533,255,55,18,255/55 R18,false,2026-07-14T06:10:45
12534,265,60,18,265/60 R18,false,2026-07-14T06:10:45
12535,265,50,20,265/50 R20,false,2026-07-14T06:10:45
12536,285,40,18,285/40 R18,false,2026-07-14T06:10:45
12537,245,45,18,245/45 R18,false,2026-07-14T06:10:45
12538,255,50,18,255/50 R18,false,2026-07-14T06:10:45
12539,195,60,16,195/60 R16,false,2026-07-14T06:10:45
1254,275,45,20,275/45 R20,false,2026-07-14T06:10:45
12540,205,55,17,205/55 R17,false,2026-07-14T06:10:45
12541,215,55,17,215/55 R17,false,2026-07-14T06:10:45
12542,215,60,17,215/60 R17,false,2026-07-14T06:10:45
12543,235,45,18,235/45 R18,false,2026-07-14T06:10:45
12544,225,55,18,225/55 R18,false,2026-07-14T06:10:45
12545,225,60,18,225/60 R18,false,2026-07-14T06:10:45
12546,205,45,17,205/45 R17,false,2026-07-14T06:10:45
12547,155,70,13,155/70 R13,false,2026-07-14T06:10:45
12553,185,60,14,185/60 R14,false,2026-07-14T06:10:45
12554,175,65,14,175/65 R14,false,2026-07-14T06:10:45
12555,185,65,14,185/65 R14,false,2026-07-14T06:10:45
12557,175,70,14,175/70 R14,false,2026-07-14T06:10:45
12558,185,70,14,185/70 R14,false,2026-07-14T06:10:45
12560,185,55,15,185/55 R15,false,2026-07-14T06:10:45
12561,185,60,15,185/60 R15,false,2026-07-14T06:10:45
12562,175,65,15,175/65 R15,false,2026-07-14T06:10:45
12563,185,65,15,185/65 R15,false,2026-07-14T06:10:45
12564,195,70,14,195/70 R14,false,2026-07-14T06:10:45
12565,195,50,15,195/50 R15,false,2026-07-14T06:10:45
12566,195,55,15,195/55 R15,false,2026-07-14T06:10:45
12567,195,60,15,195/60 R15,false,2026-07-14T06:10:45
12568,205,60,15,205/60 R15,false,2026-07-14T06:10:45
12569,195,65,15,195/65 R15,false,2026-07-14T06:10:45
12570,205,65,15,205/65 R15,false,2026-07-14T06:10:45
12572,205,50,16,205/50 R16,false,2026-07-14T06:10:45
12574,205,55,16,205/55 R16,false,2026-07-14T06:10:45
12575,205,60,16,205/60 R16,false,2026-07-14T06:10:45
12576,215,60,16,215/60 R16,false,2026-07-14T06:10:45
12577,225,60,16,225/60 R16,false,2026-07-14T06:10:45
12578,205,40,17,205/40 R17,false,2026-07-14T06:10:45
12579,215,55,16,215/55 R16,false,2026-07-14T06:10:45
12580,225,55,16,225/55 R16,false,2026-07-14T06:10:45
12582,215,45,17,215/45 R17,false,2026-07-14T06:10:45
12584,235,45,17,235/45 R17,false,2026-07-14T06:10:45
12585,245,45,17,245/45 R17,false,2026-07-14T06:10:45
12589,225,55,17,225/55 R17,false,2026-07-14T06:10:45
1259,275,60,20,275/60 R20,false,2026-07-14T06:10:45
12590,235,55,17,235/55 R17,false,2026-07-14T06:10:45
12592,215,40,18,215/40 R18,false,2026-07-14T06:10:45
12593,225,40,18,225/40 R18,false,2026-07-14T06:10:45
12594,225,45,18,225/45 R18,false,2026-07-14T06:10:45
12595,245,45,18,245/45 R18,false,2026-07-14T06:10:45
12596,255,45,18,255/45 R18,false,2026-07-14T06:10:45
12597,225,50,18,225/50 R18,false,2026-07-14T06:10:45
12598,235,50,18,235/50 R18,false,2026-07-14T06:10:45
12599,245,50,18,245/50 R18,false,2026-07-14T06:10:45
1260,275,65,20,275/65 R20,false,2026-07-14T06:10:45
12600,235,65,18,235/65 R18,false,2026-07-14T06:10:45
12606,245,35,19,245/35 R19,false,2026-07-14T06:10:45
12607,225,40,19,225/40 R19,false,2026-07-14T06:10:45
12608,245,40,19,245/40 R19,false,2026-07-14T06:10:45
12609,255,40,19,255/40 R19,false,2026-07-14T06:10:45
12610,225,45,19,225/45 R19,false,2026-07-14T06:10:45
12611,245,45,19,245/45 R19,false,2026-07-14T06:10:45
12612,255,45,19,255/45 R19,false,2026-07-14T06:10:45
12614,275,30,20,275/30 R20,false,2026-07-14T06:10:45
12615,225,35,20,225/35 R20,false,2026-07-14T06:10:45
12617,255,35,20,255/35 R20,false,2026-07-14T06:10:45
12618,245,45,20,245/45 R20,false,2026-07-14T06:10:45
12619,235,50,19,235/50 R19,false,2026-07-14T06:10:45
12621,225,55,19,225/55 R19,false,2026-07-14T06:10:45
12623,245,55,19,245/55 R19,false,2026-07-14T06:10:45
12624,255,55,19,255/55 R19,false,2026-07-14T06:10:45
12625,255,45,20,255/45 R20,false,2026-07-14T06:10:45
12626,245,50,20,245/50 R20,false,2026-07-14T06:10:45
12627,255,50,20,255/50 R20,false,2026-07-14T06:10:45
12628,235,55,20,235/55 R20,false,2026-07-14T06:10:45
12629,225,60,17,225/60 R17,false,2026-07-14T06:10:45
12630,225,65,17,225/65 R17,false,2026-07-14T06:10:45
12631,245,40,20,245/40 R20,false,2026-07-14T06:10:45
12632,275,40,20,275/40 R20,false,2026-07-14T06:10:45
12633,275,45,20,275/45 R20,false,2026-07-14T06:10:45
12634,265,50,20,265/50 R20,false,2026-07-14T06:10:45
12635,285,50,20,285/50 R20,false,2026-07-14T06:10:45
12642,285,45,22,285/45 R22,false,2026-07-14T06:10:45
12649,175,60,13,175/60 R13,false,2026-07-14T06:10:45
12650,165,65,13,165/65 R13,false,2026-07-14T06:10:45
12651,195,60,14,195/60 R14,false,2026-07-14T06:10:45
12652,205,65,16,205/65 R16,false,2026-07-14T06:10:45
12653,215,65,16,215/65 R16,false,2026-07-14T06:10:45
12655,235,55,18,235/55 R18,false,2026-07-14T06:10:45
12657,235,40,18,235/40 R18,false,2026-07-14T06:10:45
12658,245,40,18,245/40 R18,false,2026-07-14T06:10:45
12659,275,40,18,275/40 R18,false,2026-07-14T06:10:45
12660,255,50,18,255/50 R18,false,2026-07-14T06:10:45
12661,255,55,18,255/55 R18,false,2026-07-14T06:10:45
12662,205,65,15,205/65 R15,false,2026-07-14T06:10:45
12663,205,70,15,205/70 R15,false,2026-07-14T06:10:45
12664,215,75,15,215/75 R15,false,2026-07-14T06:10:45
12665,235,75,15,235/75 R15,false,2026-07-14T06:10:45
12667,225,70,16,225/70 R16,false,2026-07-14T06:10:45
12668,235,70,16,235/70 R16,false,2026-07-14T06:10:45
12669,245,70,16,245/70 R16,false,2026-07-14T06:10:45
1267,285,45,20,285/45 R20,false,2026-07-14T06:10:45
12670,265,70,16,265/70 R16,false,2026-07-14T06:10:45
12671,,75,16,,false,2026-07-14T06:10:45
12672,,75,16,,false,2026-07-14T06:10:45
12673,265,75,16,265/75 R16,false,2026-07-14T06:10:45
12674,,75,16,,false,2026-07-14T06:10:45
12675,235,65,17,235/65 R17,false,2026-07-14T06:10:45
12676,245,65,17,245/65 R17,false,2026-07-14T06:10:45
12677,265,65,17,265/65 R17,false,2026-07-14T06:10:45
12678,265,70,17,265/70 R17,false,2026-07-14T06:10:45
12679,,70,17,,false,2026-07-14T06:10:45
12680,265,60,18,265/60 R18,false,2026-07-14T06:10:45
12681,265,50,20,265/50 R20,false,2026-07-14T06:10:45
12682,235,75,15,235/75 R15,false,2026-07-14T06:10:45
12685,225,70,16,225/70 R16,false,2026-07-14T06:10:45
12686,235,70,16,235/70 R16,false,2026-07-14T06:10:45
12687,245,70,16,245/70 R16,false,2026-07-14T06:10:45
12688,255,70,16,255/70 R16,false,2026-07-14T06:10:45
12689,265,70,16,265/70 R16,false,2026-07-14T06:10:45
12690,235,65,17,235/65 R17,false,2026-07-14T06:10:45
12691,245,65,17,245/65 R17,false,2026-07-14T06:10:45
12692,265,65,17,265/65 R17,false,2026-07-14T06:10:45
12693,265,70,17,265/70 R17,false,2026-07-14T06:10:45
12694,215,55,18,215/55 R18,false,2026-07-14T06:10:45
12695,235,60,18,235/60 R18,false,2026-07-14T06:10:45
12696,265,60,18,265/60 R18,false,2026-07-14T06:10:45
12697,,75,16,,false,2026-07-14T06:10:45
12698,,75,16,,false,2026-07-14T06:10:45
12699,,75,16,,false,2026-07-14T06:10:45
12700,,70,17,,false,2026-07-14T06:10:45
12701,,70,17,,false,2026-07-14T06:10:45
12704,175,70,14,175/70 R14,false,2026-07-14T06:10:45
12705,185,,14,,false,2026-07-14T06:10:45
12706,195,,14,,false,2026-07-14T06:10:45
12707,195,70,15,195/70 R15,false,2026-07-14T06:10:45
12708,205,70,15,205/70 R15,false,2026-07-14T06:10:45
12709,215,70,15,215/70 R15,false,2026-07-14T06:10:45
12710,225,70,15,225/70 R15,false,2026-07-14T06:10:45
12711,195,,15,,false,2026-07-14T06:10:45
12712,205,65,16,205/65 R16,false,2026-07-14T06:10:45
12713,225,65,16,225/65 R16,false,2026-07-14T06:10:45
12714,235,65,16,235/65 R16,false,2026-07-14T06:10:45
12715,195,75,16,195/75 R16,false,2026-07-14T06:10:45
12716,205,75,16,205/75 R16,false,2026-07-14T06:10:45
12717,215,75,16,215/75 R16,false,2026-07-14T06:10:45
12719,235,75,15,235/75 R15,false,2026-07-14T06:10:45
12720,235,70,16,235/70 R16,false,2026-07-14T06:10:45
12721,265,70,16,265/70 R16,false,2026-07-14T06:10:45
12722,265,75,16,265/75 R16,false,2026-07-14T06:10:45
12723,235,65,18,235/65 R18,false,2026-07-14T06:10:45
12724,265,65,17,265/65 R17,false,2026-07-14T06:10:45
12725,265,70,17,265/70 R17,false,2026-07-14T06:10:45
12726,235,60,18,235/60 R18,false,2026-07-14T06:10:45
12727,265,60,18,265/60 R18,false,2026-07-14T06:10:45
12728,265,65,18,265/65 R18,false,2026-07-14T06:10:45
12729,265,50,20,265/50 R20,false,2026-07-14T06:10:45
12730,295,70,17,295/70 R17,false,2026-07-14T06:10:45
12731,285,65,18,285/65 R18,false,2026-07-14T06:10:45
12732,315,75,16,315/75 R16,false,2026-07-14T06:10:45
12733,295,70,17,295/70 R17,false,2026-07-14T06:10:45
12734,175,65,14,175/65 R14,false,2026-07-14T06:10:45
12735,245,50,18,245/50 R18,false,2026-07-14T06:10:45
12736,265,60,18,265/60 R18,false,2026-07-14T06:10:45
1282,305,55,20,305/55 R20,false,2026-07-14T06:10:45
1285,315,35,20,315/35 R20,false,2026-07-14T06:10:45
1300,275,45,21,275/45 R21,false,2026-07-14T06:10:45
13028,205,55,16,205/55 R16,false,2026-07-14T06:10:45
13166,285,50,20,285/50 R20,false,2026-07-14T06:10:45
13167,195,50,16,195/50 R16,false,2026-07-14T06:10:45
13168,165,65,13,165/65 R13,false,2026-07-14T06:10:45
13169,155,70,13,155/70 R13,false,2026-07-14T06:10:45
13170,175,70,13,175/70 R13,false,2026-07-14T06:10:45
13171,185,70,13,185/70 R13,false,2026-07-14T06:10:45
13172,165,80,13,165/80 R13,false,2026-07-14T06:10:45
13173,165,60,14,165/60 R14,false,2026-07-14T06:10:45
13174,165,65,14,165/65 R14,false,2026-07-14T06:10:45
13175,185,65,14,185/65 R14,false,2026-07-14T06:10:45
13176,175,70,14,175/70 R14,false,2026-07-14T06:10:45
13177,195,70,14,195/70 R14,false,2026-07-14T06:10:45
13178,175,50,15,175/50 R15,false,2026-07-14T06:10:45
13179,195,50,15,195/50 R15,false,2026-07-14T06:10:45
13180,175,55,15,175/55 R15,false,2026-07-14T06:10:45
13181,185,55,15,185/55 R15,false,2026-07-14T06:10:45
13182,195,55,15,195/55 R15,false,2026-07-14T06:10:45
13183,195,60,15,195/60 R15,false,2026-07-14T06:10:45
13184,175,65,15,175/65 R15,false,2026-07-14T06:10:45
13185,195,65,15,195/65 R15,false,2026-07-14T06:10:45
13186,205,70,15,205/70 R15,false,2026-07-14T06:10:45
13187,185,55,16,185/55 R16,false,2026-07-14T06:10:45
13188,205,55,16,205/55 R16,false,2026-07-14T06:10:45
13189,205,60,16,205/60 R16,false,2026-07-14T06:10:45
13190,215,60,16,215/60 R16,false,2026-07-14T06:10:45
13191,205,65,16,205/65 R16,false,2026-07-14T06:10:45
13192,235,60,16,235/60 R16,false,2026-07-14T06:10:45
13193,215,65,16,215/65 R16,false,2026-07-14T06:10:45
13194,235,50,19,235/50 R19,false,2026-07-14T06:10:45
13195,215,55,16,215/55 R16,false,2026-07-14T06:10:45
13196,215,50,17,215/50 R17,false,2026-07-14T06:10:45
13197,205,55,17,205/55 R17,false,2026-07-14T06:10:45
13198,235,40,18,235/40 R18,false,2026-07-14T06:10:45
13199,275,65,18,275/65 R18,false,2026-07-14T06:10:45
13200,215,50,17,215/50 R17,false,2026-07-14T06:10:45
13202,235,55,19,235/55 R19,false,2026-07-14T06:10:45
13210,285,35,23,285/35 R23,false,2026-07-14T06:10:45
13211,155,65,13,155/65 R13,false,2026-07-14T06:10:45
13212,165,65,13,165/65 R13,false,2026-07-14T06:10:45
13213,155,70,13,155/70 R13,false,2026-07-14T06:10:45
13214,165,70,13,165/70 R13,false,2026-07-14T06:10:45
13215,175,70,13,175/70 R13,false,2026-07-14T06:10:45
13216,185,70,13,185/70 R13,false,2026-07-14T06:10:45
13217,165,55,14,165/55 R14,false,2026-07-14T06:10:45
13218,165,60,14,165/60 R14,false,2026-07-14T06:10:45
13219,155,65,14,155/65 R14,false,2026-07-14T06:10:45
13220,165,65,14,165/65 R14,false,2026-07-14T06:10:45
13221,175,65,14,175/65 R14,false,2026-07-14T06:10:45
13222,185,65,14,185/65 R14,false,2026-07-14T06:10:45
13223,175,70,14,175/70 R14,false,2026-07-14T06:10:45
13224,185,70,14,185/70 R14,false,2026-07-14T06:10:45
13225,195,70,14,195/70 R14,false,2026-07-14T06:10:45
13226,195,45,15,195/45 R15,false,2026-07-14T06:10:45
13227,195,50,15,195/50 R15,false,2026-07-14T06:10:45
13228,205,50,15,205/50 R15,false,2026-07-14T06:10:45
13229,175,55,15,175/55 R15,false,2026-07-14T06:10:45
13230,185,55,15,185/55 R15,false,2026-07-14T06:10:45
13231,195,55,15,195/55 R15,false,2026-07-14T06:10:45
13232,205,55,15,205/55 R15,false,2026-07-14T06:10:45
13233,165,60,15,165/60 R15,false,2026-07-14T06:10:45
13234,185,60,15,185/60 R15,false,2026-07-14T06:10:45
13235,195,60,15,195/60 R15,false,2026-07-14T06:10:45
13236,205,60,15,205/60 R15,false,2026-07-14T06:10:45
13237,185,65,15,185/65 R15,false,2026-07-14T06:10:45
13238,195,65,15,195/65 R15,false,2026-07-14T06:10:45
13239,205,65,15,205/65 R15,false,2026-07-14T06:10:45
13240,205,70,15,205/70 R15,false,2026-07-14T06:10:45
13241,195,45,16,195/45 R16,false,2026-07-14T06:10:45
13242,205,45,16,205/45 R16,false,2026-07-14T06:10:45
13243,195,50,16,195/50 R16,false,2026-07-14T06:10:45
13244,205,50,16,205/50 R16,false,2026-07-14T06:10:45
13245,185,55,16,185/55 R16,false,2026-07-14T06:10:45
13246,195,55,16,195/55 R16,false,2026-07-14T06:10:45
13247,205,55,16,205/55 R16,false,2026-07-14T06:10:45
13248,195,60,16,195/60 R16,false,2026-07-14T06:10:45
13249,205,60,16,205/60 R16,false,2026-07-14T06:10:45
13250,215,60,16,215/60 R16,false,2026-07-14T06:10:45
13251,235,60,16,235/60 R16,false,2026-07-14T06:10:45
13252,205,65,16,205/65 R16,false,2026-07-14T06:10:45
13253,215,65,16,215/65 R16,false,2026-07-14T06:10:45
13254,225,70,16,225/70 R16,false,2026-07-14T06:10:45
13255,205,40,17,205/40 R17,false,2026-07-14T06:10:45
13256,215,40,17,215/40 R17,false,2026-07-14T06:10:45
13257,205,45,17,205/45 R17,false,2026-07-14T06:10:45
13258,215,45,17,215/45 R17,false,2026-07-14T06:10:45
13259,225,45,17,225/45 R17,false,2026-07-14T06:10:45
13260,205,50,17,205/50 R17,false,2026-07-14T06:10:45
13261,225,50,17,225/50 R17,false,2026-07-14T06:10:45
13262,215,55,17,215/55 R17,false,2026-07-14T06:10:45
13263,225,55,17,225/55 R17,false,2026-07-14T06:10:45
13264,215,60,17,215/60 R17,false,2026-07-14T06:10:45
13265,225,60,17,225/60 R17,false,2026-07-14T06:10:45
13266,235,60,17,235/60 R17,false,2026-07-14T06:10:45
13267,225,65,17,225/65 R17,false,2026-07-14T06:10:45
13269,225,40,18,225/40 R18,false,2026-07-14T06:10:45
13270,235,40,18,235/40 R18,false,2026-07-14T06:10:45
13271,215,45,18,215/45 R18,false,2026-07-14T06:10:45
13272,225,45,18,225/45 R18,false,2026-07-14T06:10:45
13273,235,45,18,235/45 R18,false,2026-07-14T06:10:45
13274,235,50,18,235/50 R18,false,2026-07-14T06:10:45
13275,235,35,19,235/35 R19,false,2026-07-14T06:10:45
13276,245,35,19,245/35 R19,false,2026-07-14T06:10:45
13277,245,40,19,245/40 R19,false,2026-07-14T06:10:45
13278,245,45,19,245/45 R19,false,2026-07-14T06:10:45
13279,225,55,19,225/55 R19,false,2026-07-14T06:10:45
13280,235,55,19,235/55 R19,false,2026-07-14T06:10:45
13281,275,30,20,275/30 R20,false,2026-07-14T06:10:45
13282,235,35,20,235/35 R20,false,2026-07-14T06:10:45
13283,245,35,20,245/35 R20,false,2026-07-14T06:10:45
13284,275,35,20,275/35 R20,false,2026-07-14T06:10:45
13285,245,40,20,245/40 R20,false,2026-07-14T06:10:45
13286,215,65,15,215/65 R15,false,2026-07-14T06:10:45
13287,215,75,15,215/75 R15,false,2026-07-14T06:10:45
13288,215,65,16,215/65 R16,false,2026-07-14T06:10:45
13289,265,70,16,265/70 R16,false,2026-07-14T06:10:45
13290,265,75,16,265/75 R16,false,2026-07-14T06:10:45
13291,245,65,17,245/65 R17,false,2026-07-14T06:10:45
13292,265,65,17,265/65 R17,false,2026-07-14T06:10:45
13293,265,70,17,265/70 R17,false,2026-07-14T06:10:45
13294,285,70,17,285/70 R17,false,2026-07-14T06:10:45
13295,215,40,18,215/40 R18,false,2026-07-14T06:10:45
13296,225,55,18,225/55 R18,false,2026-07-14T06:10:45
13297,235,55,18,235/55 R18,false,2026-07-14T06:10:45
13298,235,60,18,235/60 R18,false,2026-07-14T06:10:45
13299,265,60,18,265/60 R18,false,2026-07-14T06:10:45
13300,265,60,18,265/60 R18,false,2026-07-14T06:10:45
13301,275,65,18,275/65 R18,false,2026-07-14T06:10:45
13302,265,50,20,265/50 R20,false,2026-07-14T06:10:45
13303,275,55,20,275/55 R20,false,2026-07-14T06:10:45
13304,285,55,20,285/55 R20,false,2026-07-14T06:10:45
13305,265,40,22,265/40 R22,false,2026-07-14T06:10:45
13306,285,40,22,285/40 R22,false,2026-07-14T06:10:45
13307,155,,12,,false,2026-07-14T06:10:45
13308,175,,13,,false,2026-07-14T06:10:45
13309,165,,14,,false,2026-07-14T06:10:45
13310,185,,14,,false,2026-07-14T06:10:45
13311,195,,14,,false,2026-07-14T06:10:45
13312,195,,15,,false,2026-07-14T06:10:45
13313,195,70,15,195/70 R15,false,2026-07-14T06:10:45
13314,205,70,15,205/70 R15,false,2026-07-14T06:10:45
13315,215,70,15,215/70 R15,false,2026-07-14T06:10:45
13316,225,70,15,225/70 R15,false,2026-07-14T06:10:45
13317,205,65,16,205/65 R16,false,2026-07-14T06:10:45
13318,215,70,16,215/70 R16,false,2026-07-14T06:10:45
13319,235,65,16,235/65 R16,false,2026-07-14T06:10:45
13322,175,65,14,175/65 R14,false,2026-07-14T06:10:45
13323,195,,15,,false,2026-07-14T06:10:45
13324,215,65,16,215/65 R16,false,2026-07-14T06:10:45
13325,215,70,15,215/70 R15,false,2026-07-14T06:10:45
13326,205,70,16,205/70 R16,false,2026-07-14T06:10:45
13327,175,65,14,175/65 R14,false,2026-07-14T06:10:45
13328,185,60,14,185/60 R14,false,2026-07-14T06:10:45
13329,185,65,14,185/65 R14,false,2026-07-14T06:10:45
13330,195,60,14,195/60 R14,false,2026-07-14T06:10:45
13331,175,65,15,175/65 R15,false,2026-07-14T06:10:45
13332,185,60,15,185/60 R15,false,2026-07-14T06:10:45
13334,195,55,15,195/55 R15,false,2026-07-14T06:10:45
13335,195,60,15,195/60 R15,false,2026-07-14T06:10:45
13336,195,65,15,195/65 R15,false,2026-07-14T06:10:45
13337,205,65,15,205/65 R15,false,2026-07-14T06:10:45
13338,205,50,16,205/50 R16,false,2026-07-14T06:10:45
13339,205,60,16,205/60 R16,false,2026-07-14T06:10:45
13340,205,65,16,205/65 R16,false,2026-07-14T06:10:45
13341,215,55,16,215/55 R16,false,2026-07-14T06:10:45
13342,215,60,16,215/60 R16,false,2026-07-14T06:10:45
13343,215,65,16,215/65 R16,false,2026-07-14T06:10:45
13344,225,55,16,225/55 R16,false,2026-07-14T06:10:45
13345,225,60,16,225/60 R16,false,2026-07-14T06:10:45
13346,205,45,17,205/45 R17,false,2026-07-14T06:10:45
13347,205,50,17,205/50 R17,false,2026-07-14T06:10:45
13348,215,45,17,215/45 R17,false,2026-07-14T06:10:45
13350,215,55,17,215/55 R17,false,2026-07-14T06:10:45
13351,215,60,17,215/60 R17,false,2026-07-14T06:10:45
13352,225,45,17,225/45 R17,false,2026-07-14T06:10:45
13353,225,55,17,225/55 R17,false,2026-07-14T06:10:45
13354,225,60,17,225/60 R17,false,2026-07-14T06:10:45
13355,225,65,17,225/65 R17,false,2026-07-14T06:10:45
13356,235,45,17,235/45 R17,false,2026-07-14T06:10:45
13357,245,40,17,245/40 R17,false,2026-07-14T06:10:45
13359,225,40,18,225/40 R18,false,2026-07-14T06:10:45
13360,235,40,18,235/40 R18,false,2026-07-14T06:10:45
13361,235,45,18,235/45 R18,false,2026-07-14T06:10:45
13362,235,50,18,235/50 R18,false,2026-07-14T06:10:45
13363,235,60,18,235/60 R18,false,2026-07-14T06:10:45
13364,245,45,18,245/45 R18,false,2026-07-14T06:10:45
13365,265,35,18,265/35 R18,false,2026-07-14T06:10:45
13366,245,40,19,245/40 R19,false,2026-07-14T06:10:45
13367,245,55,19,245/55 R19,false,2026-07-14T06:10:45
13368,175,65,14,175/65 R14,false,2026-07-14T06:10:45
13369,175,70,14,175/70 R14,false,2026-07-14T06:10:45
13370,185,65,14,185/65 R14,false,2026-07-14T06:10:45
13371,185,70,14,185/70 R14,false,2026-07-14T06:10:45
13372,185,60,15,185/60 R15,false,2026-07-14T06:10:45
13374,195,60,15,195/60 R15,false,2026-07-14T06:10:45
13375,205,65,15,205/65 R15,false,2026-07-14T06:10:45
13376,185,55,16,185/55 R16,false,2026-07-14T06:10:45
13377,195,60,16,195/60 R16,false,2026-07-14T06:10:45
13378,205,55,16,205/55 R16,false,2026-07-14T06:10:45
13379,205,65,15,205/65 R15,false,2026-07-14T06:10:45
13380,185,55,15,185/55 R15,false,2026-07-14T06:10:45
13381,195,55,15,195/55 R15,false,2026-07-14T06:10:45
13382,205,45,17,205/45 R17,false,2026-07-14T06:10:45
13383,175,65,14,175/65 R14,false,2026-07-14T06:10:45
13384,185,65,14,185/65 R14,false,2026-07-14T06:10:45
13385,185,65,14,185/65 R14,false,2026-07-14T06:10:45
13386,175,65,15,175/65 R15,false,2026-07-14T06:10:45
13387,185,55,15,185/55 R15,false,2026-07-14T06:10:45
13388,185,60,15,185/60 R15,false,2026-07-14T06:10:45
13389,195,50,15,195/50 R15,false,2026-07-14T06:10:45
13390,195,50,15,195/50 R15,false,2026-07-14T06:10:45
13391,215,65,15,215/65 R15,false,2026-07-14T06:10:45
13392,185,55,16,185/55 R16,false,2026-07-14T06:10:45
13393,195,55,16,195/55 R16,false,2026-07-14T06:10:45
13394,175,65,15,175/65 R15,false,2026-07-14T06:10:45
13395,175,70,14,175/70 R14,false,2026-07-14T06:10:45
13396,205,70,15,205/70 R15,false,2026-07-14T06:10:45
13397,185,65,14,185/65 R14,false,2026-07-14T06:10:45
13398,185,70,14,185/70 R14,false,2026-07-14T06:10:45
13399,195,70,14,195/70 R14,false,2026-07-14T06:10:45
13400,205,65,15,205/65 R15,false,2026-07-14T06:10:45
13401,205,55,16,205/55 R16,false,2026-07-14T06:10:45
13402,205,65,16,205/65 R16,false,2026-07-14T06:10:45
13403,175,65,15,175/65 R15,false,2026-07-14T06:10:45
13404,185,60,15,185/60 R15,false,2026-07-14T06:10:45
13405,205,65,15,205/65 R15,false,2026-07-14T06:10:45
13406,205,65,16,205/65 R16,false,2026-07-14T06:10:45
13407,215,65,16,215/65 R16,false,2026-07-14T06:10:45
13408,285,40,20,285/40 R20,false,2026-07-14T06:10:45
13409,215,55,16,215/55 R16,false,2026-07-14T06:10:45
13410,225,55,16,225/55 R16,false,2026-07-14T06:10:45
13411,215,60,16,215/60 R16,false,2026-07-14T06:10:45
13412,215,45,17,215/45 R17,false,2026-07-14T06:10:45
13413,215,55,17,215/55 R17,false,2026-07-14T06:10:45
13414,225,45,17,225/45 R17,false,2026-07-14T06:10:45
13415,225,50,17,225/50 R17,false,2026-07-14T06:10:45
13416,235,45,17,235/45 R17,false,2026-07-14T06:10:45
13417,235,55,17,235/55 R17,false,2026-07-14T06:10:45
13418,245,45,17,245/45 R17,false,2026-07-14T06:10:45
13419,225,60,18,225/60 R18,false,2026-07-14T06:10:45
13420,255,40,18,255/40 R18,false,2026-07-14T06:10:45
13421,195,55,15,195/55 R15,false,2026-07-14T06:10:45
13422,195,50,16,195/50 R16,false,2026-07-14T06:10:45
13423,205,55,16,205/55 R16,false,2026-07-14T06:10:45
13424,205,55,16,205/55 R16,false,2026-07-14T06:10:45
13425,225,50,16,225/50 R16,false,2026-07-14T06:10:45
13426,225,60,16,225/60 R16,false,2026-07-14T06:10:45
13427,205,45,17,205/45 R17,false,2026-07-14T06:10:45
13428,215,45,17,215/45 R17,false,2026-07-14T06:10:45
13429,225,45,17,225/45 R17,false,2026-07-14T06:10:45
13430,245,45,17,245/45 R17,false,2026-07-14T06:10:45
13431,225,50,17,225/50 R17,false,2026-07-14T06:10:45
13432,225,50,17,225/50 R17,false,2026-07-14T06:10:45
13433,225,55,17,225/55 R17,false,2026-07-14T06:10:45
13434,235,55,17,235/55 R17,false,2026-07-14T06:10:45
13435,225,60,17,225/60 R17,false,2026-07-14T06:10:45
13436,245,40,18,245/40 R18,false,2026-07-14T06:10:45
13437,225,45,18,225/45 R18,false,2026-07-14T06:10:45
13438,235,40,19,235/40 R19,false,2026-07-14T06:10:45
13439,185,55,15,185/55 R15,false,2026-07-14T06:10:45
13440,225,40,18,225/40 R18,false,2026-07-14T06:10:45
13441,245,50,18,245/50 R18,false,2026-07-14T06:10:45
13442,215,45,17,215/45 R17,false,2026-07-14T06:10:45
13443,225,55,16,225/55 R16,false,2026-07-14T06:10:45
13444,205,45,17,205/45 R17,false,2026-07-14T06:10:45
13445,225,60,17,225/60 R17,false,2026-07-14T06:10:45
13447,245,40,18,245/40 R18,false,2026-07-14T06:10:45
13448,255,40,18,255/40 R18,false,2026-07-14T06:10:45
13449,275,40,18,275/40 R18,false,2026-07-14T06:10:45
13450,285,40,19,285/40 R19,false,2026-07-14T06:10:45
13451,205,45,17,205/45 R17,false,2026-07-14T06:10:45
13452,225,35,19,225/35 R19,false,2026-07-14T06:10:45
13453,225,40,18,225/40 R18,false,2026-07-14T06:10:45
13454,225,40,19,225/40 R19,false,2026-07-14T06:10:45
13455,225,45,17,225/45 R17,false,2026-07-14T06:10:45
13456,225,55,17,225/55 R17,false,2026-07-14T06:10:45
13457,245,35,21,245/35 R21,false,2026-07-14T06:10:45
13458,245,40,18,245/40 R18,false,2026-07-14T06:10:45
13459,245,40,19,245/40 R19,false,2026-07-14T06:10:45
13460,245,40,20,245/40 R20,false,2026-07-14T06:10:45
13461,245,45,19,245/45 R19,false,2026-07-14T06:10:45
13462,245,50,18,245/50 R18,false,2026-07-14T06:10:45
13463,255,35,19,255/35 R19,false,2026-07-14T06:10:45
13464,255,40,17,255/40 R17,false,2026-07-14T06:10:45
13465,255,40,19,255/40 R19,false,2026-07-14T06:10:45
13466,275,30,21,275/30 R21,false,2026-07-14T06:10:45
13467,275,35,19,275/35 R19,false,2026-07-14T06:10:45
13468,275,35,20,275/35 R20,false,2026-07-14T06:10:45
13469,275,40,19,275/40 R19,false,2026-07-14T06:10:45
13470,275,40,21,275/40 R21,false,2026-07-14T06:10:45
13471,315,35,21,315/35 R21,false,2026-07-14T06:10:45
13472,255,45,18,255/45 R18,false,2026-07-14T06:10:45
13473,235,60,18,235/60 R18,false,2026-07-14T06:10:45
13474,245,50,18,245/50 R18,false,2026-07-14T06:10:45
13475,255,45,18,255/45 R18,false,2026-07-14T06:10:45
13476,255,50,19,255/50 R19,false,2026-07-14T06:10:45
13477,265,35,18,265/35 R18,false,2026-07-14T06:10:45
13478,285,35,19,285/35 R19,false,2026-07-14T06:10:45
13479,245,45,19,245/45 R19,false,2026-07-14T06:10:45
13480,285,35,20,285/35 R20,false,2026-07-14T06:10:45
13481,255,35,18,255/35 R18,false,2026-07-14T06:10:45
13482,235,70,16,235/70 R16,false,2026-07-14T06:10:45
13483,265,70,16,265/70 R16,false,2026-07-14T06:10:45
13484,225,65,17,225/65 R17,false,2026-07-14T06:10:45
13485,265,70,17,265/70 R17,false,2026-07-14T06:10:45
13486,285,70,17,285/70 R17,false,2026-07-14T06:10:45
13487,275,65,18,275/65 R18,false,2026-07-14T06:10:45
13488,225,65,17,225/65 R17,false,2026-07-14T06:10:45
13489,235,65,17,235/65 R17,false,2026-07-14T06:10:45
13490,275,65,17,275/65 R17,false,2026-07-14T06:10:45
13492,205,65,15,205/65 R15,false,2026-07-14T06:10:45
13493,205,70,15,205/70 R15,false,2026-07-14T06:10:45
13494,205,75,15,205/75 R15,false,2026-07-14T06:10:45
13495,215,75,15,215/75 R15,false,2026-07-14T06:10:45
13496,235,75,15,235/75 R15,false,2026-07-14T06:10:45
13497,225,70,16,225/70 R16,false,2026-07-14T06:10:45
13498,235,70,16,235/70 R16,false,2026-07-14T06:10:45
13499,275,70,16,275/70 R16,false,2026-07-14T06:10:45
13500,245,75,16,245/75 R16,false,2026-07-14T06:10:45
13501,265,75,16,265/75 R16,false,2026-07-14T06:10:45
13502,245,65,17,245/65 R17,false,2026-07-14T06:10:45
13503,255,65,17,255/65 R17,false,2026-07-14T06:10:45
13504,265,70,17,265/70 R17,false,2026-07-14T06:10:45
13505,255,60,18,255/60 R18,false,2026-07-14T06:10:45
13506,265,60,18,265/60 R18,false,2026-07-14T06:10:45
13507,275,55,20,275/55 R20,false,2026-07-14T06:10:45
13508,255,70,18,255/70 R18,false,2026-07-14T06:10:45
13509,225,65,17,225/65 R17,false,2026-07-14T06:10:45
13510,205,70,15,205/70 R15,false,2026-07-14T06:10:45
13511,265,70,16,265/70 R16,false,2026-07-14T06:10:45
13512,235,55,17,235/55 R17,false,2026-07-14T06:10:45
13513,265,65,17,265/65 R17,false,2026-07-14T06:10:45
13514,265,70,17,265/70 R17,false,2026-07-14T06:10:45
13515,235,50,18,235/50 R18,false,2026-07-14T06:10:45
13516,255,70,18,255/70 R18,false,2026-07-14T06:10:45
13517,245,50,20,245/50 R20,false,2026-07-14T06:10:45
13518,265,50,20,265/50 R20,false,2026-07-14T06:10:45
13519,275,55,20,275/55 R20,false,2026-07-14T06:10:45
13520,235,60,18,235/60 R18,false,2026-07-14T06:10:45
13521,235,50,19,235/50 R19,false,2026-07-14T06:10:45
13522,235,70,16,235/70 R16,false,2026-07-14T06:10:45
13523,235,55,17,235/55 R17,false,2026-07-14T06:10:45
13524,235,65,17,235/65 R17,false,2026-07-14T06:10:45
13525,235,50,18,235/50 R18,false,2026-07-14T06:10:45
13526,235,55,18,235/55 R18,false,2026-07-14T06:10:45
13527,255,50,19,255/50 R19,false,2026-07-14T06:10:45
13528,265,50,19,265/50 R19,false,2026-07-14T06:10:45
13529,285,45,19,285/45 R19,false,2026-07-14T06:10:45
13530,255,40,20,255/40 R20,false,2026-07-14T06:10:45
13531,255,50,19,255/50 R19,false,2026-07-14T06:10:45
13532,285,45,19,285/45 R19,false,2026-07-14T06:10:45
13533,255,45,20,255/45 R20,false,2026-07-14T06:10:45
13534,235,60,18,235/60 R18,false,2026-07-14T06:10:45
13535,255,55,18,255/55 R18,false,2026-07-14T06:10:45
13536,255,60,18,255/60 R18,false,2026-07-14T06:10:45
13537,255,50,19,255/50 R19,false,2026-07-14T06:10:45
13538,275,55,19,275/55 R19,false,2026-07-14T06:10:45
13539,255,50,20,255/50 R20,false,2026-07-14T06:10:45
13540,275,45,20,275/45 R20,false,2026-07-14T06:10:45
13541,265,40,22,265/40 R22,false,2026-07-14T06:10:45
13542,275,45,22,275/45 R22,false,2026-07-14T06:10:45
13543,305,40,22,305/40 R22,false,2026-07-14T06:10:45
13544,295,40,21,295/40 R21,false,2026-07-14T06:10:45
13545,225,70,16,225/70 R16,false,2026-07-14T06:10:45
13546,245,70,16,245/70 R16,false,2026-07-14T06:10:45
13547,235,55,17,235/55 R17,false,2026-07-14T06:10:45
13548,235,65,17,235/65 R17,false,2026-07-14T06:10:45
13549,245,65,17,245/65 R17,false,2026-07-14T06:10:45
13550,285,65,17,285/65 R17,false,2026-07-14T06:10:45
13551,225,60,18,225/60 R18,false,2026-07-14T06:10:45
13552,235,50,18,235/50 R18,false,2026-07-14T06:10:45
13553,255,55,18,255/55 R18,false,2026-07-14T06:10:45
13554,285,60,18,285/60 R18,false,2026-07-14T06:10:45
13555,245,55,19,245/55 R19,false,2026-07-14T06:10:45
13556,255,50,19,255/50 R19,false,2026-07-14T06:10:45
13557,235,55,20,235/55 R20,false,2026-07-14T06:10:45
13558,275,45,21,275/45 R21,false,2026-07-14T06:10:45
13559,215,70,16,215/70 R16,false,2026-07-14T06:10:45
13560,235,60,16,235/60 R16,false,2026-07-14T06:10:45
13561,265,70,16,265/70 R16,false,2026-07-14T06:10:45
13562,225,60,17,225/60 R17,false,2026-07-14T06:10:45
13563,225,65,17,225/65 R17,false,2026-07-14T06:10:45
13564,265,65,17,265/65 R17,false,2026-07-14T06:10:45
13565,225,55,18,225/55 R18,false,2026-07-14T06:10:45
13566,235,60,18,235/60 R18,false,2026-07-14T06:10:45
13567,255,60,18,255/60 R18,false,2026-07-14T06:10:45
13568,265,60,18,265/60 R18,false,2026-07-14T06:10:45
13569,235,55,19,235/55 R19,false,2026-07-14T06:10:45
13570,255,55,19,255/55 R19,false,2026-07-14T06:10:45
13571,265,50,19,265/50 R19,false,2026-07-14T06:10:45
13572,255,55,20,255/55 R20,false,2026-07-14T06:10:45
13573,275,45,20,275/45 R20,false,2026-07-14T06:10:45
13574,265,50,20,265/50 R20,false,2026-07-14T06:10:45
13575,275,50,20,275/50 R20,false,2026-07-14T06:10:45
13576,285,50,20,285/50 R20,false,2026-07-14T06:10:45
13577,275,40,22,275/40 R22,false,2026-07-14T06:10:45
13578,285,45,22,285/45 R22,false,2026-07-14T06:10:45
13579,235,55,18,235/55 R18,false,2026-07-14T06:10:45
13580,235,45,19,235/45 R19,false,2026-07-14T06:10:45
13581,265,65,17,265/65 R17,false,2026-07-14T06:10:45
13582,225,60,17,225/60 R17,false,2026-07-14T06:10:45
13583,235,50,18,235/50 R18,false,2026-07-14T06:10:45
13584,175,65,15,175/65 R15,false,2026-07-14T06:10:45
13592,235,55,20,235/55 R20,false,2026-07-14T06:10:45
13593,245,45,20,245/45 R20,false,2026-07-14T06:10:45
13594,255,45,20,255/45 R20,false,2026-07-14T06:10:45
13598,255,35,20,255/35 R20,false,2026-07-14T06:10:45
13605,235,50,19,235/50 R19,false,2026-07-14T06:10:45
13609,245,45,19,245/45 R19,false,2026-07-14T06:10:45
13611,245,40,19,245/40 R19,false,2026-07-14T06:10:45
13615,265,35,19,265/35 R19,false,2026-07-14T06:10:45
13619,235,60,18,235/60 R18,false,2026-07-14T06:10:45
13620,215,55,18,215/55 R18,false,2026-07-14T06:10:45
13622,235,55,18,235/55 R18,false,2026-07-14T06:10:45
13632,225,40,18,225/40 R18,false,2026-07-14T06:10:45
13633,235,40,18,235/40 R18,false,2026-07-14T06:10:45
13642,215,55,17,215/55 R17,false,2026-07-14T06:10:45
13644,215,50,17,215/50 R17,false,2026-07-14T06:10:45
13645,225,50,17,225/50 R17,false,2026-07-14T06:10:45
13646,205,45,17,205/45 R17,false,2026-07-14T06:10:45
13647,215,45,17,215/45 R17,false,2026-07-14T06:10:45
13649,215,60,16,215/60 R16,false,2026-07-14T06:10:45
13650,185,55,16,185/55 R16,false,2026-07-14T06:10:45
13651,205,55,16,205/55 R16,false,2026-07-14T06:10:45
13652,215,55,16,215/55 R16,false,2026-07-14T06:10:45
13653,195,50,16,195/50 R16,false,2026-07-14T06:10:45
13654,175,65,15,175/65 R15,false,2026-07-14T06:10:45
13655,185,65,15,185/65 R15,false,2026-07-14T06:10:45
13661,185,55,15,185/55 R15,false,2026-07-14T06:10:45
13662,195,55,15,195/55 R15,false,2026-07-14T06:10:45
13663,195,50,15,195/50 R15,false,2026-07-14T06:10:45
13676,225,45,18,225/45 R18,false,2026-07-14T06:10:45
13678,245,45,18,245/45 R18,false,2026-07-14T06:10:45
13682,215,60,17,215/60 R17,false,2026-07-14T06:10:45
13685,215,55,17,215/55 R17,false,2026-07-14T06:10:45
13688,215,50,17,215/50 R17,false,2026-07-14T06:10:45
13697,265,70,16,265/70 R16,false,2026-07-14T06:10:45
13698,215,70,15,215/70 R15,false,2026-07-14T06:10:45
13699,195,55,15,195/55 R15,false,2026-07-14T06:10:45
13700,235,40,18,235/40 R18,false,2026-07-14T06:10:45
13701,185,65,15,185/65 R15,false,2026-07-14T06:10:45
13702,165,60,14,165/60 R14,false,2026-07-14T06:10:45
13703,195,50,15,195/50 R15,false,2026-07-14T06:10:45
13704,185,55,15,185/55 R15,false,2026-07-14T06:10:45
13705,185,60,15,185/60 R15,false,2026-07-14T06:10:45
13706,195,60,15,195/60 R15,false,2026-07-14T06:10:45
13707,195,65,15,195/65 R15,false,2026-07-14T06:10:45
13708,205,65,15,205/65 R15,false,2026-07-14T06:10:45
13709,185,55,16,185/55 R16,false,2026-07-14T06:10:45
13710,215,60,16,215/60 R16,false,2026-07-14T06:10:45
13711,205,60,16,205/60 R16,false,2026-07-14T06:10:45
13712,235,60,16,235/60 R16,false,2026-07-14T06:10:45
13713,205,65,16,205/65 R16,false,2026-07-14T06:10:45
13714,215,60,17,215/60 R17,false,2026-07-14T06:10:45
13715,215,50,17,215/50 R17,false,2026-07-14T06:10:45
13717,225,60,17,225/60 R17,false,2026-07-14T06:10:45
13718,225,65,17,225/65 R17,false,2026-07-14T06:10:45
13719,175,65,14,175/65 R14,false,2026-07-14T06:10:45
13720,195,60,16,195/60 R16,false,2026-07-14T06:10:45
13722,195,55,16,195/55 R16,false,2026-07-14T06:10:45
13723,185,65,14,185/65 R14,false,2026-07-14T06:10:45
13726,,,16,,true,2026-07-14T06:10:45
13727,,,16,,true,2026-07-14T06:10:45
13729,,,20,,true,2026-07-14T06:10:45
13735,11,,22,,true,2026-07-14T06:10:45
13737,,,20,,true,2026-07-14T06:10:45
13742,,,15,,true,2026-07-14T06:10:45
13743,,,15,,true,2026-07-14T06:10:45
13744,,,16,,true,2026-07-14T06:10:45
13745,,,16,,true,2026-07-14T06:10:45
13747,,,20,,true,2026-07-14T06:10:45
13751,,,20,,true,2026-07-14T06:10:45
13753,225,40,18,225/40 R18,false,2026-07-14T06:10:45
13755,235,40,18,235/40 R18,false,2026-07-14T06:10:45
13756,245,40,18,245/40 R18,false,2026-07-14T06:10:45
13758,275,35,18,275/35 R18,false,2026-07-14T06:10:45
13759,225,45,19,225/45 R19,false,2026-07-14T06:10:45
13760,235,35,19,235/35 R19,false,2026-07-14T06:10:45
13761,245,35,19,245/35 R19,false,2026-07-14T06:10:45
13762,245,40,19,245/40 R19,false,2026-07-14T06:10:45
13763,255,35,19,255/35 R19,false,2026-07-14T06:10:45
13765,265,30,19,265/30 R19,false,2026-07-14T06:10:45
13766,275,35,19,275/35 R19,false,2026-07-14T06:10:45
13767,285,30,19,285/30 R19,false,2026-07-14T06:10:45
13768,285,35,19,285/35 R19,false,2026-07-14T06:10:45
13769,305,30,19,305/30 R19,false,2026-07-14T06:10:45
13770,245,30,20,245/30 R20,false,2026-07-14T06:10:45
13771,245,35,20,245/35 R20,false,2026-07-14T06:10:45
13772,255,30,20,255/30 R20,false,2026-07-14T06:10:45
13773,255,35,20,255/35 R20,false,2026-07-14T06:10:45
13775,275,30,20,275/30 R20,false,2026-07-14T06:10:45
13776,275,35,20,275/35 R20,false,2026-07-14T06:10:45
13777,275,40,20,275/40 R20,false,2026-07-14T06:10:45
13778,285,25,20,285/25 R20,false,2026-07-14T06:10:45
13779,295,25,20,295/25 R20,false,2026-07-14T06:10:45
13780,315,35,20,315/35 R20,false,2026-07-14T06:10:45
13781,175,55,15,175/55 R15,false,2026-07-14T06:10:45
13783,205,60,15,205/60 R15,false,2026-07-14T06:10:45
13784,225,50,18,225/50 R18,false,2026-07-14T06:10:45
13785,205,45,17,205/45 R17,false,2026-07-14T06:10:45
13787,235,45,19,235/45 R19,false,2026-07-14T06:10:45
13788,275,55,20,275/55 R20,false,2026-07-14T06:10:45
13789,175,70,14,175/70 R14,false,2026-07-14T06:10:45
13790,165,80,15,165/80 R15,false,2026-07-14T06:10:45
13791,305,30,19,305/30 R19,false,2026-07-14T06:10:45
13792,215,65,16,215/65 R16,false,2026-07-14T06:10:45
13793,205,55,17,205/55 R17,false,2026-07-14T06:10:45
13794,205,40,18,205/40 R18,false,2026-07-14T06:10:45
13795,185,70,14,185/70 R14,false,2026-07-14T06:10:45
13796,205,40,18,205/40 R18,false,2026-07-14T06:10:45
13797,265,60,18,265/60 R18,false,2026-07-14T06:10:45
13798,225,45,17,225/45 R17,false,2026-07-14T06:10:45
13799,225,40,18,225/40 R18,false,2026-07-14T06:10:45
13800,275,30,20,275/30 R20,false,2026-07-14T06:10:45
13803,195,60,16,195/60 R16,false,2026-07-14T06:10:45
13804,175,50,15,175/50 R15,false,2026-07-14T06:10:45
13806,275,35,20,275/35 R20,false,2026-07-14T06:10:45
13807,205,70,15,205/70 R15,false,2026-07-14T06:10:45
13808,155,70,13,155/70 R13,false,2026-07-14T06:10:45
13809,275,30,20,275/30 R20,false,2026-07-14T06:10:45
13811,195,55,16,195/55 R16,false,2026-07-14T06:10:45
13813,215,55,18,215/55 R18,false,2026-07-14T06:10:45
13814,255,45,20,255/45 R20,false,2026-07-14T06:10:45
13815,295,35,21,295/35 R21,false,2026-07-14T06:10:45
13816,33,,15,,false,2026-07-14T06:10:45
13817,255,55,18,255/55 R18,false,2026-07-14T06:10:45
13818,215,65,16,215/65 R16,false,2026-07-14T06:10:45
13819,255,55,20,255/55 R20,false,2026-07-14T06:10:45
13820,255,55,19,255/55 R19,false,2026-07-14T06:10:45
13821,215,45,17,215/45 R17,false,2026-07-14T06:10:45
13822,225,45,18,225/45 R18,false,2026-07-14T06:10:45
13824,215,55,17,215/55 R17,false,2026-07-14T06:10:45
13825,225,55,18,225/55 R18,false,2026-07-14T06:10:45
13826,215,65,16,215/65 R16,false,2026-07-14T06:10:45
13829,255,50,21,255/50 R21,false,2026-07-14T06:10:45
13998,235,50,18,235/50 R18,false,2026-07-14T06:10:45
14,165,65,13,165/65 R13,false,2026-07-14T06:10:45
14001,305,30,20,305/30 R20,false,2026-07-14T06:10:45
14002,225,55,19,225/55 R19,false,2026-07-14T06:10:45
14003,275,45,20,275/45 R20,false,2026-07-14T06:10:45
14004,235,60,18,235/60 R18,false,2026-07-14T06:10:45
14006,235,50,20,235/50 R20,false,2026-07-14T06:10:45
14007,205,45,17,205/45 R17,false,2026-07-14T06:10:45
14008,285,55,20,285/55 R20,false,2026-07-14T06:10:45
14009,165,80,13,165/80 R13,false,2026-07-14T06:10:45
14010,235,55,18,235/55 R18,false,2026-07-14T06:10:45
14011,275,65,18,275/65 R18,false,2026-07-14T06:10:45
14012,275,65,18,275/65 R18,false,2026-07-14T06:10:45
14015,185,60,14,185/60 R14,false,2026-07-14T06:10:45
14017,245,40,19,245/40 R19,false,2026-07-14T06:10:45
14018,205,45,16,205/45 R16,false,2026-07-14T06:10:45
14019,275,55,20,275/55 R20,false,2026-07-14T06:10:45
14020,255,55,20,255/55 R20,false,2026-07-14T06:10:45
14021,325,35,23,325/35 R23,false,2026-07-14T06:10:45
14022,255,40,19,255/40 R19,false,2026-07-14T06:10:45
14023,245,40,17,245/40 R17,false,2026-07-14T06:10:45
14024,225,45,17,225/45 R17,false,2026-07-14T06:10:45
14025,265,45,20,265/45 R20,false,2026-07-14T06:10:45
14026,275,40,20,275/40 R20,false,2026-07-14T06:10:45
14027,205,55,17,205/55 R17,false,2026-07-14T06:10:45
14028,235,50,18,235/50 R18,false,2026-07-14T06:10:45
14029,285,55,20,285/55 R20,false,2026-07-14T06:10:45
14030,215,60,16,215/60 R16,false,2026-07-14T06:10:45
14031,155,65,14,155/65 R14,false,2026-07-14T06:10:45
14032,275,45,20,275/45 R20,false,2026-07-14T06:10:45
14034,255,65,17,255/65 R17,false,2026-07-14T06:10:45
14035,255,55,20,255/55 R20,false,2026-07-14T06:10:45
14036,275,45,21,275/45 R21,false,2026-07-14T06:10:45
14037,275,45,19,275/45 R19,false,2026-07-14T06:10:45
14038,315,70,17,315/70 R17,false,2026-07-14T06:10:45
14039,255,45,20,255/45 R20,false,2026-07-14T06:10:45
14041,195,55,16,195/55 R16,false,2026-07-14T06:10:45
14042,235,55,19,235/55 R19,false,2026-07-14T06:10:45
14043,285,45,22,285/45 R22,false,2026-07-14T06:10:45
14044,185,60,14,185/60 R14,false,2026-07-14T06:10:45
14045,175,50,15,175/50 R15,false,2026-07-14T06:10:45
14046,195,60,15,195/60 R15,false,2026-07-14T06:10:45
14047,175,65,15,175/65 R15,false,2026-07-14T06:10:45
14048,195,50,16,195/50 R16,false,2026-07-14T06:10:45
14049,195,60,16,195/60 R16,false,2026-07-14T06:10:45
14050,205,55,16,205/55 R16,false,2026-07-14T06:10:45
14051,205,40,17,205/40 R17,false,2026-07-14T06:10:45
14052,205,45,17,205/45 R17,false,2026-07-14T06:10:45
14053,235,45,17,235/45 R17,false,2026-07-14T06:10:45
14054,245,45,17,245/45 R17,false,2026-07-14T06:10:45
14055,205,50,17,205/50 R17,false,2026-07-14T06:10:45
14056,215,50,17,215/50 R17,false,2026-07-14T06:10:45
14057,225,50,17,225/50 R17,false,2026-07-14T06:10:45
14058,205,55,17,205/55 R17,false,2026-07-14T06:10:45
14059,215,55,17,215/55 R17,false,2026-07-14T06:10:45
14060,225,55,17,225/55 R17,false,2026-07-14T06:10:45
14061,235,55,17,235/55 R17,false,2026-07-14T06:10:45
14062,225,60,17,225/60 R17,false,2026-07-14T06:10:45
14063,225,40,18,225/40 R18,false,2026-07-14T06:10:45
14064,235,40,18,235/40 R18,false,2026-07-14T06:10:45
14065,225,50,18,225/50 R18,false,2026-07-14T06:10:45
14066,225,55,18,225/55 R18,false,2026-07-14T06:10:45
14067,255,35,18,255/35 R18,false,2026-07-14T06:10:45
14068,265,35,18,265/35 R18,false,2026-07-14T06:10:45
14069,225,40,18,225/40 R18,false,2026-07-14T06:10:45
14070,245,40,18,245/40 R18,false,2026-07-14T06:10:45
14071,255,40,18,255/40 R18,false,2026-07-14T06:10:45
14072,245,45,18,245/45 R18,false,2026-07-14T06:10:45
14073,245,50,18,245/50 R18,false,2026-07-14T06:10:45
14074,265,30,19,265/30 R19,false,2026-07-14T06:10:45
14075,235,35,19,235/35 R19,false,2026-07-14T06:10:45
14076,245,35,19,245/35 R19,false,2026-07-14T06:10:45
14077,255,35,19,255/35 R19,false,2026-07-14T06:10:45
14078,265,35,19,265/35 R19,false,2026-07-14T06:10:45
14079,275,35,19,275/35 R19,false,2026-07-14T06:10:45
14080,225,40,19,225/40 R19,false,2026-07-14T06:10:45
14081,245,40,19,245/40 R19,false,2026-07-14T06:10:45
14082,235,45,19,235/45 R19,false,2026-07-14T06:10:45
14083,245,45,19,245/45 R19,false,2026-07-14T06:10:45
14084,245,35,20,245/35 R20,false,2026-07-14T06:10:45
14085,275,35,20,275/35 R20,false,2026-07-14T06:10:45
14086,245,40,20,245/40 R20,false,2026-07-14T06:10:45
14087,235,75,15,235/75 R15,false,2026-07-14T06:10:45
14088,235,70,16,235/70 R16,false,2026-07-14T06:10:45
14089,265,70,16,265/70 R16,false,2026-07-14T06:10:45
14090,255,65,17,255/65 R17,false,2026-07-14T06:10:45
14091,265,65,17,265/65 R17,false,2026-07-14T06:10:45
14092,265,70,17,265/70 R17,false,2026-07-14T06:10:45
14093,265,60,18,265/60 R18,false,2026-07-14T06:10:45
14094,265,50,20,265/50 R20,false,2026-07-14T06:10:45
14095,305,45,22,305/45 R22,false,2026-07-14T06:10:45
14096,235,60,16,235/60 R16,false,2026-07-14T06:10:45
14097,285,60,18,285/60 R18,false,2026-07-14T06:10:45
14098,235,60,18,235/60 R18,false,2026-07-14T06:10:45
14099,245,50,19,245/50 R19,false,2026-07-14T06:10:45
14100,265,70,16,265/70 R16,false,2026-07-14T06:10:45
14101,265,65,17,265/65 R17,false,2026-07-14T06:10:45
14102,265,60,18,265/60 R18,false,2026-07-14T06:10:45
14103,275,60,20,275/60 R20,false,2026-07-14T06:10:45
14104,235,65,16,235/65 R16,false,2026-07-14T06:10:45
14105,175,,13,,false,2026-07-14T06:10:45
14106,185,,14,,false,2026-07-14T06:10:45
14107,195,,14,,false,2026-07-14T06:10:45
14108,195,,15,,false,2026-07-14T06:10:45
14109,195,70,15,195/70 R15,false,2026-07-14T06:10:45
14110,205,70,15,205/70 R15,false,2026-07-14T06:10:45
14111,215,70,15,215/70 R15,false,2026-07-14T06:10:45
14112,215,70,16,215/70 R16,false,2026-07-14T06:10:45
14113,215,50,18,215/50 R18,false,2026-07-14T06:10:45
14114,245,45,20,245/45 R20,false,2026-07-14T06:10:45
14115,255,45,20,255/45 R20,false,2026-07-14T06:10:45
14116,235,50,20,235/50 R20,false,2026-07-14T06:10:45
14117,285,45,22,285/45 R22,false,2026-07-14T06:10:45
14118,265,65,17,265/65 R17,false,2026-07-14T06:10:45
14119,275,55,20,275/55 R20,false,2026-07-14T06:10:45
1500,155,,12,,false,2026-07-14T06:10:45
1504,165,70,13,165/70 R13,false,2026-07-14T06:10:45
1511,185,70,13,185/70 R13,false,2026-07-14T06:10:45
1513,205,60,13,205/60 R13,false,2026-07-14T06:10:45
1520,185,,14,,false,2026-07-14T06:10:45
1524,185,60,14,185/60 R14,false,2026-07-14T06:10:45
1526,185,65,14,185/65 R14,false,2026-07-14T06:10:45
1531,195,,14,,false,2026-07-14T06:10:45
1534,195,60,14,195/60 R14,false,2026-07-14T06:10:45
1536,195,70,14,195/70 R14,false,2026-07-14T06:10:45
1576,205,65,15,205/65 R15,false,2026-07-14T06:10:45
1585,225,70,15,225/70 R15,false,2026-07-14T06:10:45
1617,265,70,16,265/70 R16,false,2026-07-14T06:10:45
1624,195,45,17,195/45 R17,false,2026-07-14T06:10:45
1636,215,55,17,215/55 R17,false,2026-07-14T06:10:45
1663,215,35,18,215/35 R18,false,2026-07-14T06:10:45
171,225,70,16,225/70 R16,false,2026-07-14T06:10:45
1839,245,40,18,245/40 R18,false,2026-07-14T06:10:45
1952,185,,14,,false,2026-07-14T06:10:45
1971,195,,14,,false,2026-07-14T06:10:45
199,265,75,16,265/75 R16,false,2026-07-14T06:10:45
203,285,75,16,285/75 R16,false,2026-07-14T06:10:45
2046,205,70,15,205/70 R15,false,2026-07-14T06:10:45
206,205,40,17,205/40 R17,false,2026-07-14T06:10:45
2127,245,45,16,245/45 R16,false,2026-07-14T06:10:45
213,215,40,17,215/40 R17,false,2026-07-14T06:10:45
2192,225,65,17,225/65 R17,false,2026-07-14T06:10:45
2204,235,60,17,235/60 R17,false,2026-07-14T06:10:45
2214,245,45,17,245/45 R17,false,2026-07-14T06:10:45
2215,245,40,17,245/40 R17,false,2026-07-14T06:10:45
2230,265,65,17,265/65 R17,false,2026-07-14T06:10:45
2252,225,40,18,225/40 R18,false,2026-07-14T06:10:45
2253,225,35,18,225/35 R18,false,2026-07-14T06:10:45
2258,225,45,18,225/45 R18,false,2026-07-14T06:10:45
2259,225,45,18,225/45 R18,false,2026-07-14T06:10:45
2268,235,40,18,235/40 R18,false,2026-07-14T06:10:45
2269,235,45,18,235/45 R18,false,2026-07-14T06:10:45
2281,235,55,18,235/55 R18,false,2026-07-14T06:10:45
2293,245,35,18,245/35 R18,false,2026-07-14T06:10:45
2294,245,50,18,245/50 R18,false,2026-07-14T06:10:45
2297,245,40,18,245/40 R18,false,2026-07-14T06:10:45
2301,245,45,18,245/45 R18,false,2026-07-14T06:10:45
2303,245,45,18,245/45 R18,false,2026-07-14T06:10:45
2310,255,35,18,255/35 R18,false,2026-07-14T06:10:45
2314,255,40,18,255/40 R18,false,2026-07-14T06:10:45
2317,255,45,18,255/45 R18,false,2026-07-14T06:10:45
2330,265,35,18,265/35 R18,false,2026-07-14T06:10:45
2341,275,45,18,275/45 R18,false,2026-07-14T06:10:45
2355,225,35,19,225/35 R19,false,2026-07-14T06:10:45
2357,225,40,19,225/40 R19,false,2026-07-14T06:10:45
2360,225,45,19,225/45 R19,false,2026-07-14T06:10:45
2370,235,50,19,235/50 R19,false,2026-07-14T06:10:45
2374,245,40,19,245/40 R19,false,2026-07-14T06:10:45
2375,245,45,19,245/45 R19,false,2026-07-14T06:10:45
2377,245,35,19,245/35 R19,false,2026-07-14T06:10:45
2389,255,40,19,255/40 R19,false,2026-07-14T06:10:45
2394,255,35,19,255/35 R19,false,2026-07-14T06:10:45
2399,255,45,19,255/45 R19,false,2026-07-14T06:10:45
2405,255,55,19,255/55 R19,false,2026-07-14T06:10:45
2409,265,35,19,265/35 R19,false,2026-07-14T06:10:45
2416,265,50,19,265/50 R19,false,2026-07-14T06:10:45
2418,275,30,19,275/30 R19,false,2026-07-14T06:10:45
2424,275,40,19,275/40 R19,false,2026-07-14T06:10:45
2429,285,30,19,285/30 R19,false,2026-07-14T06:10:45
2430,285,40,19,285/40 R19,false,2026-07-14T06:10:45
2439,295,30,19,295/30 R19,false,2026-07-14T06:10:45
2441,305,30,19,305/30 R19,false,2026-07-14T06:10:45
2443,235,35,20,235/35 R20,false,2026-07-14T06:10:45
2444,235,45,20,235/45 R20,false,2026-07-14T06:10:45
2446,245,45,20,245/45 R20,false,2026-07-14T06:10:45
2455,255,35,20,255/35 R20,false,2026-07-14T06:10:45
2456,255,40,20,255/40 R20,false,2026-07-14T06:10:45
2469,265,30,20,265/30 R20,false,2026-07-14T06:10:45
2470,265,35,20,265/35 R20,false,2026-07-14T06:10:45
2472,265,45,20,265/45 R20,false,2026-07-14T06:10:45
2476,265,40,20,265/40 R20,false,2026-07-14T06:10:45
2480,275,40,20,275/40 R20,false,2026-07-14T06:10:45
2482,275,35,20,275/35 R20,false,2026-07-14T06:10:45
2484,275,40,20,275/40 R20,false,2026-07-14T06:10:45
2495,285,30,20,285/30 R20,false,2026-07-14T06:10:45
2496,285,35,20,285/35 R20,false,2026-07-14T06:10:45
2497,285,40,20,285/40 R20,false,2026-07-14T06:10:45
2504,295,30,20,295/30 R20,false,2026-07-14T06:10:45
2505,295,35,20,295/35 R20,false,2026-07-14T06:10:45
2507,295,40,20,295/40 R20,false,2026-07-14T06:10:45
2512,305,30,20,305/30 R20,false,2026-07-14T06:10:45
2515,315,35,20,315/35 R20,false,2026-07-14T06:10:45
2518,295,35,21,295/35 R21,false,2026-07-14T06:10:45
253,265,65,17,265/65 R17,false,2026-07-14T06:10:45
260,265,70,17,265/70 R17,false,2026-07-14T06:10:45
265,285,70,17,285/70 R17,false,2026-07-14T06:10:45
300,265,60,18,265/60 R18,false,2026-07-14T06:10:45
324,245,35,20,245/35 R20,false,2026-07-14T06:10:45
326,245,40,20,245/40 R20,false,2026-07-14T06:10:45
334,265,50,20,265/50 R20,false,2026-07-14T06:10:45
337,275,40,20,275/40 R20,false,2026-07-14T06:10:45
340,275,55,20,275/55 R20,false,2026-07-14T06:10:45
354,285,40,22,285/40 R22,false,2026-07-14T06:10:45
389,175,,13,,false,2026-07-14T06:10:45
402,155,65,14,155/65 R14,false,2026-07-14T06:10:45
405,165,60,14,165/60 R14,false,2026-07-14T06:10:45
406,165,60,14,165/60 R14,false,2026-07-14T06:10:45
407,165,65,14,165/65 R14,false,2026-07-14T06:10:45
410,165,65,14,165/65 R14,false,2026-07-14T06:10:45
414,175,65,14,175/65 R14,false,2026-07-14T06:10:45
416,175,65,14,175/65 R14,false,2026-07-14T06:10:45
417,175,65,14,175/65 R14,false,2026-07-14T06:10:45
418,175,70,14,175/70 R14,false,2026-07-14T06:10:45
419,175,70,14,175/70 R14,false,2026-07-14T06:10:45
4204,195,60,16,195/60 R16,false,2026-07-14T06:10:45
423,185,,14,,false,2026-07-14T06:10:45
424,185,,14,,false,2026-07-14T06:10:45
4241,215,50,17,215/50 R17,false,2026-07-14T06:10:45
426,185,60,14,185/60 R14,false,2026-07-14T06:10:45
4282,265,35,18,265/35 R18,false,2026-07-14T06:10:45
430,185,60,14,185/60 R14,false,2026-07-14T06:10:45
431,185,65,14,185/65 R14,false,2026-07-14T06:10:45
4332,175,65,14,175/65 R14,false,2026-07-14T06:10:45
434,185,65,14,185/65 R14,false,2026-07-14T06:10:45
435,185,70,14,185/70 R14,false,2026-07-14T06:10:45
4354,265,45,20,265/45 R20,false,2026-07-14T06:10:45
4360,235,60,17,235/60 R17,false,2026-07-14T06:10:45
437,185,70,14,185/70 R14,false,2026-07-14T06:10:45
438,185,70,14,185/70 R14,false,2026-07-14T06:10:45
4387,235,70,15,235/70 R15,false,2026-07-14T06:10:45
4397,185,65,15,185/65 R15,false,2026-07-14T06:10:45
440,195,,14,,false,2026-07-14T06:10:45
4402,235,60,17,235/60 R17,false,2026-07-14T06:10:45
442,195,,14,,false,2026-07-14T06:10:45
4428,215,70,16,215/70 R16,false,2026-07-14T06:10:45
443,195,,14,,false,2026-07-14T06:10:45
4460,265,50,20,265/50 R20,false,2026-07-14T06:10:45
447,195,60,14,195/60 R14,false,2026-07-14T06:10:45
4471,195,50,15,195/50 R15,false,2026-07-14T06:10:45
449,195,70,14,195/70 R14,false,2026-07-14T06:10:45
4513,225,50,17,225/50 R17,false,2026-07-14T06:10:45
4518,225,60,18,225/60 R18,false,2026-07-14T06:10:45
452,195,70,14,195/70 R14,false,2026-07-14T06:10:45
4524,245,40,18,245/40 R18,false,2026-07-14T06:10:45
453,195,70,14,195/70 R14,false,2026-07-14T06:10:45
4531,285,35,18,285/35 R18,false,2026-07-14T06:10:45
4532,295,30,18,295/30 R18,false,2026-07-14T06:10:45
4533,225,35,19,225/35 R19,false,2026-07-14T06:10:45
4534,225,40,19,225/40 R19,false,2026-07-14T06:10:45
4535,225,45,19,225/45 R19,false,2026-07-14T06:10:45
4536,225,55,19,225/55 R19,false,2026-07-14T06:10:45
4539,235,50,19,235/50 R19,false,2026-07-14T06:10:45
4540,235,55,19,235/55 R19,false,2026-07-14T06:10:45
4541,245,30,19,245/30 R19,false,2026-07-14T06:10:45
4543,245,40,19,245/40 R19,false,2026-07-14T06:10:45
4544,245,45,19,245/45 R19,false,2026-07-14T06:10:45
4545,255,30,19,255/30 R19,false,2026-07-14T06:10:45
4547,255,40,19,255/40 R19,false,2026-07-14T06:10:45
4551,265,35,19,265/35 R19,false,2026-07-14T06:10:45
4553,265,50,19,265/50 R19,false,2026-07-14T06:10:45
4557,275,40,19,275/40 R19,false,2026-07-14T06:10:45
4558,275,55,19,275/55 R19,false,2026-07-14T06:10:45
4559,285,35,19,285/35 R19,false,2026-07-14T06:10:45
4561,295,30,19,295/30 R19,false,2026-07-14T06:10:45
4562,295,35,19,295/35 R19,false,2026-07-14T06:10:45
4563,305,30,19,305/30 R19,false,2026-07-14T06:10:45
4566,235,30,20,235/30 R20,false,2026-07-14T06:10:45
4573,255,35,20,255/35 R20,false,2026-07-14T06:10:45
4575,255,50,20,255/50 R20,false,2026-07-14T06:10:45
4580,265,45,20,265/45 R20,false,2026-07-14T06:10:45
4589,295,40,20,295/40 R20,false,2026-07-14T06:10:45
4598,255,35,21,255/35 R21,false,2026-07-14T06:10:45
4599,255,40,21,255/40 R21,false,2026-07-14T06:10:45
460,175,50,15,175/50 R15,false,2026-07-14T06:10:45
4602,265,45,21,265/45 R21,false,2026-07-14T06:10:45
4605,275,40,21,275/40 R21,false,2026-07-14T06:10:45
4607,275,50,21,275/50 R21,false,2026-07-14T06:10:45
4609,285,45,21,285/45 R21,false,2026-07-14T06:10:45
4611,295,30,21,295/30 R21,false,2026-07-14T06:10:45
4612,295,40,21,295/40 R21,false,2026-07-14T06:10:45
4615,325,25,21,325/25 R21,false,2026-07-14T06:10:45
4616,255,30,22,255/30 R22,false,2026-07-14T06:10:45
4618,295,25,22,295/25 R22,false,2026-07-14T06:10:45
4620,335,25,22,335/25 R22,false,2026-07-14T06:10:45
4621,165,55,14,165/55 R14,false,2026-07-14T06:10:45
4622,165,55,15,165/55 R15,false,2026-07-14T06:10:45
4625,225,55,17,225/55 R17,false,2026-07-14T06:10:45
4626,235,55,17,235/55 R17,false,2026-07-14T06:10:45
4628,265,65,17,265/65 R17,false,2026-07-14T06:10:45
4629,265,70,17,265/70 R17,false,2026-07-14T06:10:45
463,175,55,15,175/55 R15,false,2026-07-14T06:10:45
464,175,55,15,175/55 R15,false,2026-07-14T06:10:45
4640,265,45,20,265/45 R20,false,2026-07-14T06:10:45
4645,215,65,16,215/65 R16,false,2026-07-14T06:10:45
4646,215,70,16,215/70 R16,false,2026-07-14T06:10:45
4647,225,70,16,225/70 R16,false,2026-07-14T06:10:45
4648,235,60,16,235/60 R16,false,2026-07-14T06:10:45
4649,235,70,16,235/70 R16,false,2026-07-14T06:10:45
4650,205,45,17,205/45 R17,false,2026-07-14T06:10:45
4652,215,55,17,215/55 R17,false,2026-07-14T06:10:45
4653,215,70,17,215/70 R17,false,2026-07-14T06:10:45
4654,225,60,17,225/60 R17,false,2026-07-14T06:10:45
4655,225,65,17,225/65 R17,false,2026-07-14T06:10:45
4656,235,55,17,235/55 R17,false,2026-07-14T06:10:45
4657,235,65,17,235/65 R17,false,2026-07-14T06:10:45
4658,245,65,17,245/65 R17,false,2026-07-14T06:10:45
4659,225,55,18,225/55 R18,false,2026-07-14T06:10:45
466,175,65,15,175/65 R15,false,2026-07-14T06:10:45
4660,225,60,18,225/60 R18,false,2026-07-14T06:10:45
4661,235,55,18,235/55 R18,false,2026-07-14T06:10:45
4662,235,60,18,235/60 R18,false,2026-07-14T06:10:45
4665,245,50,20,245/50 R20,false,2026-07-14T06:10:45
468,175,65,15,175/65 R15,false,2026-07-14T06:10:45
4689,195,80,15,195/80 R15,false,2026-07-14T06:10:45
469,175,65,15,175/65 R15,false,2026-07-14T06:10:45
4692,195,60,15,195/60 R15,false,2026-07-14T06:10:45
4697,205,65,15,205/65 R15,false,2026-07-14T06:10:45
470,175,65,15,175/65 R15,false,2026-07-14T06:10:45
4700,205,70,15,205/70 R15,false,2026-07-14T06:10:45
4702,215,70,15,215/70 R15,false,2026-07-14T06:10:45
4711,185,65,15,185/65 R15,false,2026-07-14T06:10:45
4713,195,50,16,195/50 R16,false,2026-07-14T06:10:45
4726,225,60,16,225/60 R16,false,2026-07-14T06:10:45
4727,235,60,16,235/60 R16,false,2026-07-14T06:10:45
473,185,55,15,185/55 R15,false,2026-07-14T06:10:45
4738,245,45,17,245/45 R17,false,2026-07-14T06:10:45
474,185,55,15,185/55 R15,false,2026-07-14T06:10:45
4752,255,55,20,255/55 R20,false,2026-07-14T06:10:45
4753,245,45,21,245/45 R21,false,2026-07-14T06:10:45
476,185,55,15,185/55 R15,false,2026-07-14T06:10:45
4765,185,,14,,false,2026-07-14T06:10:45
477,185,55,15,185/55 R15,false,2026-07-14T06:10:45
4773,255,70,15,255/70 R15,false,2026-07-14T06:10:45
4774,195,60,16,195/60 R16,false,2026-07-14T06:10:45
4784,205,45,17,205/45 R17,false,2026-07-14T06:10:45
4786,215,50,17,215/50 R17,false,2026-07-14T06:10:45
479,185,55,15,185/55 R15,false,2026-07-14T06:10:45
480,185,60,15,185/60 R15,false,2026-07-14T06:10:45
4803,255,50,19,255/50 R19,false,2026-07-14T06:10:45
4804,265,50,20,265/50 R20,false,2026-07-14T06:10:45
4808,205,65,15,205/65 R15,false,2026-07-14T06:10:45
4818,175,65,14,175/65 R14,false,2026-07-14T06:10:45
4819,175,65,14,175/65 R14,false,2026-07-14T06:10:45
482,185,60,15,185/60 R15,false,2026-07-14T06:10:45
4821,195,70,14,195/70 R14,false,2026-07-14T06:10:45
4827,195,,15,,false,2026-07-14T06:10:45
4832,205,65,15,205/65 R15,false,2026-07-14T06:10:45
484,185,60,15,185/60 R15,false,2026-07-14T06:10:45
486,185,60,15,185/60 R15,false,2026-07-14T06:10:45
4866,215,45,17,215/45 R17,false,2026-07-14T06:10:45
4869,215,60,17,215/60 R17,false,2026-07-14T06:10:45
487,185,65,15,185/65 R15,false,2026-07-14T06:10:45
4871,225,55,17,225/55 R17,false,2026-07-14T06:10:45
4891,225,55,18,225/55 R18,false,2026-07-14T06:10:45
4893,235,50,18,235/50 R18,false,2026-07-14T06:10:45
490,185,65,15,185/65 R15,false,2026-07-14T06:10:45
491,185,65,15,185/65 R15,false,2026-07-14T06:10:45
492,195,,15,,false,2026-07-14T06:10:45
4935,265,65,17,265/65 R17,false,2026-07-14T06:10:45
4937,265,60,18,265/60 R18,false,2026-07-14T06:10:45
4963,225,60,17,225/60 R17,false,2026-07-14T06:10:45
498,195,50,15,195/50 R15,false,2026-07-14T06:10:45
4980,215,70,16,215/70 R16,false,2026-07-14T06:10:45
501,195,55,15,195/55 R15,false,2026-07-14T06:10:45
5026,205,55,16,205/55 R16,false,2026-07-14T06:10:45
504,195,55,15,195/55 R15,false,2026-07-14T06:10:45
5042,255,55,19,255/55 R19,false,2026-07-14T06:10:45
5052,185,60,15,185/60 R15,false,2026-07-14T06:10:45
506,195,55,15,195/55 R15,false,2026-07-14T06:10:45
5080,185,55,15,185/55 R15,false,2026-07-14T06:10:45
5086,155,65,13,155/65 R13,false,2026-07-14T06:10:45
5087,155,80,13,155/80 R13,false,2026-07-14T06:10:45
5091,185,70,13,185/70 R13,false,2026-07-14T06:10:45
5095,165,65,14,165/65 R14,false,2026-07-14T06:10:45
5096,175,60,14,175/60 R14,false,2026-07-14T06:10:45
5097,175,65,14,175/65 R14,false,2026-07-14T06:10:45
510,195,60,15,195/60 R15,false,2026-07-14T06:10:45
5101,185,65,14,185/65 R14,false,2026-07-14T06:10:45
512,195,60,15,195/60 R15,false,2026-07-14T06:10:45
5121,175,65,15,175/65 R15,false,2026-07-14T06:10:45
5123,185,60,15,185/60 R15,false,2026-07-14T06:10:45
5128,195,60,15,195/60 R15,false,2026-07-14T06:10:45
5130,205,60,15,205/60 R15,false,2026-07-14T06:10:45
5131,205,65,15,205/65 R15,false,2026-07-14T06:10:45
5133,215,65,15,215/65 R15,false,2026-07-14T06:10:45
514,195,65,15,195/65 R15,false,2026-07-14T06:10:45
5156,195,50,16,195/50 R16,false,2026-07-14T06:10:45
5157,195,55,16,195/55 R16,false,2026-07-14T06:10:45
5159,195,60,16,195/60 R16,false,2026-07-14T06:10:45
5170,225,60,16,225/60 R16,false,2026-07-14T06:10:45
5171,245,70,16,245/70 R16,false,2026-07-14T06:10:45
5175,245,75,16,245/75 R16,false,2026-07-14T06:10:45
5178,265,75,16,265/75 R16,false,2026-07-14T06:10:45
518,195,65,15,195/65 R15,false,2026-07-14T06:10:45
5182,225,65,17,225/65 R17,false,2026-07-14T06:10:45
5184,265,65,17,265/65 R17,false,2026-07-14T06:10:45
5185,265,65,17,265/65 R17,false,2026-07-14T06:10:45
5188,285,70,17,285/70 R17,false,2026-07-14T06:10:45
5189,305,70,17,305/70 R17,false,2026-07-14T06:10:45
5195,205,50,16,205/50 R16,false,2026-07-14T06:10:45
520,195,65,15,195/65 R15,false,2026-07-14T06:10:45
5206,255,35,20,255/35 R20,false,2026-07-14T06:10:45
5217,245,45,19,245/45 R19,false,2026-07-14T06:10:45
523,195,70,15,195/70 R15,false,2026-07-14T06:10:45
5242,235,55,18,235/55 R18,false,2026-07-14T06:10:45
5254,225,45,18,225/45 R18,false,2026-07-14T06:10:45
5267,245,40,18,245/40 R18,false,2026-07-14T06:10:45
527,205,60,15,205/60 R15,false,2026-07-14T06:10:45
5275,215,60,17,215/60 R17,false,2026-07-14T06:10:45
5279,205,55,17,205/55 R17,false,2026-07-14T06:10:45
5290,215,50,17,215/50 R17,false,2026-07-14T06:10:45
5292,225,50,17,225/50 R17,false,2026-07-14T06:10:45
5296,205,45,17,205/45 R17,false,2026-07-14T06:10:45
5297,215,45,17,215/45 R17,false,2026-07-14T06:10:45
5299,225,45,17,225/45 R17,false,2026-07-14T06:10:45
5304,235,45,17,235/45 R17,false,2026-07-14T06:10:45
5308,245,45,17,245/45 R17,false,2026-07-14T06:10:45
5312,215,40,17,215/40 R17,false,2026-07-14T06:10:45
5317,205,65,16,205/65 R16,false,2026-07-14T06:10:45
5320,215,65,16,215/65 R16,false,2026-07-14T06:10:45
5321,215,65,16,215/65 R16,false,2026-07-14T06:10:45
5322,185,60,16,185/60 R16,false,2026-07-14T06:10:45
5335,205,55,16,205/55 R16,false,2026-07-14T06:10:45
5356,175,65,15,175/65 R15,false,2026-07-14T06:10:45
5357,185,65,15,185/65 R15,false,2026-07-14T06:10:45
536,205,65,15,205/65 R15,false,2026-07-14T06:10:45
5374,185,60,15,185/60 R15,false,2026-07-14T06:10:45
5377,195,60,15,195/60 R15,false,2026-07-14T06:10:45
539,205,65,15,205/65 R15,false,2026-07-14T06:10:45
5392,195,50,15,195/50 R15,false,2026-07-14T06:10:45
5394,205,50,15,205/50 R15,false,2026-07-14T06:10:45
5397,185,70,14,185/70 R14,false,2026-07-14T06:10:45
5398,185,70,14,185/70 R14,false,2026-07-14T06:10:45
5404,165,65,14,165/65 R14,false,2026-07-14T06:10:45
5407,175,65,14,175/65 R14,false,2026-07-14T06:10:45
5409,175,65,14,175/65 R14,false,2026-07-14T06:10:45
5410,175,65,14,175/65 R14,false,2026-07-14T06:10:45
5412,185,65,14,185/65 R14,false,2026-07-14T06:10:45
543,205,70,15,205/70 R15,false,2026-07-14T06:10:45
5431,165,65,13,165/65 R13,false,2026-07-14T06:10:45
5443,275,55,20,275/55 R20,false,2026-07-14T06:10:45
5445,265,50,20,265/50 R20,false,2026-07-14T06:10:45
5447,265,50,20,265/50 R20,false,2026-07-14T06:10:45
5448,275,50,20,275/50 R20,false,2026-07-14T06:10:45
5468,235,60,18,235/60 R18,false,2026-07-14T06:10:45
5477,265,60,18,265/60 R18,false,2026-07-14T06:10:45
5480,265,60,18,265/60 R18,false,2026-07-14T06:10:45
5481,265,60,18,265/60 R18,false,2026-07-14T06:10:45
5483,285,60,18,285/60 R18,false,2026-07-14T06:10:45
5484,285,60,18,285/60 R18,false,2026-07-14T06:10:45
5485,285,60,18,285/60 R18,false,2026-07-14T06:10:45
5489,225,55,18,225/55 R18,false,2026-07-14T06:10:45
5500,225,70,17,225/70 R17,false,2026-07-14T06:10:45
5505,265,70,17,265/70 R17,false,2026-07-14T06:10:45
5509,225,65,17,225/65 R17,false,2026-07-14T06:10:45
5520,265,65,17,265/65 R17,false,2026-07-14T06:10:45
5522,265,65,17,265/65 R17,false,2026-07-14T06:10:45
5523,265,65,17,265/65 R17,false,2026-07-14T06:10:45
5524,265,65,17,265/65 R17,false,2026-07-14T06:10:45
553,205,75,15,205/75 R15,false,2026-07-14T06:10:45
554,215,65,15,215/65 R15,false,2026-07-14T06:10:45
5544,205,80,16,205/80 R16,false,2026-07-14T06:10:45
5546,205,80,16,205/80 R16,false,2026-07-14T06:10:45
5548,225,75,16,225/75 R16,false,2026-07-14T06:10:45
5557,285,75,16,285/75 R16,false,2026-07-14T06:10:45
5558,285,75,16,285/75 R16,false,2026-07-14T06:10:45
5569,245,70,16,245/70 R16,false,2026-07-14T06:10:45
5572,255,70,16,255/70 R16,false,2026-07-14T06:10:45
5573,255,70,16,255/70 R16,false,2026-07-14T06:10:45
5576,265,70,16,265/70 R16,false,2026-07-14T06:10:45
5577,265,70,16,265/70 R16,false,2026-07-14T06:10:45
5578,265,70,16,265/70 R16,false,2026-07-14T06:10:45
5579,265,70,16,265/70 R16,false,2026-07-14T06:10:45
5583,275,70,16,275/70 R16,false,2026-07-14T06:10:45
5589,215,65,16,215/65 R16,false,2026-07-14T06:10:45
560,215,70,15,215/70 R15,false,2026-07-14T06:10:45
5606,215,75,15,215/75 R15,false,2026-07-14T06:10:45
5608,225,55,19,225/55 R19,false,2026-07-14T06:10:45
5611,215,50,18,215/50 R18,false,2026-07-14T06:10:45
5612,235,60,18,235/60 R18,false,2026-07-14T06:10:45
5613,255,60,18,255/60 R18,false,2026-07-14T06:10:45
5617,235,50,18,235/50 R18,false,2026-07-14T06:10:45
5635,245,35,20,245/35 R20,false,2026-07-14T06:10:45
5659,225,45,18,225/45 R18,false,2026-07-14T06:10:45
5662,235,45,18,235/45 R18,false,2026-07-14T06:10:45
567,215,80,15,215/80 R15,false,2026-07-14T06:10:45
5674,225,40,18,225/40 R18,false,2026-07-14T06:10:45
5706,205,50,17,205/50 R17,false,2026-07-14T06:10:45
5713,225,50,17,225/50 R17,false,2026-07-14T06:10:45
572,225,70,15,225/70 R15,false,2026-07-14T06:10:45
5741,205,60,16,205/60 R16,false,2026-07-14T06:10:45
5743,205,60,16,205/60 R16,false,2026-07-14T06:10:45
5749,185,55,16,185/55 R16,false,2026-07-14T06:10:45
5766,205,45,16,205/45 R16,false,2026-07-14T06:10:45
5768,185,65,15,185/65 R15,false,2026-07-14T06:10:45
5770,195,65,15,195/65 R15,false,2026-07-14T06:10:45
5772,205,65,15,205/65 R15,false,2026-07-14T06:10:45
5774,185,60,15,185/60 R15,false,2026-07-14T06:10:45
5776,185,55,15,185/55 R15,false,2026-07-14T06:10:45
5779,195,55,15,195/55 R15,false,2026-07-14T06:10:45
5784,185,70,14,185/70 R14,false,2026-07-14T06:10:45
582,235,75,15,235/75 R15,false,2026-07-14T06:10:45
5827,275,50,21,275/50 R21,false,2026-07-14T06:10:45
5830,275,60,20,275/60 R20,false,2026-07-14T06:10:45
5833,275,55,20,275/55 R20,false,2026-07-14T06:10:45
5835,245,50,20,245/50 R20,false,2026-07-14T06:10:45
5836,255,50,20,255/50 R20,false,2026-07-14T06:10:45
5840,285,50,20,285/50 R20,false,2026-07-14T06:10:45
5843,265,45,20,265/45 R20,false,2026-07-14T06:10:45
5844,275,45,20,275/45 R20,false,2026-07-14T06:10:45
5854,225,55,19,225/55 R19,false,2026-07-14T06:10:45
5857,255,50,19,255/50 R19,false,2026-07-14T06:10:45
5869,235,60,18,235/60 R18,false,2026-07-14T06:10:45
5870,245,60,18,245/60 R18,false,2026-07-14T06:10:45
5871,255,60,18,255/60 R18,false,2026-07-14T06:10:45
5874,265,60,18,265/60 R18,false,2026-07-14T06:10:45
5876,285,60,18,285/60 R18,false,2026-07-14T06:10:45
5881,225,55,18,225/55 R18,false,2026-07-14T06:10:45
5892,245,70,17,245/70 R17,false,2026-07-14T06:10:45
5900,225,65,17,225/65 R17,false,2026-07-14T06:10:45
5905,245,65,17,245/65 R17,false,2026-07-14T06:10:45
5911,265,65,17,265/65 R17,false,2026-07-14T06:10:45
5918,225,60,17,225/60 R17,false,2026-07-14T06:10:45
593,255,70,15,255/70 R15,false,2026-07-14T06:10:45
5952,235,60,16,235/60 R16,false,2026-07-14T06:10:45
5960,265,70,15,265/70 R15,false,2026-07-14T06:10:45
5970,235,60,17,235/60 R17,false,2026-07-14T06:10:45
5971,225,55,17,225/55 R17,false,2026-07-14T06:10:45
5981,205,65,16,205/65 R16,false,2026-07-14T06:10:45
5984,235,65,16,235/65 R16,false,2026-07-14T06:10:45
599,185,55,16,185/55 R16,false,2026-07-14T06:10:45
5991,195,,15,,false,2026-07-14T06:10:45
5994,205,70,15,205/70 R15,false,2026-07-14T06:10:45
5996,225,70,15,225/70 R15,false,2026-07-14T06:10:45
6000,185,,14,,false,2026-07-14T06:10:45
602,185,55,16,185/55 R16,false,2026-07-14T06:10:45
603,185,55,16,185/55 R16,false,2026-07-14T06:10:45
6047,215,65,16,215/65 R16,false,2026-07-14T06:10:45
606,195,50,16,195/50 R16,false,2026-07-14T06:10:45
608,195,50,16,195/50 R16,false,2026-07-14T06:10:45
6089,225,45,17,225/45 R17,false,2026-07-14T06:10:45
609,195,50,16,195/50 R16,false,2026-07-14T06:10:45
611,195,55,16,195/55 R16,false,2026-07-14T06:10:45
617,195,60,16,195/60 R16,false,2026-07-14T06:10:45
622,205,,16,,false,2026-07-14T06:10:45
625,205,45,16,205/45 R16,false,2026-07-14T06:10:45
626,205,45,16,205/45 R16,false,2026-07-14T06:10:45
6263,155,,12,,false,2026-07-14T06:10:45
6273,185,60,15,185/60 R15,false,2026-07-14T06:10:45
631,205,50,16,205/50 R16,false,2026-07-14T06:10:45
635,205,55,16,205/55 R16,false,2026-07-14T06:10:45
639,205,55,16,205/55 R16,false,2026-07-14T06:10:45
6392,195,,15,,false,2026-07-14T06:10:45
6444,225,75,16,225/75 R16,false,2026-07-14T06:10:45
6447,235,70,16,235/70 R16,false,2026-07-14T06:10:45
645,205,55,16,205/55 R16,false,2026-07-14T06:10:45
6452,245,70,16,245/70 R16,false,2026-07-14T06:10:45
6455,245,75,16,245/75 R16,false,2026-07-14T06:10:45
6462,265,70,16,265/70 R16,false,2026-07-14T06:10:45
6465,265,75,16,265/75 R16,false,2026-07-14T06:10:45
647,205,55,16,205/55 R16,false,2026-07-14T06:10:45
6478,35,,17,,false,2026-07-14T06:10:45
651,205,60,16,205/60 R16,false,2026-07-14T06:10:45
6510,265,65,17,265/65 R17,false,2026-07-14T06:10:45
6516,275,65,17,275/65 R17,false,2026-07-14T06:10:45
6524,295,70,17,295/70 R17,false,2026-07-14T06:10:45
6539,255,55,18,255/55 R18,false,2026-07-14T06:10:45
6542,265,60,18,265/60 R18,false,2026-07-14T06:10:45
656,205,60,16,205/60 R16,false,2026-07-14T06:10:45
6573,37,,20,,false,2026-07-14T06:10:45
6574,245,60,20,245/60 R20,false,2026-07-14T06:10:45
6594,275,45,22,275/45 R22,false,2026-07-14T06:10:45
660,205,65,16,205/65 R16,false,2026-07-14T06:10:45
6604,205,70,15,205/70 R15,false,2026-07-14T06:10:45
6621,215,65,16,215/65 R16,false,2026-07-14T06:10:45
6648,215,60,17,215/60 R17,false,2026-07-14T06:10:45
667,215,55,16,215/55 R16,false,2026-07-14T06:10:45
6690,225,65,17,225/65 R17,false,2026-07-14T06:10:45
6694,265,60,18,265/60 R18,false,2026-07-14T06:10:45
6696,275,60,17,275/60 R17,false,2026-07-14T06:10:45
6697,285,40,22,285/40 R22,false,2026-07-14T06:10:45
6699,285,50,20,285/50 R20,false,2026-07-14T06:10:45
6700,305,40,22,305/40 R22,false,2026-07-14T06:10:45
6702,265,50,20,265/50 R20,false,2026-07-14T06:10:45
6703,265,60,18,265/60 R18,false,2026-07-14T06:10:45
6704,215,60,17,215/60 R17,false,2026-07-14T06:10:45
6705,225,60,17,225/60 R17,false,2026-07-14T06:10:45
6706,225,65,17,225/65 R17,false,2026-07-14T06:10:45
6707,235,55,18,235/55 R18,false,2026-07-14T06:10:45
6708,235,55,19,235/55 R19,false,2026-07-14T06:10:45
6709,235,65,17,235/65 R17,false,2026-07-14T06:10:45
671,215,60,16,215/60 R16,false,2026-07-14T06:10:45
6710,265,50,20,265/50 R20,false,2026-07-14T06:10:45
6718,195,50,15,195/50 R15,false,2026-07-14T06:10:45
6719,195,55,15,195/55 R15,false,2026-07-14T06:10:45
6720,215,45,17,215/45 R17,false,2026-07-14T06:10:45
6721,235,35,19,235/35 R19,false,2026-07-14T06:10:45
6722,225,45,18,225/45 R18,false,2026-07-14T06:10:45
6723,245,35,20,245/35 R20,false,2026-07-14T06:10:45
6724,265,30,19,265/30 R19,false,2026-07-14T06:10:45
6725,205,45,17,205/45 R17,false,2026-07-14T06:10:45
6726,205,65,16,205/65 R16,false,2026-07-14T06:10:45
6727,215,45,17,215/45 R17,false,2026-07-14T06:10:45
6728,215,55,17,215/55 R17,false,2026-07-14T06:10:45
6729,225,55,17,225/55 R17,false,2026-07-14T06:10:45
673,215,60,16,215/60 R16,false,2026-07-14T06:10:45
6730,265,50,20,265/50 R20,false,2026-07-14T06:10:45
6731,265,60,18,265/60 R18,false,2026-07-14T06:10:45
6733,265,70,17,265/70 R17,false,2026-07-14T06:10:45
6735,285,45,22,285/45 R22,false,2026-07-14T06:10:45
6736,285,50,20,285/50 R20,false,2026-07-14T06:10:45
6737,285,60,18,285/60 R18,false,2026-07-14T06:10:45
6738,285,70,17,285/70 R17,false,2026-07-14T06:10:45
6749,215,70,15,215/70 R15,false,2026-07-14T06:10:45
675,215,60,16,215/60 R16,false,2026-07-14T06:10:45
6751,225,70,15,225/70 R15,false,2026-07-14T06:10:45
6752,265,60,18,265/60 R18,false,2026-07-14T06:10:45
6753,265,65,17,265/65 R17,false,2026-07-14T06:10:45
6754,265,70,16,265/70 R16,false,2026-07-14T06:10:45
6755,265,70,17,265/70 R17,false,2026-07-14T06:10:45
6756,275,65,17,275/65 R17,false,2026-07-14T06:10:45
6804,205,50,15,205/50 R15,false,2026-07-14T06:10:45
6805,205,50,15,205/50 R15,false,2026-07-14T06:10:45
6806,215,45,17,215/45 R17,false,2026-07-14T06:10:45
6807,225,40,18,225/40 R18,false,2026-07-14T06:10:45
6808,225,45,17,225/45 R17,false,2026-07-14T06:10:45
6809,235,35,19,235/35 R19,false,2026-07-14T06:10:45
6810,235,40,17,235/40 R17,false,2026-07-14T06:10:45
6811,235,40,18,235/40 R18,false,2026-07-14T06:10:45
6812,245,40,18,245/40 R18,false,2026-07-14T06:10:45
6813,245,45,17,245/45 R17,false,2026-07-14T06:10:45
6814,255,40,20,255/40 R20,false,2026-07-14T06:10:45
6815,265,40,18,265/40 R18,false,2026-07-14T06:10:45
6816,275,35,18,275/35 R18,false,2026-07-14T06:10:45
6817,305,30,19,305/30 R19,false,2026-07-14T06:10:45
6818,205,50,15,205/50 R15,false,2026-07-14T06:10:45
6819,235,40,18,235/40 R18,false,2026-07-14T06:10:45
6820,245,35,19,245/35 R19,false,2026-07-14T06:10:45
6821,245,40,18,245/40 R18,false,2026-07-14T06:10:45
6822,275,35,20,275/35 R20,false,2026-07-14T06:10:45
6823,165,65,14,165/65 R14,false,2026-07-14T06:10:45
6824,175,65,14,175/65 R14,false,2026-07-14T06:10:45
6825,175,65,15,175/65 R15,false,2026-07-14T06:10:45
6826,185,55,16,185/55 R16,false,2026-07-14T06:10:45
6827,185,65,14,185/65 R14,false,2026-07-14T06:10:45
6829,195,50,15,195/50 R15,false,2026-07-14T06:10:45
6830,195,55,15,195/55 R15,false,2026-07-14T06:10:45
6831,195,65,15,195/65 R15,false,2026-07-14T06:10:45
6832,205,45,16,205/45 R16,false,2026-07-14T06:10:45
6833,205,45,17,205/45 R17,false,2026-07-14T06:10:45
6834,205,55,16,205/55 R16,false,2026-07-14T06:10:45
6835,205,65,15,205/65 R15,false,2026-07-14T06:10:45
6836,215,45,17,215/45 R17,false,2026-07-14T06:10:45
6837,215,55,17,215/55 R17,false,2026-07-14T06:10:45
6838,215,60,16,215/60 R16,false,2026-07-14T06:10:45
6839,225,45,18,225/45 R18,false,2026-07-14T06:10:45
684,215,65,16,215/65 R16,false,2026-07-14T06:10:45
6840,235,40,18,235/40 R18,false,2026-07-14T06:10:45
6841,235,50,18,235/50 R18,false,2026-07-14T06:10:45
6842,245,45,18,245/45 R18,false,2026-07-14T06:10:45
6843,255,35,18,255/35 R18,false,2026-07-14T06:10:45
6844,225,65,17,225/65 R17,false,2026-07-14T06:10:45
6845,235,65,17,235/65 R17,false,2026-07-14T06:10:45
6846,205,55,17,205/55 R17,false,2026-07-14T06:10:45
6848,245,40,19,245/40 R19,false,2026-07-14T06:10:45
6856,205,65,15,205/65 R15,false,2026-07-14T06:10:45
686,215,65,16,215/65 R16,false,2026-07-14T06:10:45
689,215,70,16,215/70 R16,false,2026-07-14T06:10:45
694,215,70,16,215/70 R16,false,2026-07-14T06:10:45
6975,195,70,14,195/70 R14,false,2026-07-14T06:10:45
6976,185,65,14,185/65 R14,false,2026-07-14T06:10:45
6979,185,60,15,185/60 R15,false,2026-07-14T06:10:45
6980,185,55,15,185/55 R15,false,2026-07-14T06:10:45
6981,175,65,15,175/65 R15,false,2026-07-14T06:10:45
6982,205,70,15,205/70 R15,false,2026-07-14T06:10:45
6983,205,65,15,205/65 R15,false,2026-07-14T06:10:45
6984,195,65,15,195/65 R15,false,2026-07-14T06:10:45
6985,195,60,15,195/60 R15,false,2026-07-14T06:10:45
6986,235,70,15,235/70 R15,false,2026-07-14T06:10:45
6987,215,70,15,215/70 R15,false,2026-07-14T06:10:45
6988,205,60,16,205/60 R16,false,2026-07-14T06:10:45
6989,205,55,16,205/55 R16,false,2026-07-14T06:10:45
6990,195,50,16,195/50 R16,false,2026-07-14T06:10:45
6991,235,75,15,235/75 R15,false,2026-07-14T06:10:45
6992,215,60,16,215/60 R16,false,2026-07-14T06:10:45
6993,205,50,17,205/50 R17,false,2026-07-14T06:10:45
6994,225,60,17,225/60 R17,false,2026-07-14T06:10:45
6995,225,50,17,225/50 R17,false,2026-07-14T06:10:45
6996,225,45,17,225/45 R17,false,2026-07-14T06:10:45
6997,225,45,18,225/45 R18,false,2026-07-14T06:10:45
6998,225,40,18,225/40 R18,false,2026-07-14T06:10:45
6999,235,40,18,235/40 R18,false,2026-07-14T06:10:45
7106,245,40,17,245/40 R17,false,2026-07-14T06:10:45
7172,255,40,19,255/40 R19,false,2026-07-14T06:10:45
7198,195,60,16,195/60 R16,false,2026-07-14T06:10:45
7203,235,60,18,235/60 R18,false,2026-07-14T06:10:45
7204,265,75,16,265/75 R16,false,2026-07-14T06:10:45
7209,295,55,20,295/55 R20,false,2026-07-14T06:10:45
7214,285,55,20,285/55 R20,false,2026-07-14T06:10:45
7217,295,75,16,295/75 R16,false,2026-07-14T06:10:45
7222,235,40,18,235/40 R18,false,2026-07-14T06:10:45
724,235,85,16,235/85 R16,false,2026-07-14T06:10:45
7294,235,45,19,235/45 R19,false,2026-07-14T06:10:45
7295,235,70,15,235/70 R15,false,2026-07-14T06:10:45
7297,225,45,17,225/45 R17,false,2026-07-14T06:10:45
7298,225,40,18,225/40 R18,false,2026-07-14T06:10:45
7299,225,70,15,225/70 R15,false,2026-07-14T06:10:45
7306,215,45,17,215/45 R17,false,2026-07-14T06:10:45
7308,225,45,18,225/45 R18,false,2026-07-14T06:10:45
7309,225,45,18,225/45 R18,false,2026-07-14T06:10:45
7313,225,60,18,225/60 R18,false,2026-07-14T06:10:45
7315,225,65,17,225/65 R17,false,2026-07-14T06:10:45
7316,235,40,19,235/40 R19,false,2026-07-14T06:10:45
7318,235,60,18,235/60 R18,false,2026-07-14T06:10:45
7319,235,65,16,235/65 R16,false,2026-07-14T06:10:45
732,245,70,16,245/70 R16,false,2026-07-14T06:10:45
7320,235,65,17,235/65 R17,false,2026-07-14T06:10:45
7321,245,35,18,245/35 R18,false,2026-07-14T06:10:45
7322,245,40,19,245/40 R19,false,2026-07-14T06:10:45
7323,245,45,20,245/45 R20,false,2026-07-14T06:10:45
7324,245,65,17,245/65 R17,false,2026-07-14T06:10:45
7325,245,70,16,245/70 R16,false,2026-07-14T06:10:45
7329,255,55,19,255/55 R19,false,2026-07-14T06:10:45
7330,265,35,18,265/35 R18,false,2026-07-14T06:10:45
7331,265,60,18,265/60 R18,false,2026-07-14T06:10:45
7333,265,65,17,265/65 R17,false,2026-07-14T06:10:45
7334,265,70,15,265/70 R15,false,2026-07-14T06:10:45
7335,265,70,16,265/70 R16,false,2026-07-14T06:10:45
7336,275,35,19,275/35 R19,false,2026-07-14T06:10:45
7338,285,60,18,285/60 R18,false,2026-07-14T06:10:45
7339,285,60,18,285/60 R18,false,2026-07-14T06:10:45
7340,285,65,17,285/65 R17,false,2026-07-14T06:10:45
7341,175,65,14,175/65 R14,false,2026-07-14T06:10:45
7342,175,70,14,175/70 R14,false,2026-07-14T06:10:45
7343,185,55,16,185/55 R16,false,2026-07-14T06:10:45
7344,185,65,15,185/65 R15,false,2026-07-14T06:10:45
7346,215,50,17,215/50 R17,false,2026-07-14T06:10:45
7347,215,55,16,215/55 R16,false,2026-07-14T06:10:45
7348,215,55,17,215/55 R17,false,2026-07-14T06:10:45
7349,225,55,17,225/55 R17,false,2026-07-14T06:10:45
735,245,75,16,245/75 R16,false,2026-07-14T06:10:45
7350,225,55,18,225/55 R18,false,2026-07-14T06:10:45
7351,285,60,18,285/60 R18,false,2026-07-14T06:10:45
7361,245,45,20,245/45 R20,false,2026-07-14T06:10:45
7366,205,50,15,205/50 R15,false,2026-07-14T06:10:45
7377,245,35,19,245/35 R19,false,2026-07-14T06:10:45
7380,285,45,22,285/45 R22,false,2026-07-14T06:10:45
7381,195,45,15,195/45 R15,false,2026-07-14T06:10:45
7384,255,45,20,255/45 R20,false,2026-07-14T06:10:45
7388,225,45,18,225/45 R18,false,2026-07-14T06:10:45
739,255,65,16,255/65 R16,false,2026-07-14T06:10:45
7390,285,55,20,285/55 R20,false,2026-07-14T06:10:45
7392,285,70,17,285/70 R17,false,2026-07-14T06:10:45
7394,285,65,18,285/65 R18,false,2026-07-14T06:10:45
7395,31,,15,,false,2026-07-14T06:10:45
7397,31,,15,,false,2026-07-14T06:10:45
7399,235,60,18,235/60 R18,false,2026-07-14T06:10:45
7402,235,60,17,235/60 R17,false,2026-07-14T06:10:45
7403,215,70,16,215/70 R16,false,2026-07-14T06:10:45
7406,185,,14,,false,2026-07-14T06:10:45
7407,195,,14,,false,2026-07-14T06:10:45
7408,195,,15,,false,2026-07-14T06:10:45
7409,205,70,15,205/70 R15,false,2026-07-14T06:10:45
7410,215,70,15,215/70 R15,false,2026-07-14T06:10:45
7411,225,70,15,225/70 R15,false,2026-07-14T06:10:45
7412,235,65,16,235/65 R16,false,2026-07-14T06:10:45
7414,245,45,18,245/45 R18,false,2026-07-14T06:10:45
7415,275,40,18,275/40 R18,false,2026-07-14T06:10:45
7416,255,40,19,255/40 R19,false,2026-07-14T06:10:45
7420,175,65,14,175/65 R14,false,2026-07-14T06:10:45
7421,205,55,16,205/55 R16,false,2026-07-14T06:10:45
7422,235,70,15,235/70 R15,false,2026-07-14T06:10:45
7430,185,,14,,false,2026-07-14T06:10:45
7432,205,40,17,205/40 R17,false,2026-07-14T06:10:45
7434,305,40,20,305/40 R20,false,2026-07-14T06:10:45
7441,265,60,18,265/60 R18,false,2026-07-14T06:10:45
745,265,70,16,265/70 R16,false,2026-07-14T06:10:45
7454,195,55,16,195/55 R16,false,2026-07-14T06:10:45
7457,185,60,16,185/60 R16,false,2026-07-14T06:10:45
7458,205,60,16,205/60 R16,false,2026-07-14T06:10:45
7459,215,60,16,215/60 R16,false,2026-07-14T06:10:45
7460,215,65,16,215/65 R16,false,2026-07-14T06:10:45
7461,215,40,17,215/40 R17,false,2026-07-14T06:10:45
7464,235,45,17,235/45 R17,false,2026-07-14T06:10:45
7465,205,50,17,205/50 R17,false,2026-07-14T06:10:45
7466,215,50,17,215/50 R17,false,2026-07-14T06:10:45
7467,225,50,17,225/50 R17,false,2026-07-14T06:10:45
7468,215,55,17,215/55 R17,false,2026-07-14T06:10:45
7470,225,55,17,225/55 R17,false,2026-07-14T06:10:45
7471,215,60,17,215/60 R17,false,2026-07-14T06:10:45
7472,265,35,18,265/35 R18,false,2026-07-14T06:10:45
7475,225,40,18,225/40 R18,false,2026-07-14T06:10:45
7480,215,45,18,215/45 R18,false,2026-07-14T06:10:45
7481,215,45,18,215/45 R18,false,2026-07-14T06:10:45
7486,225,50,18,225/50 R18,false,2026-07-14T06:10:45
7509,175,,13,,false,2026-07-14T06:10:45
7511,,75,15,,false,2026-07-14T06:10:45
7519,,75,16,,false,2026-07-14T06:10:45
752,265,70,16,265/70 R16,false,2026-07-14T06:10:45
7521,,75,16,,false,2026-07-14T06:10:45
7523,185,85,16,185/85 R16,false,2026-07-14T06:10:45
7524,215,60,17,215/60 R17,false,2026-07-14T06:10:45
7527,,65,17,,false,2026-07-14T06:10:45
7528,,70,17,,false,2026-07-14T06:10:45
7529,,70,17,,false,2026-07-14T06:10:45
7535,215,55,18,215/55 R18,false,2026-07-14T06:10:45
7536,,65,18,,false,2026-07-14T06:10:45
7537,225,55,19,225/55 R19,false,2026-07-14T06:10:45
7538,265,55,19,265/55 R19,false,2026-07-14T06:10:45
7539,255,50,20,255/50 R20,false,2026-07-14T06:10:45
7541,,55,20,,false,2026-07-14T06:10:45
755,265,75,16,265/75 R16,false,2026-07-14T06:10:45
757,265,75,16,265/75 R16,false,2026-07-14T06:10:45
7575,285,50,20,285/50 R20,false,2026-07-14T06:10:45
7583,235,60,17,235/60 R17,false,2026-07-14T06:10:45
7586,275,45,20,275/45 R20,false,2026-07-14T06:10:45
7589,195,,15,,false,2026-07-14T06:10:45
7595,225,55,19,225/55 R19,false,2026-07-14T06:10:45
7596,215,45,17,215/45 R17,false,2026-07-14T06:10:45
7597,225,60,18,225/60 R18,false,2026-07-14T06:10:45
7598,235,55,19,235/55 R19,false,2026-07-14T06:10:45
7602,285,50,20,285/50 R20,false,2026-07-14T06:10:45
7603,265,60,18,265/60 R18,false,2026-07-14T06:10:45
7604,215,45,18,215/45 R18,false,2026-07-14T06:10:45
763,275,70,16,275/70 R16,false,2026-07-14T06:10:45
765,285,75,16,285/75 R16,false,2026-07-14T06:10:45
766,205,40,17,205/40 R17,false,2026-07-14T06:10:45
7667,195,55,16,195/55 R16,false,2026-07-14T06:10:45
7670,235,75,15,235/75 R15,false,2026-07-14T06:10:45
7671,245,70,16,245/70 R16,false,2026-07-14T06:10:45
7672,265,65,17,265/65 R17,false,2026-07-14T06:10:45
7680,285,30,22,285/30 R22,false,2026-07-14T06:10:45
7682,225,55,18,225/55 R18,false,2026-07-14T06:10:45
7685,235,55,19,235/55 R19,false,2026-07-14T06:10:45
779,205,50,17,205/50 R17,false,2026-07-14T06:10:45
790,215,45,17,215/45 R17,false,2026-07-14T06:10:45
795,215,50,17,215/50 R17,false,2026-07-14T06:10:45
801,215,55,17,215/55 R17,false,2026-07-14T06:10:45
813,215,60,17,215/60 R17,false,2026-07-14T06:10:45
8178,265,65,17,265/65 R17,false,2026-07-14T06:10:45
8179,265,60,18,265/60 R18,false,2026-07-14T06:10:45
8180,265,70,16,265/70 R16,false,2026-07-14T06:10:45
8218,165,80,13,165/80 R13,false,2026-07-14T06:10:45
8234,185,65,14,185/65 R14,false,2026-07-14T06:10:45
8238,185,70,14,185/70 R14,false,2026-07-14T06:10:45
8239,195,70,14,195/70 R14,false,2026-07-14T06:10:45
8242,175,65,15,175/65 R15,false,2026-07-14T06:10:45
8243,185,55,15,185/55 R15,false,2026-07-14T06:10:45
8244,185,60,15,185/60 R15,false,2026-07-14T06:10:45
8245,185,55,16,185/55 R16,false,2026-07-14T06:10:45
8248,185,65,15,185/65 R15,false,2026-07-14T06:10:45
8249,195,50,15,195/50 R15,false,2026-07-14T06:10:45
8252,195,60,15,195/60 R15,false,2026-07-14T06:10:45
8255,195,65,15,195/65 R15,false,2026-07-14T06:10:45
8257,205,65,15,205/65 R15,false,2026-07-14T06:10:45
8260,205,45,16,205/45 R16,false,2026-07-14T06:10:45
8262,205,55,16,205/55 R16,false,2026-07-14T06:10:45
8264,205,60,16,205/60 R16,false,2026-07-14T06:10:45
8265,215,55,16,215/55 R16,false,2026-07-14T06:10:45
8291,215,70,16,215/70 R16,false,2026-07-14T06:10:45
8295,245,70,16,245/70 R16,false,2026-07-14T06:10:45
830,225,45,17,225/45 R17,false,2026-07-14T06:10:45
8300,225,60,17,225/60 R17,false,2026-07-14T06:10:45
8304,265,65,17,265/65 R17,false,2026-07-14T06:10:45
8306,265,65,17,265/65 R17,false,2026-07-14T06:10:45
832,225,45,17,225/45 R17,false,2026-07-14T06:10:45
8327,195,,14,,false,2026-07-14T06:10:45
8391,245,45,19,245/45 R19,false,2026-07-14T06:10:45
8393,285,45,22,285/45 R22,false,2026-07-14T06:10:45
8399,285,65,18,285/65 R18,false,2026-07-14T06:10:45
8407,235,35,19,235/35 R19,false,2026-07-14T06:10:45
8408,235,50,18,235/50 R18,false,2026-07-14T06:10:45
8409,235,60,17,235/60 R17,false,2026-07-14T06:10:45
841,225,50,17,225/50 R17,false,2026-07-14T06:10:45
8410,255,35,20,255/35 R20,false,2026-07-14T06:10:45
8411,275,65,18,275/65 R18,false,2026-07-14T06:10:45
8412,285,45,22,285/45 R22,false,2026-07-14T06:10:45
8421,235,60,17,235/60 R17,false,2026-07-14T06:10:45
8422,245,55,19,245/55 R19,false,2026-07-14T06:10:45
8423,255,50,19,255/50 R19,false,2026-07-14T06:10:45
8425,225,70,15,225/70 R15,false,2026-07-14T06:10:45
8427,245,50,19,245/50 R19,false,2026-07-14T06:10:45
8430,205,80,16,205/80 R16,false,2026-07-14T06:10:45
8436,195,,15,,false,2026-07-14T06:10:45
8437,205,70,15,205/70 R15,false,2026-07-14T06:10:45
8438,225,70,15,225/70 R15,false,2026-07-14T06:10:45
844,225,55,17,225/55 R17,false,2026-07-14T06:10:45
8441,215,70,16,215/70 R16,false,2026-07-14T06:10:45
8494,275,45,20,275/45 R20,false,2026-07-14T06:10:45
8499,225,45,18,225/45 R18,false,2026-07-14T06:10:45
8501,315,40,21,315/40 R21,false,2026-07-14T06:10:45
8502,235,45,19,235/45 R19,false,2026-07-14T06:10:45
8503,225,40,18,225/40 R18,false,2026-07-14T06:10:45
8509,205,65,16,205/65 R16,false,2026-07-14T06:10:45
8511,235,75,15,235/75 R15,false,2026-07-14T06:10:45
8522,235,45,18,235/45 R18,false,2026-07-14T06:10:45
8524,245,70,16,245/70 R16,false,2026-07-14T06:10:45
8526,235,50,21,235/50 R21,false,2026-07-14T06:10:45
8528,165,65,14,165/65 R14,false,2026-07-14T06:10:45
8530,245,60,18,245/60 R18,false,2026-07-14T06:10:45
8531,265,50,19,265/50 R19,false,2026-07-14T06:10:45
8533,235,70,16,235/70 R16,false,2026-07-14T06:10:45
8534,305,35,24,305/35 R24,false,2026-07-14T06:10:45
8535,305,45,22,305/45 R22,false,2026-07-14T06:10:45
8536,305,40,22,305/40 R22,false,2026-07-14T06:10:45
8537,285,45,22,285/45 R22,false,2026-07-14T06:10:45
8539,265,40,22,265/40 R22,false,2026-07-14T06:10:45
8542,285,50,20,285/50 R20,false,2026-07-14T06:10:45
8544,285,50,20,285/50 R20,false,2026-07-14T06:10:45
8545,275,60,20,275/60 R20,false,2026-07-14T06:10:45
8546,275,55,20,275/55 R20,false,2026-07-14T06:10:45
8547,275,55,20,275/55 R20,false,2026-07-14T06:10:45
8548,275,55,20,275/55 R20,false,2026-07-14T06:10:45
8549,275,45,20,275/45 R20,false,2026-07-14T06:10:45
8553,265,50,20,265/50 R20,false,2026-07-14T06:10:45
8558,255,55,20,255/55 R20,false,2026-07-14T06:10:45
8566,235,35,19,235/35 R19,false,2026-07-14T06:10:45
8568,225,55,19,225/55 R19,false,2026-07-14T06:10:45
8575,285,60,18,285/60 R18,false,2026-07-14T06:10:45
8579,265,60,18,265/60 R18,false,2026-07-14T06:10:45
8580,255,60,18,255/60 R18,false,2026-07-14T06:10:45
8581,255,55,18,255/55 R18,false,2026-07-14T06:10:45
8583,235,60,18,235/60 R18,false,2026-07-14T06:10:45
8584,225,60,18,225/60 R18,false,2026-07-14T06:10:45
8585,245,50,18,245/50 R18,false,2026-07-14T06:10:45
8589,235,55,18,235/55 R18,false,2026-07-14T06:10:45
859,225,65,17,225/65 R17,false,2026-07-14T06:10:45
8596,225,55,18,225/55 R18,false,2026-07-14T06:10:45
8599,225,50,18,225/50 R18,false,2026-07-14T06:10:45
8600,225,45,18,225/45 R18,false,2026-07-14T06:10:45
8614,265,70,17,265/70 R17,false,2026-07-14T06:10:45
8618,265,65,17,265/65 R17,false,2026-07-14T06:10:45
8619,255,65,17,255/65 R17,false,2026-07-14T06:10:45
8620,245,65,17,245/65 R17,false,2026-07-14T06:10:45
8623,235,65,17,235/65 R17,false,2026-07-14T06:10:45
8624,235,65,17,235/65 R17,false,2026-07-14T06:10:45
8625,235,60,17,235/60 R17,false,2026-07-14T06:10:45
8626,225,65,17,225/65 R17,false,2026-07-14T06:10:45
8627,215,65,17,215/65 R17,false,2026-07-14T06:10:45
8628,235,55,17,235/55 R17,false,2026-07-14T06:10:45
863,225,65,17,225/65 R17,false,2026-07-14T06:10:45
8631,225,55,17,225/55 R17,false,2026-07-14T06:10:45
8633,225,50,17,225/50 R17,false,2026-07-14T06:10:45
8635,225,50,17,225/50 R17,false,2026-07-14T06:10:45
8636,225,45,17,225/45 R17,false,2026-07-14T06:10:45
8638,215,60,17,215/60 R17,false,2026-07-14T06:10:45
8639,215,55,17,215/55 R17,false,2026-07-14T06:10:45
864,225,65,17,225/65 R17,false,2026-07-14T06:10:45
8641,215,50,17,215/50 R17,false,2026-07-14T06:10:45
8642,205,55,17,205/55 R17,false,2026-07-14T06:10:45
8643,205,50,17,205/50 R17,false,2026-07-14T06:10:45
865,225,70,17,225/70 R17,false,2026-07-14T06:10:45
8663,275,70,16,275/70 R16,false,2026-07-14T06:10:45
8665,265,70,16,265/70 R16,false,2026-07-14T06:10:45
8666,255,70,16,255/70 R16,false,2026-07-14T06:10:45
8668,245,70,16,245/70 R16,false,2026-07-14T06:10:45
8670,235,60,16,235/60 R16,false,2026-07-14T06:10:45
8671,225,70,16,225/70 R16,false,2026-07-14T06:10:45
8672,215,70,16,215/70 R16,false,2026-07-14T06:10:45
8674,215,70,16,215/70 R16,false,2026-07-14T06:10:45
8676,215,65,16,215/65 R16,false,2026-07-14T06:10:45
8678,215,60,16,215/60 R16,false,2026-07-14T06:10:45
8679,215,55,16,215/55 R16,false,2026-07-14T06:10:45
8681,205,65,16,205/65 R16,false,2026-07-14T06:10:45
8682,205,60,16,205/60 R16,false,2026-07-14T06:10:45
8683,205,55,16,205/55 R16,false,2026-07-14T06:10:45
8687,205,50,16,205/50 R16,false,2026-07-14T06:10:45
8688,205,45,16,205/45 R16,false,2026-07-14T06:10:45
8689,195,60,16,195/60 R16,false,2026-07-14T06:10:45
8692,195,45,16,195/45 R16,false,2026-07-14T06:10:45
8693,185,55,16,185/55 R16,false,2026-07-14T06:10:45
8706,265,70,15,265/70 R15,false,2026-07-14T06:10:45
8707,265,70,15,265/70 R15,false,2026-07-14T06:10:45
8709,235,75,15,235/75 R15,false,2026-07-14T06:10:45
8714,225,70,15,225/70 R15,false,2026-07-14T06:10:45
8716,215,75,15,215/75 R15,false,2026-07-14T06:10:45
8718,215,70,15,215/70 R15,false,2026-07-14T06:10:45
8722,205,70,15,205/70 R15,false,2026-07-14T06:10:45
8723,215,65,15,215/65 R15,false,2026-07-14T06:10:45
8726,205,65,15,205/65 R15,false,2026-07-14T06:10:45
8727,205,60,15,205/60 R15,false,2026-07-14T06:10:45
8728,195,65,15,195/65 R15,false,2026-07-14T06:10:45
8729,195,60,15,195/60 R15,false,2026-07-14T06:10:45
873,235,45,17,235/45 R17,false,2026-07-14T06:10:45
8730,195,55,15,195/55 R15,false,2026-07-14T06:10:45
8731,195,55,15,195/55 R15,false,2026-07-14T06:10:45
8733,195,50,15,195/50 R15,false,2026-07-14T06:10:45
8734,195,45,15,195/45 R15,false,2026-07-14T06:10:45
8735,185,65,15,185/65 R15,false,2026-07-14T06:10:45
8736,185,60,15,185/60 R15,false,2026-07-14T06:10:45
8737,175,65,15,175/65 R15,false,2026-07-14T06:10:45
8738,175,55,15,175/55 R15,false,2026-07-14T06:10:45
8739,175,50,15,175/50 R15,false,2026-07-14T06:10:45
8741,195,70,14,195/70 R14,false,2026-07-14T06:10:45
8742,195,60,14,195/60 R14,false,2026-07-14T06:10:45
8744,185,65,14,185/65 R14,false,2026-07-14T06:10:45
8745,185,60,14,185/60 R14,false,2026-07-14T06:10:45
8748,175,65,14,175/65 R14,false,2026-07-14T06:10:45
8749,165,70,14,165/70 R14,false,2026-07-14T06:10:45
8750,165,65,14,165/65 R14,false,2026-07-14T06:10:45
8751,165,60,14,165/60 R14,false,2026-07-14T06:10:45
8752,205,60,13,205/60 R13,false,2026-07-14T06:10:45
8753,185,70,13,185/70 R13,false,2026-07-14T06:10:45
8754,175,70,13,175/70 R13,false,2026-07-14T06:10:45
8755,175,60,13,175/60 R13,false,2026-07-14T06:10:45
8756,165,80,13,165/80 R13,false,2026-07-14T06:10:45
8758,165,65,13,165/65 R13,false,2026-07-14T06:10:45
8759,155,80,13,155/80 R13,false,2026-07-14T06:10:45
8760,155,70,13,155/70 R13,false,2026-07-14T06:10:45
8761,155,65,13,155/65 R13,false,2026-07-14T06:10:45
8771,175,,14,,false,2026-07-14T06:10:45
8779,225,40,18,225/40 R18,false,2026-07-14T06:10:45
8783,205,45,16,205/45 R16,false,2026-07-14T06:10:45
8784,205,50,15,205/50 R15,false,2026-07-14T06:10:45
8785,195,55,15,195/55 R15,false,2026-07-14T06:10:45
8786,195,50,15,195/50 R15,false,2026-07-14T06:10:45
8787,255,50,20,255/50 R20,false,2026-07-14T06:10:45
8788,205,70,15,205/70 R15,false,2026-07-14T06:10:45
8789,235,50,18,235/50 R18,false,2026-07-14T06:10:45
8790,275,40,20,275/40 R20,false,2026-07-14T06:10:45
8791,295,35,21,295/35 R21,false,2026-07-14T06:10:45
8804,235,65,16,235/65 R16,false,2026-07-14T06:10:45
8815,265,65,17,265/65 R17,false,2026-07-14T06:10:45
8913,235,50,18,235/50 R18,false,2026-07-14T06:10:45
8916,275,35,19,275/35 R19,false,2026-07-14T06:10:45
8921,265,50,20,265/50 R20,false,2026-07-14T06:10:45
8927,205,75,15,205/75 R15,false,2026-07-14T06:10:45
8928,225,70,15,225/70 R15,false,2026-07-14T06:10:45
8929,235,70,15,235/70 R15,false,2026-07-14T06:10:45
8945,235,65,16,235/65 R16,false,2026-07-14T06:10:45
8959,275,70,16,275/70 R16,false,2026-07-14T06:10:45
8966,235,60,17,235/60 R17,false,2026-07-14T06:10:45
8969,245,65,17,245/65 R17,false,2026-07-14T06:10:45
8981,225,60,18,225/60 R18,false,2026-07-14T06:10:45
8984,255,60,18,255/60 R18,false,2026-07-14T06:10:45
8988,285,60,18,285/60 R18,false,2026-07-14T06:10:45
8991,275,60,20,275/60 R20,false,2026-07-14T06:10:45
8998,175,55,15,175/55 R15,false,2026-07-14T06:10:45
9004,195,55,15,195/55 R15,false,2026-07-14T06:10:45
9010,185,55,16,185/55 R16,false,2026-07-14T06:10:45
9011,195,50,16,195/50 R16,false,2026-07-14T06:10:45
9016,205,65,16,205/65 R16,false,2026-07-14T06:10:45
9019,215,60,16,215/60 R16,false,2026-07-14T06:10:45
9020,215,45,17,215/45 R17,false,2026-07-14T06:10:45
9021,215,55,17,215/55 R17,false,2026-07-14T06:10:45
9023,225,45,17,225/45 R17,false,2026-07-14T06:10:45
9025,225,55,17,225/55 R17,false,2026-07-14T06:10:45
9032,225,45,18,225/45 R18,false,2026-07-14T06:10:45
9033,235,45,18,235/45 R18,false,2026-07-14T06:10:45
9035,235,50,18,235/50 R18,false,2026-07-14T06:10:45
9044,265,70,16,265/70 R16,false,2026-07-14T06:10:45
9048,235,65,17,235/65 R17,false,2026-07-14T06:10:45
9050,235,55,20,235/55 R20,false,2026-07-14T06:10:45
9051,265,55,19,265/55 R19,false,2026-07-14T06:10:45
9060,245,40,19,245/40 R19,false,2026-07-14T06:10:45
9080,245,40,20,245/40 R20,false,2026-07-14T06:10:45
9081,255,35,21,255/35 R21,false,2026-07-14T06:10:45
9100,225,40,18,225/40 R18,false,2026-07-14T06:10:45
9101,225,45,15,225/45 R15,false,2026-07-14T06:10:45
9103,235,40,18,235/40 R18,false,2026-07-14T06:10:45
9105,275,35,15,275/35 R15,false,2026-07-14T06:10:45
9106,285,35,20,285/35 R20,false,2026-07-14T06:10:45
9107,305,30,20,305/30 R20,false,2026-07-14T06:10:45
9109,315,30,18,315/30 R18,false,2026-07-14T06:10:45
9110,195,40,17,195/40 R17,false,2026-07-14T06:10:45
9111,205,55,17,205/55 R17,false,2026-07-14T06:10:45
9114,225,55,18,225/55 R18,false,2026-07-14T06:10:45
9115,235,60,17,235/60 R17,false,2026-07-14T06:10:45
9116,235,60,18,235/60 R18,false,2026-07-14T06:10:45
9117,265,65,18,265/65 R18,false,2026-07-14T06:10:45
9119,275,65,18,275/65 R18,false,2026-07-14T06:10:45
912,255,65,17,255/65 R17,false,2026-07-14T06:10:45
9124,215,60,17,215/60 R17,false,2026-07-14T06:10:45
9125,205,70,15,205/70 R15,false,2026-07-14T06:10:45
913,255,65,17,255/65 R17,false,2026-07-14T06:10:45
9131,215,70,15,215/70 R15,false,2026-07-14T06:10:45
9136,245,70,16,245/70 R16,false,2026-07-14T06:10:45
9137,245,75,16,245/75 R16,false,2026-07-14T06:10:45
9138,265,75,16,265/75 R16,false,2026-07-14T06:10:45
9144,265,70,17,265/70 R17,false,2026-07-14T06:10:45
9145,275,65,18,275/65 R18,false,2026-07-14T06:10:45
9146,275,70,18,275/70 R18,false,2026-07-14T06:10:45
9147,285,70,17,285/70 R17,false,2026-07-14T06:10:45
9148,285,75,16,285/75 R16,false,2026-07-14T06:10:45
9156,265,75,16,265/75 R16,false,2026-07-14T06:10:45
9157,285,70,17,285/70 R17,false,2026-07-14T06:10:45
9162,175,60,13,175/60 R13,false,2026-07-14T06:10:45
9163,165,40,17,165/40 R17,false,2026-07-14T06:10:45
9164,225,50,16,225/50 R16,false,2026-07-14T06:10:45
9165,185,45,15,185/45 R15,false,2026-07-14T06:10:45
9166,185,55,15,185/55 R15,false,2026-07-14T06:10:45
9167,195,50,15,195/50 R15,false,2026-07-14T06:10:45
9168,195,50,16,195/50 R16,false,2026-07-14T06:10:45
9169,195,55,15,195/55 R15,false,2026-07-14T06:10:45
917,265,65,17,265/65 R17,false,2026-07-14T06:10:45
9171,205,45,16,205/45 R16,false,2026-07-14T06:10:45
9173,205,50,15,205/50 R15,false,2026-07-14T06:10:45
9174,215,35,19,215/35 R19,false,2026-07-14T06:10:45
9175,215,40,17,215/40 R17,false,2026-07-14T06:10:45
9177,225,30,20,225/30 R20,false,2026-07-14T06:10:45
9178,225,35,20,225/35 R20,false,2026-07-14T06:10:45
9179,225,45,17,225/45 R17,false,2026-07-14T06:10:45
9180,225,55,16,225/55 R16,false,2026-07-14T06:10:45
9181,235,40,18,235/40 R18,false,2026-07-14T06:10:45
9182,235,40,17,235/40 R17,false,2026-07-14T06:10:45
9183,245,30,20,245/30 R20,false,2026-07-14T06:10:45
9188,275,35,19,275/35 R19,false,2026-07-14T06:10:45
9189,275,40,17,275/40 R17,false,2026-07-14T06:10:45
9190,175,50,13,175/50 R13,false,2026-07-14T06:10:45
9191,195,50,15,195/50 R15,false,2026-07-14T06:10:45
9192,195,55,15,195/55 R15,false,2026-07-14T06:10:45
9193,205,45,16,205/45 R16,false,2026-07-14T06:10:45
9194,215,45,17,215/45 R17,false,2026-07-14T06:10:45
9198,265,35,18,265/35 R18,false,2026-07-14T06:10:45
9199,285,35,20,285/35 R20,false,2026-07-14T06:10:45
920,265,65,17,265/65 R17,false,2026-07-14T06:10:45
9200,265,60,18,265/60 R18,false,2026-07-14T06:10:45
9201,265,65,17,265/65 R17,false,2026-07-14T06:10:45
9202,265,70,16,265/70 R16,false,2026-07-14T06:10:45
9203,265,70,17,265/70 R17,false,2026-07-14T06:10:45
9204,265,75,16,265/75 R16,false,2026-07-14T06:10:45
9205,285,50,20,285/50 R20,false,2026-07-14T06:10:45
9206,285,70,17,285/70 R17,false,2026-07-14T06:10:45
9207,285,75,16,285/75 R16,false,2026-07-14T06:10:45
9218,215,55,18,215/55 R18,false,2026-07-14T06:10:45
9226,255,55,18,255/55 R18,false,2026-07-14T06:10:45
9229,275,55,20,275/55 R20,false,2026-07-14T06:10:45
9231,195,60,16,195/60 R16,false,2026-07-14T06:10:45
9243,265,50,20,265/50 R20,false,2026-07-14T06:10:45
9244,265,50,20,265/50 R20,false,2026-07-14T06:10:45
9245,265,50,20,265/50 R20,false,2026-07-14T06:10:45
9250,245,,20,,false,2026-07-14T06:10:45
9251,245,,20,,false,2026-07-14T06:10:45
9253,245,,19,,false,2026-07-14T06:10:45
9254,245,,19,,false,2026-07-14T06:10:45
9257,235,,19,,false,2026-07-14T06:10:45
926,265,70,17,265/70 R17,false,2026-07-14T06:10:45
9260,225,,19,,false,2026-07-14T06:10:45
9263,285,60,18,285/60 R18,false,2026-07-14T06:10:45
9264,285,60,18,285/60 R18,false,2026-07-14T06:10:45
9265,285,60,18,285/60 R18,false,2026-07-14T06:10:45
9266,265,65,18,265/65 R18,false,2026-07-14T06:10:45
9267,265,60,18,265/60 R18,false,2026-07-14T06:10:45
9268,265,60,18,265/60 R18,false,2026-07-14T06:10:45
9269,245,,18,,false,2026-07-14T06:10:45
9270,245,,18,,false,2026-07-14T06:10:45
9273,235,,18,,false,2026-07-14T06:10:45
9275,235,40,18,235/40 R18,false,2026-07-14T06:10:45
9276,235,,18,,false,2026-07-14T06:10:45
9277,225,,18,,false,2026-07-14T06:10:45
9278,225,,18,,false,2026-07-14T06:10:45
9279,215,,18,,false,2026-07-14T06:10:45
9281,225,,18,,false,2026-07-14T06:10:45
9283,215,,18,,false,2026-07-14T06:10:45
9284,215,,18,,false,2026-07-14T06:10:45
9285,285,70,17,285/70 R17,false,2026-07-14T06:10:45
9286,285,70,17,285/70 R17,false,2026-07-14T06:10:45
9287,265,70,17,265/70 R17,false,2026-07-14T06:10:45
9288,265,70,17,265/70 R17,false,2026-07-14T06:10:45
9289,265,70,17,265/70 R17,false,2026-07-14T06:10:45
9290,265,65,17,265/65 R17,false,2026-07-14T06:10:45
9291,265,65,17,265/65 R17,false,2026-07-14T06:10:45
9292,265,65,17,265/65 R17,false,2026-07-14T06:10:45
9293,235,75,17,235/75 R17,false,2026-07-14T06:10:45
9294,235,65,17,235/65 R17,false,2026-07-14T06:10:45
9296,215,,17,,false,2026-07-14T06:10:45
9299,215,,17,,false,2026-07-14T06:10:45
9301,205,,17,,false,2026-07-14T06:10:45
9302,205,80,16,205/80 R16,false,2026-07-14T06:10:45
9304,285,75,16,285/75 R16,false,2026-07-14T06:10:45
9305,285,75,16,285/75 R16,false,2026-07-14T06:10:45
9306,265,75,16,265/75 R16,false,2026-07-14T06:10:45
9307,265,75,16,265/75 R16,false,2026-07-14T06:10:45
9308,265,70,16,265/70 R16,false,2026-07-14T06:10:45
9309,245,75,16,245/75 R16,false,2026-07-14T06:10:45
931,275,65,17,275/65 R17,false,2026-07-14T06:10:45
9310,245,75,16,245/75 R16,false,2026-07-14T06:10:45
9311,245,70,16,245/70 R16,false,2026-07-14T06:10:45
9312,265,70,16,265/70 R16,false,2026-07-14T06:10:45
9313,235,65,16,235/65 R16,false,2026-07-14T06:10:45
9315,215,70,16,215/70 R16,false,2026-07-14T06:10:45
9316,215,65,16,215/65 R16,false,2026-07-14T06:10:45
9317,215,60,16,215/60 R16,false,2026-07-14T06:10:45
9318,205,65,16,205/65 R16,false,2026-07-14T06:10:45
9320,195,55,16,195/55 R16,false,2026-07-14T06:10:45
9321,195,50,16,195/50 R16,false,2026-07-14T06:10:45
9322,195,75,16,195/75 R16,false,2026-07-14T06:10:45
9323,195,70,15,195/70 R15,false,2026-07-14T06:10:45
9326,,,15,,false,2026-07-14T06:10:45
9327,,,15,,false,2026-07-14T06:10:45
9328,,,15,,false,2026-07-14T06:10:45
9333,235,75,15,235/75 R15,false,2026-07-14T06:10:45
9336,235,70,15,235/70 R15,false,2026-07-14T06:10:45
9337,225,70,15,225/70 R15,false,2026-07-14T06:10:45
9338,225,70,15,225/70 R15,false,2026-07-14T06:10:45
9339,215,75,15,215/75 R15,false,2026-07-14T06:10:45
9340,215,70,15,215/70 R15,false,2026-07-14T06:10:45
9341,205,70,15,205/70 R15,false,2026-07-14T06:10:45
9342,205,70,15,205/70 R15,false,2026-07-14T06:10:45
9343,205,70,15,205/70 R15,false,2026-07-14T06:10:45
9348,195,,15,,false,2026-07-14T06:10:45
9349,205,,14,,false,2026-07-14T06:10:45
9350,195,,14,,false,2026-07-14T06:10:45
9351,195,,14,,false,2026-07-14T06:10:45
9352,195,,14,,false,2026-07-14T06:10:45
9353,185,,14,,false,2026-07-14T06:10:45
9354,185,,14,,false,2026-07-14T06:10:45
9357,165,,14,,false,2026-07-14T06:10:45
9358,175,,13,,false,2026-07-14T06:10:45
9359,165,,13,,false,2026-07-14T06:10:45
9360,155,,12,,false,2026-07-14T06:10:45
9361,265,,18,,false,2026-07-14T06:10:45
9362,235,,18,,false,2026-07-14T06:10:45
9363,235,,18,,false,2026-07-14T06:10:45
9366,225,,17,,false,2026-07-14T06:10:45
937,285,65,17,285/65 R17,false,2026-07-14T06:10:45
9373,265,50,20,265/50 R20,false,2026-07-14T06:10:45
938,285,70,17,285/70 R17,false,2026-07-14T06:10:45
9381,285,70,17,285/70 R17,false,2026-07-14T06:10:45
9382,285,70,17,285/70 R17,false,2026-07-14T06:10:45
940,215,40,18,215/40 R18,false,2026-07-14T06:10:45
9418,185,,14,,false,2026-07-14T06:10:45
9425,265,60,18,265/60 R18,false,2026-07-14T06:10:45
9427,235,45,17,235/45 R17,false,2026-07-14T06:10:45
9441,205,50,16,205/50 R16,false,2026-07-14T06:10:45
9443,265,70,15,265/70 R15,false,2026-07-14T06:10:45
947,225,40,18,225/40 R18,false,2026-07-14T06:10:45
9483,195,80,14,195/80 R14,false,2026-07-14T06:10:45
9509,,,15,,false,2026-07-14T06:10:45
9511,215,75,15,215/75 R15,false,2026-07-14T06:10:45
9517,235,70,16,235/70 R16,false,2026-07-14T06:10:45
9519,245,70,16,245/70 R16,false,2026-07-14T06:10:45
9522,265,70,16,265/70 R16,false,2026-07-14T06:10:45
9524,235,65,17,235/65 R17,false,2026-07-14T06:10:45
9526,235,80,17,235/80 R17,false,2026-07-14T06:10:45
9528,245,70,17,245/70 R17,false,2026-07-14T06:10:45
9529,245,75,17,245/75 R17,false,2026-07-14T06:10:45
9530,265,65,17,265/65 R17,false,2026-07-14T06:10:45
9531,265,70,17,265/70 R17,false,2026-07-14T06:10:45
9533,265,60,18,265/60 R18,false,2026-07-14T06:10:45
9534,265,65,18,265/65 R18,false,2026-07-14T06:10:45
9536,275,65,18,275/65 R18,false,2026-07-14T06:10:45
9537,275,70,18,275/70 R18,false,2026-07-14T06:10:45
9538,285,65,18,285/65 R18,false,2026-07-14T06:10:45
9539,275,55,20,275/55 R20,false,2026-07-14T06:10:45
9544,265,70,17,265/70 R17,false,2026-07-14T06:10:45
9545,175,65,15,175/65 R15,false,2026-07-14T06:10:45
9546,185,60,15,185/60 R15,false,2026-07-14T06:10:45
9549,195,60,15,195/60 R15,false,2026-07-14T06:10:45
9552,195,55,16,195/55 R16,false,2026-07-14T06:10:45
9554,205,60,16,205/60 R16,false,2026-07-14T06:10:45
9556,215,60,16,215/60 R16,false,2026-07-14T06:10:45
9557,205,50,17,205/50 R17,false,2026-07-14T06:10:45
9562,215,45,17,215/45 R17,false,2026-07-14T06:10:45
9564,225,45,17,225/45 R17,false,2026-07-14T06:10:45
9566,235,55,17,235/55 R17,false,2026-07-14T06:10:45
9567,245,45,17,245/45 R17,false,2026-07-14T06:10:45
9570,235,50,18,235/50 R18,false,2026-07-14T06:10:45
9571,235,55,18,235/55 R18,false,2026-07-14T06:10:45
9573,245,40,18,245/40 R18,false,2026-07-14T06:10:45
9574,245,45,18,245/45 R18,false,2026-07-14T06:10:45
9576,255,45,18,255/45 R18,false,2026-07-14T06:10:45
9577,255,55,18,255/55 R18,false,2026-07-14T06:10:45
9580,255,50,19,255/50 R19,false,2026-07-14T06:10:45
9581,255,55,19,255/55 R19,false,2026-07-14T06:10:45
9583,275,45,20,275/45 R20,false,2026-07-14T06:10:45
9584,275,50,20,275/50 R20,false,2026-07-14T06:10:45
9585,255,40,18,255/40 R18,false,2026-07-14T06:10:45
9587,255,60,18,255/60 R18,false,2026-07-14T06:10:45
9590,185,70,14,185/70 R14,false,2026-07-14T06:10:45
9595,265,60,18,265/60 R18,false,2026-07-14T06:10:45
9598,225,50,18,225/50 R18,false,2026-07-14T06:10:45
9610,185,60,15,185/60 R15,false,2026-07-14T06:10:45
9616,185,55,16,185/55 R16,false,2026-07-14T06:10:45
962,225,45,18,225/45 R18,false,2026-07-14T06:10:45
963,225,50,18,225/50 R18,false,2026-07-14T06:10:45
964,225,55,18,225/55 R18,false,2026-07-14T06:10:45
9686,205,45,16,205/45 R16,false,2026-07-14T06:10:45
9693,205,40,17,205/40 R17,false,2026-07-14T06:10:45
9694,205,45,17,205/45 R17,false,2026-07-14T06:10:45
9695,215,45,17,215/45 R17,false,2026-07-14T06:10:45
9696,225,45,17,225/45 R17,false,2026-07-14T06:10:45
9698,225,50,17,225/50 R17,false,2026-07-14T06:10:45
9700,225,40,18,225/40 R18,false,2026-07-14T06:10:45
9702,225,45,18,225/45 R18,false,2026-07-14T06:10:45
9703,155,,12,,false,2026-07-14T06:10:45
9705,185,,14,,false,2026-07-14T06:10:45
9706,195,,14,,false,2026-07-14T06:10:45
9707,195,,15,,false,2026-07-14T06:10:45
9708,195,70,15,195/70 R15,false,2026-07-14T06:10:45
9709,205,70,15,205/70 R15,false,2026-07-14T06:10:45
9710,215,70,15,215/70 R15,false,2026-07-14T06:10:45
9711,225,70,15,225/70 R15,false,2026-07-14T06:10:45
9712,205,65,16,205/65 R16,false,2026-07-14T06:10:45
9713,235,65,16,235/65 R16,false,2026-07-14T06:10:45
9714,215,70,16,215/70 R16,false,2026-07-14T06:10:45
9715,215,60,17,215/60 R17,false,2026-07-14T06:10:45
9716,235,75,15,235/75 R15,false,2026-07-14T06:10:45
9721,215,70,16,215/70 R16,false,2026-07-14T06:10:45
9722,245,70,16,245/70 R16,false,2026-07-14T06:10:45
9723,265,70,16,265/70 R16,false,2026-07-14T06:10:45
9725,225,55,17,225/55 R17,false,2026-07-14T06:10:45
9726,225,60,17,225/60 R17,false,2026-07-14T06:10:45
9727,225,65,17,225/65 R17,false,2026-07-14T06:10:45
9728,235,65,17,235/65 R17,false,2026-07-14T06:10:45
9729,265,65,17,265/65 R17,false,2026-07-14T06:10:45
9730,265,65,17,265/65 R17,false,2026-07-14T06:10:45
9731,,70,17,,false,2026-07-14T06:10:45
9732,235,50,18,235/50 R18,false,2026-07-14T06:10:45
9733,235,55,18,235/55 R18,false,2026-07-14T06:10:45
9734,235,60,18,235/60 R18,false,2026-07-14T06:10:45
9735,265,60,18,265/60 R18,false,2026-07-14T06:10:45
9736,265,60,18,265/60 R18,false,2026-07-14T06:10:45
9738,265,50,20,265/50 R20,false,2026-07-14T06:10:45
9739,275,55,20,275/55 R20,false,2026-07-14T06:10:45
9741,275,40,20,275/40 R20,false,2026-07-14T06:10:45
9743,275,45,21,275/45 R21,false,2026-07-14T06:10:45
9744,225,45,18,225/45 R18,false,2026-07-14T06:10:45
9746,205,55,17,205/55 R17,false,2026-07-14T06:10:45
9748,225,50,17,225/50 R17,false,2026-07-14T06:10:45
9750,205,65,16,205/65 R16,false,2026-07-14T06:10:45
9751,205,50,17,205/50 R17,false,2026-07-14T06:10:45
9752,225,45,17,225/45 R17,false,2026-07-14T06:10:45
9756,255,40,19,255/40 R19,false,2026-07-14T06:10:45
9757,265,35,19,265/35 R19,false,2026-07-14T06:10:45
9758,275,35,19,275/35 R19,false,2026-07-14T06:10:45
9772,255,65,17,255/65 R17,false,2026-07-14T06:10:45
9777,225,65,17,225/65 R17,false,2026-07-14T06:10:45
9778,225,55,18,225/55 R18,false,2026-07-14T06:10:45
9780,225,60,18,225/60 R18,false,2026-07-14T06:10:45
9786,225,55,19,225/55 R19,false,2026-07-14T06:10:45
9787,235,55,19,235/55 R19,false,2026-07-14T06:10:45
9788,235,50,20,235/50 R20,false,2026-07-14T06:10:45
9789,265,65,18,265/65 R18,false,2026-07-14T06:10:45
9790,265,55,19,265/55 R19,false,2026-07-14T06:10:45
9791,265,55,20,265/55 R20,false,2026-07-14T06:10:45
9881,225,55,18,225/55 R18,false,2026-07-14T06:10:45
9887,265,60,18,265/60 R18,false,2026-07-14T06:10:45
9888,245,75,16,245/75 R16,false,2026-07-14T06:10:45
9889,265,75,16,265/75 R16,false,2026-07-14T06:10:45
9891,265,65,17,265/65 R17,false,2026-07-14T06:10:45
9892,235,75,15,235/75 R15,false,2026-07-14T06:10:45
9893,245,70,16,245/70 R16,false,2026-07-14T06:10:45
9894,265,70,16,265/70 R16,false,2026-07-14T06:10:45
9895,265,65,17,265/65 R17,false,2026-07-14T06:10:45
9896,265,60,18,265/60 R18,false,2026-07-14T06:10:45
9905,255,55,18,255/55 R18,false,2026-07-14T06:10:45
9908,225,50,17,225/50 R17,false,2026-07-14T06:10:45
991,235,55,18,235/55 R18,false,2026-07-14T06:10:45
9914,275,40,22,275/40 R22,false,2026-07-14T06:10:45
9915,165,65,14,165/65 R14,false,2026-07-14T06:10:45
9916,165,65,13,165/65 R13,false,2026-07-14T06:10:45
9917,175,70,14,175/70 R14,false,2026-07-14T06:10:45
9918,205,40,17,205/40 R17,false,2026-07-14T06:10:45
9919,205,45,17,205/45 R17,false,2026-07-14T06:10:45
9920,225,45,17,225/45 R17,false,2026-07-14T06:10:45
9925,195,60,16,195/60 R16,false,2026-07-14T06:10:45
9926,215,60,16,215/60 R16,false,2026-07-14T06:10:45
9927,215,65,16,215/65 R16,false,2026-07-14T06:10:45
9928,215,45,17,215/45 R17,false,2026-07-14T06:10:45
9929,205,50,17,205/50 R17,false,2026-07-14T06:10:45
9930,215,55,17,215/55 R17,false,2026-07-14T06:10:45
9931,225,55,17,225/55 R17,false,2026-07-14T06:10:45
9932,235,60,17,235/60 R17,false,2026-07-14T06:10:45
9933,235,65,17,235/65 R17,false,2026-07-14T06:10:45
9934,225,65,17,225/65 R17,false,2026-07-14T06:10:45
9936,225,40,18,225/40 R18,false,2026-07-14T06:10:45
9937,235,40,18,235/40 R18,false,2026-07-14T06:10:45
9938,245,40,18,245/40 R18,false,2026-07-14T06:10:45
9939,225,45,18,225/45 R18,false,2026-07-14T06:10:45
994,235,60,18,235/60 R18,false,2026-07-14T06:10:45
9940,225,55,18,225/55 R18,false,2026-07-14T06:10:45
9941,235,45,18,235/45 R18,false,2026-07-14T06:10:45
9943,235,50,18,235/50 R18,false,2026-07-14T06:10:45
9944,235,55,18,235/55 R18,false,2026-07-14T06:10:45
9946,235,60,18,235/60 R18,false,2026-07-14T06:10:45
9947,245,45,18,245/45 R18,false,2026-07-14T06:10:45
9948,235,35,19,235/35 R19,false,2026-07-14T06:10:45
9949,245,35,19,245/35 R19,false,2026-07-14T06:10:45
9950,245,40,19,245/40 R19,false,2026-07-14T06:10:45
9951,185,,14,,false,2026-07-14T06:10:45
9953,195,,15,,false,2026-07-14T06:10:45
9955,195,70,15,195/70 R15,false,2026-07-14T06:10:45
9956,205,70,15,205/70 R15,false,2026-07-14T06:10:45
9957,215,70,15,215/70 R15,false,2026-07-14T06:10:45
9958,225,70,15,225/70 R15,false,2026-07-14T06:10:45
9959,205,65,16,205/65 R16,false,2026-07-14T06:10:45
9960,215,65,16,215/65 R16,false,2026-07-14T06:10:45
9961,235,65,16,235/65 R16,false,2026-07-14T06:10:45
9962,215,70,16,215/70 R16,false,2026-07-14T06:10:45
9964,235,60,16,235/60 R16,false,2026-07-14T06:10:45
9965,265,70,16,265/70 R16,false,2026-07-14T06:10:45
9966,265,75,16,265/75 R16,false,2026-07-14T06:10:45
9969,265,70,17,265/70 R17,false,2026-07-14T06:10:45
9970,225,60,18,225/60 R18,false,2026-07-14T06:10:45
9971,265,60,18,265/60 R18,false,2026-07-14T06:10:45
9972,265,60,18,265/60 R18,false,2026-07-14T06:10:45
9973,275,65,18,275/65 R18,false,2026-07-14T06:10:45
9974,235,55,19,235/55 R19,false,2026-07-14T06:10:45
9975,265,50,20,265/50 R20,false,2026-07-14T06:10:45
9976,265,50,20,265/50 R20,false,2026-07-14T06:10:45
9977,275,55,20,275/55 R20,false,2026-07-14T06:10:45
9997,255,55,18,255/55 R18,false,2026-07-14T06:10:45
9998,255,45,20,255/45 R20,false,2026-07-14T06:10:45
9999,255,55,18,255/55 R18,false,2026-07-14T06:10:45
